Date,VVIX_Close,VVIX_Close_Lag_1,VVIX_Close_Lag_5,VVIX_Close_Lag_10,VVIX_Close_Lag_21,VVIX_Close_Pct_Change,VVIX_Close_Log_Return,VVIX_Close_Rolling_Mean_5,VVIX_Close_Rolling_Mean_21,VIX_Close,SPX_Close
2007-02-02,72.44000244140625,73.5,81.36000061035156,82.48999786376953,87.62999725341797,-0.014421735491071397,-0.014526739501118238,76.76000061035157,83.500000726609,10.079999923706055,1448.3900146484375
2007-02-05,70.29000091552734,72.44000244140625,81.68000030517578,84.43000030517578,88.19000244140625,-0.02967975501682174,-0.030129112504857492,74.48200073242188,82.64761970156715,10.550000190734863,1446.989990234375
2007-02-06,68.55000305175781,70.29000091552734,78.9000015258789,81.4800033569336,90.16999816894533,-0.024754557420771928,-0.025066103685779318,72.41200103759766,81.61809612455822,10.649999618530273,1448.0
2007-02-07,70.31999969482422,68.55000305175781,77.27999877929688,77.51000213623047,92.04000091552734,0.025820518807708748,0.025492798510070726,71.02000122070312,80.58381035214379,10.319999694824219,1450.02001953125
2007-02-08,73.18000030517578,70.31999969482422,73.5,80.44999694824219,92.76000213623048,0.04067122614851293,0.03986591472416142,70.95600128173828,79.65142931256976,10.4399995803833,1448.31005859375
2007-02-09,74.38999938964844,73.18000030517578,72.44000244140625,81.36000061035156,93.77999877929688,0.01653455970793538,0.016399352237228982,71.34600067138672,78.72809600830078,11.100000381469727,1438.06005859375
2007-02-12,79.12000274658203,74.38999938964844,70.29000091552734,81.68000030517578,85.97000122070312,0.06358386067673205,0.06164420603008969,73.11200103759765,78.4019056047712,11.609999656677246,1433.3699951171875
2007-02-13,75.72000122070312,79.12000274658203,68.55000305175781,78.9000015258789,85.18000030517578,-0.042972717490531,-0.043923379566187526,74.54600067138672,77.95142945789155,10.34000015258789,1444.260009765625
2007-02-14,74.0,75.72000122070312,70.31999969482422,77.27999877929688,85.30000305175781,-0.022715282527397074,-0.02297724925822959,75.28200073242188,77.41333407447452,10.229999542236328,1455.300048828125
2007-02-15,70.33999633789062,74.0,73.18000030517578,73.5,84.93000030517578,-0.049459508947424013,-0.050724518221305664,74.71399993896485,76.71857198079427,10.220000267028809,1456.81005859375
2007-02-16,70.73999786376953,70.33999633789062,74.38999938964844,72.44000244140625,83.66000366210938,0.005686686760081994,0.005670578596131334,73.98399963378907,76.10333360944476,10.020000457763672,1455.5400390625
2007-02-20,65.87000274658203,70.73999786376953,79.12000274658203,70.29000091552734,82.48999786376953,-0.06884358586730654,-0.0713280092293851,71.33399963378906,75.31190527053107,10.239999771118164,1459.6800537109375
2007-02-21,67.37000274658203,65.87000274658203,75.72000122070312,68.55000305175781,84.43000030517578,0.022772125967124524,0.022516711391578785,69.66399993896485,74.49952443440755,10.199999809265137,1457.6300048828125
2007-02-22,66.05000305175781,67.37000274658203,74.0,70.31999969482422,81.4800033569336,-0.019593285453609166,-0.019787778569103957,68.07400054931641,73.76476251511346,10.180000305175781,1456.3800048828125
2007-02-23,70.70999908447266,66.05000305175781,70.33999633789062,73.18000030517578,77.51000213623047,0.07055254833316504,0.06817491549642814,68.14800109863282,73.44095284598214,10.579999923706055,1451.18994140625
2007-02-26,70.33000183105469,70.70999908447266,70.73999786376953,74.38999938964844,80.44999694824219,-0.005374024301202596,-0.0053885163133999825,68.06600189208984,72.95904831659226,11.149999618530273,1449.3699951171875
2007-02-27,110.41999816894533,70.33000183105469,65.87000274658203,79.12000274658203,81.36000061035156,0.5700269485872334,0.451092783918149,76.97600097656252,74.34285772414435,18.309999465942383,1399.0400390625
2007-02-28,91.63999938964844,110.41999816894533,67.37000274658203,75.72000122070312,81.68000030517578,-0.1700778762064733,-0.18642340934828586,81.83000030517579,74.81714339483352,15.420000076293945,1406.8199462890625
2007-03-01,99.47000122070312,91.63999938964844,66.05000305175781,74.0,78.9000015258789,0.08544305852471612,0.08198825251141915,88.51399993896484,75.79666718982514,15.819999694824219,1403.1700439453125
2007-03-02,104.16999816894533,99.47000122070312,70.70999908447266,70.33999633789062,77.27999877929688,0.04725039600445857,0.04616805898239913,95.20599975585938,77.07714335123698,18.610000610351562,1387.1700439453125
2007-03-05,101.1999969482422,104.16999816894533,70.33000183105469,70.73999786376953,73.5,-0.028511099864725997,-0.028925435721139633,101.37999877929687,78.3961908249628,19.6299991607666,1374.1199951171875
2007-03-06,93.6500015258789,101.1999969482422,110.41999816894533,65.87000274658203,72.44000244140625,-0.07460470009919729,-0.07753428151413648,98.0259994506836,79.40619078136626,15.960000038146973,1395.4100341796875
2007-03-07,94.41000366210938,93.6500015258789,91.63999938964844,67.37000274658203,70.29000091552734,0.008115345689775122,0.008082593350328265,98.58000030517579,80.55476234072731,15.239999771118164,1391.969970703125
2007-03-08,93.97000122070312,94.41000366210938,99.47000122070312,66.05000305175781,68.55000305175781,-0.004660548928490771,-0.004671443148524102,97.48000030517578,81.76523844401042,14.289999961853027,1401.8900146484375
2007-03-09,91.81999969482422,93.97000122070312,104.16999816894533,70.70999908447266,70.31999969482422,-0.022879658379798218,-0.0231454598878777,95.01000061035157,82.78904796781994,14.09000015258789,1402.8399658203125
2007-03-12,90.0199966430664,91.81999969482422,101.1999969482422,70.33000183105469,73.18000030517578,-0.019603605507954258,-0.019798304923634522,92.77400054931641,83.59095255533855,13.989999771118164,1406.5999755859375
2007-03-13,94.52999877929688,90.0199966430664,93.6500015258789,110.41999816894533,74.38999938964844,0.05010000338161347,0.048885400950088184,92.95,84.5500001453218,18.1299991607666,1377.949951171875
2007-03-14,98.08000183105467,94.52999877929688,94.41000366210938,91.63999938964844,79.12000274658203,0.03755424836137089,0.03686625933299355,93.68399963378906,85.4528572445824,17.270000457763672,1387.1700439453125
2007-03-15,99.5500030517578,98.08000183105467,93.97000122070312,99.47000122070312,75.72000122070312,0.014987777255910384,0.014876570308840275,94.8,86.58761923653739,16.43000030517578,1392.280029296875
2007-03-16,102.73999786376952,99.5500030517578,91.81999969482422,104.16999816894533,74.0,0.03204414579829984,0.03154144308080099,96.98399963378907,87.95619056338356,16.790000915527344,1386.949951171875
2007-03-19,93.9000015258789,102.73999786376952,90.0199966430664,101.1999969482422,70.33999633789062,-0.08604240336477531,-0.08997110178227496,97.76000061035157,89.07809557233539,14.59000015258789,1402.06005859375
2007-03-20,89.55000305175781,93.9000015258789,94.52999877929688,93.6500015258789,70.73999786376953,-0.04632586159141039,-0.04743323987872424,96.76400146484374,89.97381010509673,13.270000457763672,1410.93994140625
2007-03-21,94.12999725341795,89.55000305175781,98.08000183105467,94.41000366210938,65.87000274658203,0.05114454545593938,0.04987961379498944,95.9740005493164,91.31952412923177,12.1899995803833,1435.0400390625
2007-03-22,95.5199966430664,94.12999725341795,99.5500030517578,93.97000122070312,67.37000274658203,0.014766805802684635,0.014658838119990386,95.16799926757811,92.66000002906436,12.930000305175781,1434.5400390625
2007-03-23,96.37000274658205,95.5199966430664,102.73999786376952,91.81999969482422,66.05000305175781,0.008898724177010653,0.008859363863065791,93.89400024414063,94.10380953834171,12.949999809265137,1436.1099853515625
2007-03-26,95.9499969482422,96.37000274658205,93.9000015258789,90.0199966430664,70.70999908447266,-0.004358262803460855,-0.004367787715580905,94.30399932861329,95.3057141985212,13.15999984741211,1437.5
2007-03-27,101.0,95.9499969482422,89.55000305175781,94.52999877929688,70.33000183105469,0.05263161242706338,0.051293326193260234,96.59399871826172,96.76619030180431,13.479999542236328,1428.6099853515625
2007-03-28,104.79000091552734,101.0,94.12999725341795,98.08000183105467,110.41999816894533,0.03752476153987461,0.036837839382372325,98.7259994506836,96.4980951944987,14.979999542236328,1417.22998046875
2007-03-29,102.30999755859376,104.79000091552734,95.5199966430664,99.5500030517578,91.63999938964844,-0.023666412207904663,-0.023950960195614483,100.08399963378908,97.00619034540085,15.140000343322754,1422.530029296875
2007-03-30,99.77999877929688,102.30999755859376,96.37000274658205,102.73999786376952,99.47000122070312,-0.02472875417525,-0.02503964582907208,100.76599884033203,97.02095213390533,14.640000343322754,1420.8599853515625
2007-04-02,98.91999816894533,99.77999877929688,95.9499969482422,93.9000015258789,104.16999816894533,-0.008618967938191502,-0.008656326056189703,101.35999908447266,96.77095213390533,14.529999732971191,1424.550048828125
2007-04-03,94.9800033569336,98.91999816894533,101.0,89.55000305175781,101.1999969482422,-0.03983011408150883,-0.04064504567819662,100.15599975585937,96.47476196289062,13.460000038146973,1437.77001953125
2007-04-04,96.12000274658205,94.9800033569336,104.79000091552734,94.12999725341795,93.6500015258789,0.012002519997439398,0.011931060978220304,98.42200012207032,96.59238106863839,13.239999771118164,1439.3699951171875
2007-04-05,93.5999984741211,96.12000274658205,102.30999755859376,95.5199966430664,94.41000366210938,-0.02621727216451375,-0.02656707226135808,96.68000030517578,96.5538093930199,13.229999542236328,1443.760009765625
2007-04-09,92.3000030517578,93.5999984741211,99.77999877929688,96.37000274658205,93.97000122070312,-0.013888840208931441,-0.013986192609150457,95.18400115966797,96.47428567068917,13.140000343322754,1444.6099853515625
2007-04-10,87.37000274658203,92.3000030517578,98.91999816894533,95.9499969482422,91.81999969482422,-0.053412785939034424,-0.05489216882605375,92.8740020751953,96.26238105410621,12.680000305175781,1448.3900146484375
2007-04-11,93.47000122070312,87.37000274658203,94.9800033569336,101.0,90.0199966430664,0.06981799567769542,0.06748853650811387,92.57200164794922,96.42666698637463,13.489999771118164,1438.8699951171875
2007-04-12,91.37999725341795,93.47000122070312,96.12000274658205,104.79000091552734,94.52999877929688,-0.02236015769755062,-0.02261393617591445,91.6240005493164,96.27666691371373,12.710000038146973,1447.800048828125
2007-04-13,88.70999908447266,91.37999725341795,93.5999984741211,102.30999755859376,98.08000183105467,-0.029218628246844625,-0.029653993866373327,90.64600067138672,95.83047630673363,12.199999809265137,1452.8499755859375
2007-04-16,83.9800033569336,88.70999908447266,92.3000030517578,99.77999877929688,99.5500030517578,-0.05331975849796822,-0.05479389698298401,88.98200073242188,95.08904774983723,11.979999542236328,1468.3299560546875
2007-04-17,83.68000030517578,83.9800033569336,87.37000274658203,98.91999816894533,102.73999786376952,-0.0035723153103809357,-0.003578711265508135,88.24400024414062,94.18142881847564,12.140000343322754,1471.47998046875
2007-04-18,80.58999633789062,83.68000030517578,93.47000122070312,94.9800033569336,93.9000015258789,-0.03692643350879665,-0.03762547706837002,85.66799926757812,93.54761904761905,12.420000076293945,1472.5
2007-04-19,77.91000366210938,80.58999633789062,91.37999725341795,96.12000274658205,89.55000305175781,-0.03325465687508922,-0.0338201655480592,82.9740005493164,92.99333336239769,12.539999961853027,1470.72998046875
2007-04-20,79.18000030517578,77.91000366210938,88.70999908447266,93.5999984741211,94.12999725341795,0.01630081611309242,0.01616938418506569,81.06800079345703,92.28142874581474,12.069999694824219,1484.3499755859375
2007-04-23,79.33000183105469,79.18000030517578,83.9800033569336,92.3000030517578,95.5199966430664,0.0018944370459810234,0.0018926448632150775,80.13800048828125,91.51047661190941,13.039999961853027,1480.9300537109375
2007-04-24,77.83000183105469,79.33000183105469,83.68000030517578,87.37000274658203,96.37000274658205,-0.018908357057579317,-0.019089405897770452,78.96800079345704,90.62761942545573,13.119999885559082,1480.4100341796875
2007-04-25,80.79000091552734,77.83000183105469,80.58999633789062,93.47000122070312,95.9499969482422,0.03803159469143935,0.03732622232617163,79.00800170898438,89.9057148524693,13.210000038146973,1495.4200439453125
2007-04-26,81.66999816894531,80.79000091552734,77.91000366210938,91.37999725341795,101.0,0.010892403062825462,0.01083350812621766,79.76000061035157,88.98523857480004,12.789999961853027,1494.25
2007-04-27,80.66000366210938,81.66999816894531,79.18000030517578,88.70999908447266,104.79000091552734,-0.012366775186484325,-0.01244388010299794,80.05600128173828,87.83619108654204,12.449999809265137,1494.0699462890625
2007-04-30,85.33000183105469,80.66000366210938,79.33000183105469,83.9800033569336,102.30999755859376,0.0578973215586287,0.05628327915998023,81.25600128173828,87.02761986142113,14.220000267028809,1482.3699951171875
2007-05-01,81.27999877929688,85.33000183105469,77.83000183105469,83.68000030517578,99.77999877929688,-0.04746282626099596,-0.04862614519532514,81.94600067138671,86.14666748046875,13.510000228881836,1486.300048828125
2007-05-02,82.58999633789062,81.27999877929688,80.79000091552734,80.58999633789062,98.91999816894533,0.016117096189320224,0.015988594670113546,82.30599975585938,85.36904834565662,13.079999923706055,1495.9200439453125
2007-05-03,78.80999755859375,82.58999633789062,81.66999816894531,77.91000366210938,94.9800033569336,-0.04576824006423508,-0.04684870209461576,81.73399963378907,84.5990480695452,13.09000015258789,1502.3900146484375
2007-05-04,77.0999984741211,78.80999755859375,80.66000366210938,79.18000030517578,96.12000274658205,-0.02169774314738815,-0.02193660060879922,81.02199859619141,83.6933335803804,12.90999984741211,1505.6199951171875
2007-05-07,78.51000213623047,77.0999984741211,85.33000183105469,79.33000183105469,93.5999984741211,0.01828798560330247,0.018122771641447613,79.65799865722656,82.97476232619513,13.149999618530273,1509.47998046875
2007-05-08,79.9000015258789,78.51000213623047,81.27999877929688,77.83000183105469,92.3000030517578,0.01770474273120648,0.01754983944976215,79.38199920654297,82.38428606305804,13.210000038146973,1507.719970703125
2007-05-09,85.88999938964844,79.9000015258789,82.58999633789062,80.79000091552734,87.37000274658203,0.07496868272060575,0.072291528802346,80.04199981689453,82.31380971272786,12.880000114440918,1512.5799560546875
2007-05-10,83.58000183105469,85.88999938964844,78.80999755859375,81.66999816894531,93.47000122070312,-0.02689483729199038,-0.027263121744354576,80.99600067138672,81.84285736083984,13.600000381469727,1491.469970703125
2007-05-11,79.47000122070312,83.58000183105469,77.0999984741211,80.66000366210938,91.37999725341795,-0.049174449872104065,-0.05042467161493762,81.47000122070312,81.27571469261532,12.949999809265137,1505.8499755859375
2007-05-14,82.0199966430664,79.47000122070312,78.51000213623047,85.33000183105469,88.70999908447266,0.03208752212399579,0.03158347172303969,82.17200012207032,80.95714314778645,13.960000038146973,1503.1500244140625
2007-05-15,76.68000030517578,82.0199966430664,79.9000015258789,81.27999877929688,83.9800033569336,-0.06510602970552604,-0.06732215687837506,81.52799987792969,80.60952395484561,14.010000228881836,1501.18994140625
2007-05-16,70.26000213623047,76.68000030517578,85.88999938964844,82.58999633789062,83.68000030517578,-0.08372454542768137,-0.08743824491497815,78.4020004272461,79.97047642299107,13.5,1514.1400146484375
2007-05-17,72.94000244140625,70.26000213623047,83.58000183105469,78.80999755859375,80.58999633789062,0.03814403961985935,0.03743454160963846,76.27400054931641,79.60619099934895,13.510000228881836,1512.75
2007-05-18,75.43000030517578,72.94000244140625,79.47000122070312,77.0999984741211,77.91000366210938,0.03413761695127149,0.03356785905938834,75.46600036621093,79.48809560139973,12.760000228881836,1522.75
2007-05-21,71.81999969482422,75.43000030517578,82.0199966430664,78.51000213623047,79.18000030517578,-0.047858949963491604,-0.04904209336259262,73.4260009765625,79.1376193818592,13.300000190734863,1525.0999755859375
2007-05-22,72.36000061035156,71.81999969482422,76.68000030517578,79.9000015258789,79.33000183105469,0.007518809771956292,0.007490684413263395,72.56200103759765,78.80571456182571,13.0600004196167,1524.1199951171875
2007-05-23,71.44000244140625,72.36000061035156,70.26000213623047,85.88999938964844,77.83000183105469,-0.012714181332023067,-0.012795698219562043,72.79800109863281,78.50142887660435,13.239999771118164,1522.280029296875
2007-05-24,74.36000061035156,71.44000244140625,72.94000244140625,83.58000183105469,80.79000091552734,0.04087343321887826,0.040060200318843636,73.08200073242188,78.1952383858817,14.079999923706055,1507.510009765625
2007-05-25,72.41999816894531,74.36000061035156,75.43000030517578,79.47000122070312,81.66999816894531,-0.026089327938173534,-0.026435692007637453,72.48000030517578,77.7547621954055,13.34000015258789,1515.72998046875
2007-05-29,72.4800033569336,72.41999816894531,71.81999969482422,82.0199966430664,80.66000366210938,0.0008285720727070345,0.0008282289963631051,72.61200103759765,77.36523837134952,13.529999732971191,1518.1099853515625
2007-05-30,71.61000061035156,72.4800033569336,72.36000061035156,76.68000030517578,85.33000183105469,-0.012003348596683061,-0.012075970507910653,72.46200103759766,76.71190497988746,12.829999923706055,1530.22998046875
2007-05-31,72.19999694824219,71.61000061035156,71.44000244140625,70.26000213623047,81.27999877929688,0.00823902154534184,0.008205266088544815,72.61399993896484,76.27952394031342,13.050000190734863,1530.6199951171875
2007-06-01,70.19000244140625,72.19999694824219,74.36000061035156,72.94000244140625,82.58999633789062,-0.027839260274163724,-0.028234118105514818,71.78000030517578,75.68904804048084,12.779999732971191,1536.3399658203125
2007-06-04,70.73999786376953,70.19000244140625,72.41999816894531,75.43000030517578,78.80999755859375,0.007835808565791247,0.007805268053844399,71.44400024414062,75.30476234072731,13.289999961853027,1539.1800537109375
2007-06-05,69.23999786376953,70.73999786376953,72.4800033569336,71.81999969482422,77.0999984741211,-0.021204411157725644,-0.021432454123536226,70.7959991455078,74.93047659737724,13.630000114440918,1530.949951171875
2007-06-06,72.05999755859375,69.23999786376953,71.61000061035156,72.36000061035156,78.51000213623047,0.04072789979532643,0.03992037198430061,70.88599853515625,74.62333352225167,14.869999885559082,1517.3800048828125
2007-06-07,75.83000183105469,72.05999755859375,72.19999694824219,71.44000244140625,79.9000015258789,0.052317574246314,0.050994945419921375,71.61199951171875,74.42952401297433,17.059999465942383,1490.719970703125
2007-06-08,70.69000244140625,75.83000183105469,70.19000244140625,74.36000061035156,85.88999938964844,-0.06778318957581053,-0.07018986214002132,71.71199951171874,73.70571463448661,14.84000015258789,1507.6700439453125
2007-06-11,68.7300033569336,70.69000244140625,70.73999786376953,72.41999816894531,83.58000183105469,-0.02772668010723678,-0.02811832074381377,71.31000061035157,72.99857185000465,14.710000038146973,1509.1199951171875
2007-06-12,69.4800033569336,68.7300033569336,69.23999786376953,72.4800033569336,79.47000122070312,0.010912264853313758,0.010853155712163148,71.35800170898438,72.52285766601562,16.670000076293945,1493.0
2007-06-13,68.80999755859375,69.4800033569336,72.05999755859375,71.61000061035156,82.0199966430664,-0.009643145739327008,-0.00968994195402045,70.70800170898437,71.89381009056454,14.729999542236328,1515.6700439453125
2007-06-14,63.52000045776367,68.80999755859375,75.83000183105469,72.19999694824219,76.68000030517578,-0.07687832129808592,-0.07999422358850175,68.24600143432617,71.26714343116397,13.640000343322754,1522.969970703125
2007-06-15,64.02999877929688,63.52000045776367,70.69000244140625,70.19000244140625,70.26000213623047,0.008028940772321302,0.007996880320673685,66.9140007019043,70.97047660464332,13.9399995803833,1532.9100341796875
2007-06-18,66.76000213623047,64.02999877929688,68.7300033569336,70.73999786376953,72.94000244140625,0.04263631749148655,0.04175242632613197,66.52000045776367,70.67619087582543,13.420000076293945,1531.050048828125
2007-06-19,67.23999786376953,66.76000213623047,69.4800033569336,69.23999786376953,75.43000030517578,0.0071898698648869,0.007164145977888692,66.07199935913086,70.28619075956799,12.850000381469727,1533.699951171875
2007-06-20,76.80000305175781,67.23999786376953,68.80999755859375,72.05999755859375,71.81999969482422,0.1421773571045788,0.13293640311987415,67.67000045776368,70.52333377656483,14.670000076293945,1512.8399658203125
2007-06-21,74.76000213623047,76.80000305175781,63.52000045776367,75.83000183105469,72.36000061035156,-0.0265625108654296,-0.026921668728182507,69.91800079345703,70.63761956351144,14.210000038146973,1522.18994140625
2007-06-22,78.3499984741211,74.76000213623047,64.02999877929688,70.69000244140625,71.44000244140625,0.04802028137116432,0.046902938164995175,72.78200073242188,70.96666699364071,15.75,1502.56005859375
2007-06-25,78.06999969482422,78.3499984741211,66.76000213623047,68.7300033569336,74.36000061035156,-0.0035736922112303837,-0.0035800931036705343,75.04400024414062,71.14333361671085,16.649999618530273,1497.739990234375
2007-06-26,82.01000213623047,78.06999969482422,67.23999786376953,69.4800033569336,72.41999816894531,0.05046756060980817,0.04923536087353628,77.99800109863281,71.60000047229585,18.889999389648438,1492.8900146484375
2007-06-27,78.4800033569336,82.01000213623047,76.80000305175781,68.80999755859375,72.4800033569336,-0.04304351527064998,-0.043997359065244,78.33400115966796,71.88571475801014,15.529999732971191,1506.3399658203125
2007-06-28,76.04000091552734,78.4800033569336,74.76000213623047,63.52000045776367,71.61000061035156,-0.03109075353002877,-0.03158432837118609,78.59000091552734,72.09666715349469,15.539999961853027,1505.7099609375
2007-06-29,76.94000244140625,76.04000091552734,78.3499984741211,64.02999877929688,72.19999694824219,0.011835895779100714,0.011766399395145026,78.30800170898438,72.32238170078823,16.229999542236328,1503.3499755859375
2007-07-02,75.55999755859375,76.94000244140625,78.06999969482422,66.76000213623047,70.19000244140625,-0.01793611696156938,-0.018098918732969736,77.80600128173828,72.57809575398763,15.399999618530273,1519.4300537109375
2007-07-03,74.62999725341797,75.55999755859375,82.01000213623047,67.23999786376953,70.73999786376953,-0.012308103960096073,-0.012384475981837208,76.33000030517579,72.76333382016136,14.920000076293945,1524.8699951171875
2007-07-05,75.86000061035156,74.62999725341797,78.4800033569336,76.80000305175781,69.23999786376953,0.016481353372651553,0.016347009965873755,75.80599975585938,73.07857204618908,15.479999542236328,1525.4000244140625
2007-07-06,74.8499984741211,75.86000061035156,76.04000091552734,74.76000213623047,72.05999755859375,-0.013314027525761052,-0.013403453826702204,75.56799926757813,73.21142923264276,14.720000267028809,1530.43994140625
2007-07-09,73.05000305175781,74.8499984741211,76.94000244140625,78.3499984741211,75.83000183105469,-0.024048035525152556,-0.024341910506818127,74.78999938964844,73.07904833839054,15.15999984741211,1531.8499755859375
2007-07-10,79.98999786376953,73.05000305175781,75.55999755859375,78.06999969482422,70.69000244140625,0.09500334732490767,0.09075742018151568,75.67599945068359,73.52190526326497,17.56999969482422,1510.1199951171875
2007-07-11,81.55000305175781,79.98999786376953,74.62999725341797,82.01000213623047,68.7300033569336,0.019502503183524533,0.019314766334434116,77.06000061035157,74.13238143920898,16.639999389648438,1518.760009765625
2007-07-12,76.5999984741211,81.55000305175781,75.86000061035156,78.4800033569336,69.4800033569336,-0.06069901155607649,-0.06261930966248984,77.20800018310547,74.47142882574173,15.539999961853027,1547.699951171875
2007-07-13,76.6500015258789,76.5999984741211,74.8499984741211,76.04000091552734,68.80999755859375,0.0006527813675440974,0.0006525683984636495,77.56800079345703,74.8447623479934,15.149999618530273,1552.5
2007-07-16,72.55999755859375,76.6500015258789,73.05000305175781,76.94000244140625,63.52000045776367,-0.05335947665838303,-0.05483585306476175,77.46999969482422,75.27523840041388,15.59000015258789,1549.52001953125
2007-07-17,72.41000366210938,72.55999755859375,79.98999786376953,75.55999755859375,64.02999877929688,-0.002067170638522353,-0.0020693101847933802,75.9540008544922,75.67428625197638,15.630000114440918,1549.3699951171875
2007-07-18,73.56999969482422,72.41000366210938,81.55000305175781,74.62999725341797,66.76000213623047,0.016019831156587117,0.01589286782070836,74.35800018310547,75.99857185000465,16.0,1546.1700439453125
2007-07-19,72.0199966430664,73.56999969482422,76.5999984741211,75.86000061035156,67.23999786376953,-0.02106841182801933,-0.02129351818647425,73.44199981689454,76.22619083949498,15.229999542236328,1553.0799560546875
2007-07-20,73.76000213623047,72.0199966430664,76.6500015258789,74.8499984741211,76.80000305175781,0.024160032966782596,0.023872796600649775,72.86399993896484,76.08142889113654,16.950000762939453,1534.0999755859375
2007-07-23,74.55999755859375,73.76000213623047,72.55999755859375,73.05000305175781,74.76000213623047,0.010845924609461655,0.010787529422904944,73.26399993896484,76.07190486363002,16.809999465942383,1541.5699462890625
2007-07-24,79.31999969482422,74.55999755859375,72.41000366210938,79.98999786376953,78.3499984741211,0.06384123245832685,0.06188616217104234,74.64599914550782,76.11809539794922,18.549999237060547,1511.0400390625
2007-07-25,75.30999755859375,79.31999969482422,73.56999969482422,81.55000305175781,78.06999969482422,-0.05055474220446987,-0.05187740410902378,74.99399871826172,75.98666672479538,18.100000381469727,1518.0899658203125
2007-07-26,87.37999725341797,75.30999755859375,72.0199966430664,76.5999984741211,82.01000213623047,0.16027088150458835,0.14865349639550152,78.06599884033203,76.2423807779948,20.739999771118164,1482.6600341796875
2007-07-27,97.2300033569336,87.37999725341797,73.76000213623047,76.6500015258789,78.4800033569336,0.11272609765537989,0.10681294825659002,82.75999908447265,77.13523792085194,24.170000076293945,1458.949951171875
2007-07-30,97.4499969482422,97.2300033569336,74.55999755859375,72.55999755859375,76.04000091552734,0.002262610137953036,0.0022600542901668906,87.33799896240234,78.1547615414574,20.8700008392334,1473.9100341796875
2007-07-31,104.08000183105467,97.4499969482422,79.31999969482422,72.41000366210938,76.94000244140625,0.06803494192343384,0.06582045715958186,92.28999938964844,79.44714246477399,23.520000457763672,1455.27001953125
2007-08-01,108.86000061035156,104.08000183105467,75.30999755859375,73.56999969482422,75.55999755859375,0.0459261980707486,0.04490280681579924,99.0,81.03285689581008,23.670000076293945,1465.81005859375
2007-08-02,100.8000030517578,108.86000061035156,87.37999725341797,72.0199966430664,74.62999725341797,-0.0740400286000672,-0.07692427270016812,101.68400115966797,82.27904764811198,21.219999313354492,1472.199951171875
2007-08-03,104.0500030517578,100.8000030517578,97.2300033569336,73.76000213623047,75.86000061035156,0.03224206251592299,0.03173319625672442,103.04800109863281,83.62142871675037,25.15999984741211,1433.06005859375
2007-08-06,95.22000122070312,104.0500030517578,97.4499969482422,74.55999755859375,74.8499984741211,-0.08486306172102986,-0.0886815655831759,102.602001953125,84.59142884753999,22.940000534057617,1467.6700439453125
2007-08-07,85.95999908447266,95.22000122070312,104.08000183105467,79.31999969482422,73.05000305175781,-0.09724849839864447,-0.10230795546250215,98.97800140380859,85.20619056338356,21.559999465942383,1476.7099609375
2007-08-08,82.5199966430664,85.95999908447266,108.86000061035156,75.30999755859375,79.98999786376953,-0.040018642136393834,-0.040841413600881164,93.71000061035156,85.32666669573102,21.450000762939453,1497.489990234375
2007-08-09,99.87000274658205,82.5199966430664,100.8000030517578,87.37999725341797,81.55000305175781,0.21025214262382597,0.19082872023380743,93.52400054931641,86.1990476335798,26.479999542236328,1453.0899658203125
2007-08-10,108.91000366210938,99.87000274658205,104.0500030517578,97.2300033569336,76.5999984741211,0.09051767965267943,0.08665251895607666,94.49600067138672,87.7376193091983,28.299999237060547,1453.6400146484375
2007-08-13,108.56999969482422,108.91000366210938,95.22000122070312,97.4499969482422,76.6500015258789,-0.0031218800463914675,-0.003126763279797899,97.16600036621094,89.2576192220052,26.56999969482422,1452.9200439453125
2007-08-14,114.95999908447266,108.56999969482422,85.95999908447266,104.08000183105467,72.55999755859375,0.058856032123145274,0.05718911037399795,102.96600036621093,91.27666691371373,27.68000030517578,1426.5400390625
2007-08-15,121.66999816894533,114.95999908447266,82.5199966430664,108.86000061035156,72.41000366210938,0.05836812054549645,0.05672821294311332,110.79600067138672,93.62238093784877,30.670000076293945,1406.699951171875
2007-08-16,142.99000549316406,121.66999816894533,99.87000274658205,100.8000030517578,73.56999969482422,0.17522813877760357,0.16146228941117075,119.42000122070313,96.92809549967448,30.829999923706055,1411.27001953125
2007-08-17,133.8699951171875,142.99000549316406,108.91000366210938,104.0500030517578,72.0199966430664,-0.0637807540780363,-0.06590559283765532,124.41199951171875,99.87333352225167,29.989999771118164,1445.93994140625
2007-08-20,125.04000091552734,133.8699951171875,108.56999969482422,95.22000122070312,73.76000213623047,-0.06595947205294606,-0.06823544988842402,127.70599975585938,102.31523822602772,26.329999923706055,1445.550048828125
2007-08-21,122.5999984741211,125.04000091552734,114.95999908447266,85.95999908447266,74.55999755859375,-0.019513774980333132,-0.01970668237898028,129.23399963378907,104.6028573172433,25.25,1447.1199951171875
2007-08-22,117.47000122070312,122.5999984741211,121.66999816894533,82.5199966430664,79.31999969482422,-0.041843371266442775,-0.04274401882870609,128.3940002441406,106.41952405657086,22.889999389648438,1464.0699462890625
2007-08-23,117.41999816894533,117.47000122070312,142.99000549316406,99.87000274658205,75.30999755859375,-0.0004256665637029089,-0.0004257571854319753,123.27999877929688,108.42476218087333,22.6200008392334,1462.5
2007-08-24,111.9499969482422,117.41999816894533,133.8699951171875,108.91000366210938,87.37999725341797,-0.04658491999661607,-0.04770491925722214,118.89599914550782,109.59476216634114,20.719999313354492,1479.3699951171875
2007-08-27,115.23999786376952,111.9499969482422,125.04000091552734,108.56999969482422,97.2300033569336,0.029388128675415404,0.028964575894340282,116.93599853515624,110.45238095238095,22.719999313354492,1466.7900390625
2007-08-28,119.79000091552734,115.23999786376952,122.5999984741211,114.95999908447266,97.4499969482422,0.03948284567947136,0.03872332570691223,116.3739990234375,111.51619066510882,26.299999237060547,1432.3599853515625
2007-08-29,113.22000122070312,119.79000091552734,117.47000122070312,121.66999816894533,104.08000183105467,-0.05484597749905018,-0.05640737799580354,115.5239990234375,111.95142873128255,23.809999465942383,1463.760009765625
2007-08-30,112.66000366210938,113.22000122070312,117.41999816894533,142.99000549316406,108.86000061035156,-0.0049461009764708574,-0.004958373417785254,114.5720001220703,112.13238125755673,25.059999465942383,1457.6400146484375
2007-08-31,109.2699966430664,112.66000366210938,111.9499969482422,133.8699951171875,100.8000030517578,-0.030090599226414882,-0.0305526131112235,114.03600006103515,112.53571428571429,23.3799991607666,1473.989990234375
2007-09-04,104.87000274658205,109.2699966430664,115.23999786376952,125.04000091552734,104.0500030517578,-0.04026717334729191,-0.04110033882453283,111.96200103759766,112.57476189022972,22.780000686645508,1489.4200439453125
2007-09-05,107.91000366210938,104.87000274658205,119.79000091552734,122.5999984741211,95.22000122070312,0.028988279163808972,0.028576066275678644,109.58600158691407,113.17904772077289,24.579999923706055,1472.2900390625
2007-09-06,106.5999984741211,107.91000366210938,113.22000122070312,117.47000122070312,85.95999908447266,-0.012139793749708305,-0.012214082894659325,108.26200103759766,114.16190483456566,23.989999771118164,1478.550048828125
2007-09-07,108.22000122070312,106.5999984741211,112.66000366210938,117.41999816894533,82.5199966430664,0.015197024106668344,0.015082706076735359,107.3740005493164,115.38571457635788,26.229999542236328,1453.550048828125
2007-09-10,107.06999969482422,108.22000122070312,109.2699966430664,111.9499969482422,99.87000274658205,-0.010626515550795412,-0.010683380174485163,106.93400115966797,115.72857157389323,27.3799991607666,1451.699951171875
2007-09-11,103.75,107.06999969482422,104.87000274658205,115.23999786376952,108.91000366210938,-0.031007749176118704,-0.0314986642091255,106.71000061035156,115.48285711379279,25.270000457763672,1471.489990234375
2007-09-12,106.9499969482422,103.75,107.91000366210938,119.79000091552734,108.56999969482422,0.03084334407944289,0.030377247883171764,106.51799926757812,115.4057141258603,24.959999084472656,1471.56005859375
2007-09-13,104.62999725341795,106.9499969482422,106.5999984741211,113.22000122070312,114.95999908447266,-0.021692377382179773,-0.021931115851449592,106.1239990234375,114.91380927676246,24.760000228881836,1483.949951171875
2007-09-14,104.38999938964844,104.62999725341795,108.22000122070312,112.66000366210938,121.66999816894533,-0.0022937768333132214,-0.0022964115691621904,105.35799865722656,114.09095219203404,24.920000076293945,1484.25
2007-09-17,102.22000122070312,104.38999938964844,107.06999969482422,109.2699966430664,142.99000549316406,-0.020787414327358422,-0.021006514291313623,104.38799896240235,112.14952341715495,26.479999542236328,1476.6500244140625
2007-09-18,92.33000183105467,102.22000122070312,103.75,104.87000274658205,133.8699951171875,-0.09675209618022762,-0.10175822966588474,102.10399932861328,110.17142849876767,20.350000381469727,1519.780029296875
2007-09-19,97.6999969482422,92.33000183105467,106.9499969482422,107.91000366210938,125.04000091552734,0.0581608904006472,0.0565323921965611,100.25399932861328,108.86952354794457,20.030000686645508,1529.030029296875
2007-09-20,97.37999725341795,97.6999969482422,104.62999725341795,106.5999984741211,122.5999984741211,-0.003275329629680246,-0.0032807052629618416,98.80399932861327,107.66857110886346,20.450000762939453,1518.75
2007-09-21,98.13999938964844,97.37999725341795,104.38999938964844,108.22000122070312,117.47000122070312,0.007804499462581438,0.0077742018927961,97.55399932861329,106.7480948311942,19.0,1525.75
2007-09-24,94.2699966430664,98.13999938964844,102.22000122070312,107.06999969482422,117.41999816894533,-0.03943349063226331,-0.040232054644282464,95.96399841308593,105.64571380615234,19.3700008392334,1517.72998046875
2007-09-25,94.33000183105467,94.2699966430664,92.33000183105467,103.75,111.9499969482422,0.0006365247706061616,0.0006363222746389403,96.36399841308594,104.8066664196196,18.600000381469727,1517.2099609375
2007-09-26,89.48999786376953,94.33000183105467,97.6999969482422,106.9499969482422,115.23999786376952,-0.0513092746033611,-0.05267242874931856,94.72199859619141,103.58047594342914,17.6299991607666,1525.4200439453125
2007-09-27,87.56999969482422,89.48999786376953,97.37999725341795,104.62999725341795,119.79000091552734,-0.021454891214413907,-0.021688393274404676,92.75999908447265,102.0461901710147,17.0,1531.3800048828125
2007-09-28,87.12999725341797,87.56999969482422,98.13999938964844,104.38999938964844,113.22000122070312,-0.005024579684134167,-0.005037245328808197,90.55799865722656,100.8038090297154,18.0,1526.75
2007-10-01,84.4800033569336,87.12999725341797,94.2699966430664,102.22000122070312,112.66000366210938,-0.030414254332831625,-0.030886365026009194,88.6,99.46190425327846,17.84000015258789,1547.0400390625
2007-10-02,88.73999786376953,84.4800033569336,94.33000183105467,92.33000183105467,109.2699966430664,0.050426069336635626,0.0491958621834679,87.48199920654297,98.48428526378814,18.489999771118164,1546.6300048828125
2007-10-03,87.6500015258789,88.73999786376953,89.48999786376953,97.6999969482422,104.87000274658205,-0.012283033177034164,-0.012359093101832386,87.11399993896484,97.66428520565941,18.799999237060547,1539.5899658203125
2007-10-04,89.37999725341797,87.6500015258789,87.56999969482422,97.37999725341795,107.91000366210938,0.019737543610062414,0.019545284000020622,87.47599945068359,96.78190394810268,18.440000534057617,1542.8399658203125
2007-10-05,83.91000366210938,89.37999725341797,87.12999725341797,98.13999938964844,106.5999984741211,-0.06119930364060755,-0.06315207325075839,86.83200073242188,95.70142800467355,16.90999984741211,1557.5899658203125
2007-10-08,84.95999908447266,83.91000366210938,84.4800033569336,94.2699966430664,108.22000122070312,0.012513352121773513,0.012435707192369694,86.9279998779297,94.59380885532924,17.459999084472656,1552.5799560546875
2007-10-09,79.93000030517578,84.95999908447266,88.73999786376953,94.33000183105467,107.06999969482422,-0.05920431772010415,-0.061029291261681974,85.16600036621094,93.30142793201264,16.1200008392334,1565.1500244140625
2007-10-10,87.45999908447266,79.93000030517578,87.6500015258789,89.48999786376953,103.75,0.09420741587072512,0.09003028006085384,85.12799987792968,92.52571360270183,16.670000076293945,1562.469970703125
2007-10-11,95.77999877929688,87.45999908447266,89.37999725341797,87.56999969482422,106.9499969482422,0.09512919942736797,0.09087234665277921,86.40800018310547,91.99380892799014,18.8799991607666,1554.4100341796875
2007-10-12,90.62999725341795,95.77999877929688,83.91000366210938,87.12999725341797,104.62999725341795,-0.05376907069863224,-0.05526862840834907,87.75199890136719,91.32714226132347,17.729999542236328,1561.800048828125
2007-10-15,86.18000030517578,90.62999725341795,84.95999908447266,84.4800033569336,104.38999938964844,-0.0491007070848648,-0.050347118032413846,87.99599914550781,90.45999944777716,19.25,1548.7099609375
2007-10-16,91.47000122070312,86.18000030517578,79.93000030517578,88.73999786376953,102.22000122070312,0.061383161949346565,0.05957292728483045,90.30399932861329,89.94809468587239,20.020000457763672,1538.530029296875
2007-10-17,89.4800033569336,91.47000122070312,87.45999908447266,87.6500015258789,92.33000183105467,-0.021755743273337957,-0.021995888875716723,90.70800018310547,89.81238047281902,18.540000915527344,1541.239990234375
2007-10-18,83.37000274658203,89.4800033569336,95.77999877929688,89.37999725341797,97.6999969482422,-0.06828341954770512,-0.0707266087709392,88.2260009765625,89.12999979654948,18.5,1540.0799560546875
2007-10-19,91.55999755859376,83.37000274658203,90.62999725341795,83.91000366210938,97.37999725341795,0.09823671035380288,0.09370590305280485,88.41200103759766,88.8528569539388,22.959999084472656,1500.6300048828125
2007-10-22,88.16999816894531,91.55999755859376,86.18000030517578,84.95999908447266,98.13999938964844,-0.03702489602491554,-0.0377277200882007,88.81000061035157,88.37809499104817,21.639999389648438,1506.3299560546875
2007-10-23,86.41999816894531,88.16999816894531,91.47000122070312,79.93000030517578,94.2699966430664,-0.01984802128096641,-0.020047639015685577,87.8,88.00428553989956,20.40999984741211,1519.5899658203125
2007-10-24,89.13999938964844,86.41999816894531,89.4800033569336,87.45999908447266,94.33000183105467,0.031474210580121786,0.030989051355368846,87.73199920654297,87.75714256649925,20.799999237060547,1515.8800048828125
2007-10-25,90.81999969482422,89.13999938964844,83.37000274658203,95.77999877929688,89.48999786376953,0.01884676146150932,0.018671361638280797,89.22199859619141,87.82047598702567,21.170000076293945,1514.4000244140625
2007-10-26,95.36000061035156,90.81999969482422,91.55999755859376,90.62999725341795,87.56999969482422,0.04998899945807955,0.04877968740796003,89.98199920654297,88.19142841157459,19.559999465942383,1535.280029296875
2007-10-29,95.01000213623048,95.36000061035156,88.16999816894531,86.18000030517578,87.12999725341797,-0.00367028598868413,-0.0036770380146106535,91.35,88.56666673932757,19.8700008392334,1540.97998046875
2007-10-30,100.37000274658205,95.01000213623048,86.41999816894531,91.47000122070312,84.4800033569336,0.056415119354129795,0.05488121348735241,94.14000091552734,89.32333337692987,21.06999969482422,1531.02001953125
2007-10-31,93.62000274658205,100.37000274658205,89.13999938964844,89.4800033569336,88.73999786376953,-0.06725116882822701,-0.06961931998079944,95.03600158691407,89.55571456182571,18.530000686645508,1549.3800048828125
2007-11-01,97.52999877929688,93.62000274658205,90.81999969482422,83.37000274658203,87.6500015258789,0.041764536616162085,0.04091594525826193,96.37800140380861,90.02619062151227,23.209999084472656,1508.43994140625
2007-11-02,97.45999908447266,97.52999877929688,95.36000061035156,91.55999755859376,89.37999725341797,-0.0007177247585393731,-0.000717982446260499,96.79800109863282,90.41095261346726,23.010000228881836,1509.6500244140625
2007-11-05,97.29000091552734,97.45999908447266,95.01000213623048,88.16999816894531,83.91000366210938,-0.0017442865846732936,-0.0017458096238535813,97.2540008544922,91.04809533982049,24.309999465942383,1502.1700439453125
2007-11-06,92.6999969482422,97.29000091552734,100.37000274658205,86.41999816894531,84.95999908447266,-0.0471785787243485,-0.0483277787466158,95.71999969482422,91.41666666666667,21.389999389648438,1520.27001953125
2007-11-07,98.16999816894533,92.6999969482422,93.62000274658205,89.13999938964844,79.93000030517578,0.05900756635145554,0.05733221140154099,96.62999877929687,92.28523799351285,26.489999771118164,1475.6199951171875
2007-11-08,97.36000061035156,98.16999816894533,97.52999877929688,90.81999969482422,87.45999908447266,-0.008250968459832309,-0.008285196104264377,96.59599914550782,92.75666663760232,26.15999984741211,1474.77001953125
2007-11-09,97.86000061035156,97.36000061035156,97.45999908447266,95.36000061035156,95.77999877929688,0.005135579261149159,0.005122437149675136,96.67599945068359,92.85571434384302,28.5,1453.699951171875
2007-11-12,98.08999633789062,97.86000061035156,97.29000091552734,95.01000213623048,90.62999725341795,0.002350252668144037,0.002347495144082354,96.83599853515625,93.21095239548457,31.09000015258789,1439.1800537109375
2007-11-13,92.58000183105467,98.08999633789062,92.6999969482422,100.37000274658205,86.18000030517578,-0.05617284853244031,-0.05781223186084252,96.81199951171875,93.51571437290737,24.100000381469727,1481.050048828125
2007-11-14,94.38999938964844,92.58000183105467,98.16999816894533,93.62000274658205,91.47000122070312,0.01955063213216124,0.019361973489374875,96.05599975585938,93.6547619047619,25.940000534057617,1470.5799560546875
2007-11-15,92.95999908447266,94.38999938964844,97.36000061035156,97.52999877929688,89.4800033569336,-0.015149913279188021,-0.015265845615594431,95.17599945068359,93.82047598702567,28.059999465942383,1451.1500244140625
2007-11-16,92.8000030517578,92.95999908447266,97.86000061035156,97.45999908447266,83.37000274658203,-0.0017211277354840515,-0.0017226105775095934,94.16399993896485,94.26952362060547,25.489999771118164,1458.739990234375
2007-11-19,91.12999725341795,92.8000030517578,98.08999633789062,97.29000091552734,91.55999755859376,-0.017995751545486716,-0.018159644308604762,92.77200012207031,94.2490474155971,26.010000228881836,1433.27001953125
2007-11-20,91.33999633789062,91.12999725341795,92.58000183105467,92.6999969482422,88.16999816894531,0.002304390330317929,0.0023017392948199485,92.5239990234375,94.3999997093564,24.8799991607666,1439.699951171875
2007-11-21,94.48999786376952,91.33999633789062,94.38999938964844,98.16999816894533,86.41999816894531,0.03448655191780614,0.033905218522837725,92.5439987182617,94.78428540910993,26.84000015258789,1416.77001953125
2007-11-23,89.62000274658203,94.48999786376952,92.95999908447266,97.36000061035156,89.13999938964844,-0.05153979497606487,-0.052915446181555394,91.87599945068358,94.80714271182106,25.610000610351562,1440.699951171875
2007-11-26,91.5500030517578,89.62000274658203,92.8000030517578,97.86000061035156,90.81999969482422,0.021535374314071598,0.021306764449874976,91.62599945068358,94.84190477643695,28.90999984741211,1407.219970703125
2007-11-27,90.6999969482422,91.5500030517578,91.12999725341795,98.08999633789062,95.36000061035156,-0.009284610324207687,-0.009327980980480807,91.53999938964844,94.61999984014602,26.280000686645508,1428.22998046875
2007-11-28,91.62000274658205,90.6999969482422,91.33999633789062,92.58000183105467,95.01000213623048,0.010143393928280231,0.010092294962203156,91.59600067138672,94.4585712977818,24.110000610351562,1469.02001953125
2007-11-29,91.08000183105467,91.62000274658205,94.48999786376952,94.38999938964844,100.37000274658205,-0.005893919442689799,-0.0059113571372254444,90.91400146484375,94.01619030180431,23.969999313354492,1469.719970703125
2007-11-30,88.87999725341797,91.08000183105467,89.62000274658203,92.95999908447266,93.62000274658205,-0.02415463914589633,-0.02445114687010888,90.76600036621093,93.7904757545108,22.8700008392334,1481.1400146484375
2007-12-03,87.44999694824219,88.87999725341797,91.5500030517578,92.8000030517578,97.52999877929688,-0.016089112841649933,-0.01621994786179889,89.94599914550781,93.3104756673177,23.610000610351562,1472.4200439453125
2007-12-04,86.8499984741211,87.44999694824219,90.6999969482422,91.12999725341795,97.45999908447266,-0.006861046255681513,-0.006884691449452937,89.17599945068359,92.80523754301525,23.790000915527344,1462.7900390625
2007-12-05,83.08000183105469,86.8499984741211,91.62000274658205,91.33999633789062,97.29000091552734,-0.04340813712495073,-0.04437845407041611,87.46799926757812,92.12857091994513,22.530000686645508,1485.010009765625
2007-12-06,81.51000213623047,83.08000183105469,91.08000183105467,94.48999786376952,92.6999969482422,-0.01889744415288841,-0.019078282733001384,85.55399932861329,91.59571402413505,20.959999084472656,1507.3399658203125
2007-12-07,82.47000122070312,81.51000213623047,88.87999725341797,89.62000274658203,98.16999816894533,0.011777684447464187,0.0117088673324811,84.27200012207031,90.84809512183779,20.850000381469727,1504.6600341796875
2007-12-10,81.5,82.47000122070312,87.44999694824219,91.5500030517578,97.36000061035156,-0.011761867422643069,-0.011831585400230849,83.08200073242188,90.09285699753534,20.739999771118164,1515.9599609375
2007-12-11,82.58000183105469,81.5,86.8499984741211,90.6999969482422,97.86000061035156,0.013251556209259885,0.013164522384227906,82.22800140380859,89.365238008045,23.59000015258789,1477.6500244140625
2007-12-12,89.41000366210938,82.58000183105469,83.08000183105469,91.62000274658205,98.08999633789062,0.08270769774294462,0.07946503107479143,83.49400177001954,88.95190502348399,22.469999313354492,1486.5899658203125
2007-12-13,88.19000244140625,89.41000366210938,81.51000213623047,91.08000183105467,92.58000183105467,-0.013645019245426382,-0.013738968122265757,84.83000183105469,88.74285743350075,22.559999465942383,1488.4100341796875
2007-12-14,85.81999969482422,88.19000244140625,82.47000122070312,88.87999725341797,94.38999938964844,-0.026873825614832758,-0.027241529576190415,85.5000015258789,88.33476220993768,23.270000457763672,1467.949951171875
2007-12-17,85.37999725341797,85.81999969482422,81.5,87.44999694824219,92.95999908447266,-0.005127038487192981,-0.005140226846480618,86.2760009765625,87.97380974179222,24.520000457763672,1445.9000244140625
2007-12-18,80.83000183105469,85.37999725341797,82.58000183105469,86.8499984741211,92.8000030517578,-0.05329111699146993,-0.05476364276198982,85.9260009765625,87.40380968366351,22.639999389648438,1454.97998046875
2007-12-19,83.47000122070312,80.83000183105469,89.41000366210938,83.08000183105469,91.12999725341795,0.03266113237466439,0.03213909408818881,84.73800048828124,87.03904796781994,21.68000030517578,1453.0
2007-12-20,79.44000244140625,83.47000122070312,88.19000244140625,81.51000213623047,91.33999633789062,-0.04828080412555824,-0.04948525001747482,82.98800048828124,86.47238159179688,20.579999923706055,1460.1199951171875
2007-12-21,82.87000274658203,79.44000244140625,85.81999969482422,82.47000122070312,94.48999786376952,0.043177243199428395,0.042271097534587736,82.39800109863282,85.91904849097843,18.469999313354492,1484.4599609375
2007-12-24,79.8499984741211,82.87000274658203,85.37999725341797,81.5,89.62000274658203,-0.03644267132096235,-0.037123292452506486,81.29200134277343,85.45381019228981,18.600000381469727,1496.449951171875
2007-12-26,80.79000091552734,79.8499984741211,80.83000183105469,82.58000183105469,91.5500030517578,0.011772103436055836,0.011703351272098714,81.28400115966797,84.9414291381836,18.65999984741211,1497.6600341796875
2007-12-27,84.36000061035156,80.79000091552734,83.47000122070312,89.41000366210938,90.6999969482422,0.044188632929425875,0.04324015602185272,81.46200103759766,84.63952455066499,20.260000228881836,1476.27001953125
2007-12-28,84.02999877929688,84.36000061035156,79.44000244140625,88.19000244140625,91.62000274658205,-0.003911828220330649,-0.003919499432521418,82.38000030517578,84.27809579031808,20.739999771118164,1478.489990234375
2007-12-31,82.19000244140625,84.02999877929688,82.87000274658203,85.81999969482422,91.08000183105467,-0.021896898305607926,-0.022140193548307013,82.24400024414062,83.85476248604911,22.5,1468.3599853515625
2008-01-02,80.58000183105469,82.19000244140625,79.8499984741211,85.37999725341797,88.87999725341797,-0.019588764600650066,-0.019783167378188214,82.39000091552734,83.45952460879371,23.170000076293945,1447.1600341796875
2008-01-03,79.33000183105469,80.58000183105469,80.79000091552734,80.83000183105469,87.44999694824219,-0.015512533775076998,-0.01563411209123726,82.0980010986328,83.07285817464192,22.489999771118164,1447.1600341796875
2008-01-04,81.45999908447266,79.33000183105469,84.36000061035156,83.47000122070312,86.8499984741211,0.026849832399526763,0.026495700585883686,81.51800079345703,82.81619153703961,23.940000534057617,1411.6300048828125
2008-01-07,79.51000213623047,81.45999908447266,84.02999877929688,79.44000244140625,83.08000183105469,-0.0239380919489095,-0.024229264200450393,80.61400146484375,82.6461915515718,23.790000915527344,1416.1800537109375
2008-01-08,79.58999633789062,79.51000213623047,82.19000244140625,82.87000274658203,81.51000213623047,0.0010060897938739544,0.0010055840247416342,80.09400024414063,82.5547627040318,25.43000030517578,1390.18994140625
2008-01-09,89.37000274658203,79.58999633789062,80.58000183105469,79.8499984741211,82.47000122070312,0.12287984493894766,0.11589667532042996,81.8520004272461,82.88333420526413,24.1200008392334,1409.1300048828125
2008-01-10,84.9800033569336,89.37000274658203,79.33000183105469,80.79000091552734,81.5,-0.049121620842921265,-0.050369111936711314,82.98200073242188,83.0490486508324,23.450000762939453,1420.3299560546875
2008-01-11,84.66000366210938,84.9800033569336,81.45999908447266,84.36000061035156,82.58000183105469,-0.0037655881640784594,-0.003772695839852768,83.62200164794922,83.1480963570731,23.68000030517578,1401.02001953125
2008-01-14,86.95999908447266,84.66000366210938,79.51000213623047,84.02999877929688,89.41000366210938,0.02716743825741963,0.02680495393536749,85.11200103759765,83.03142947242374,22.899999618530273,1416.25
2008-01-15,81.12999725341797,86.95999908447266,79.58999633789062,82.19000244140625,88.19000244140625,-0.0670423400693857,-0.06939545973192393,85.42000122070313,82.6952387491862,23.34000015258789,1380.949951171875
2008-01-16,80.51000213623047,81.12999725341797,89.37000274658203,80.58000183105469,85.81999969482422,-0.007641996033241338,-0.007671345707269296,83.64800109863282,82.44238172258649,24.3799991607666,1373.199951171875
2008-01-17,84.98999786376953,80.51000213623047,84.9800033569336,79.33000183105469,85.37999725341797,0.05564520691427255,0.054152150529837045,83.65,82.42381032307942,28.459999084472656,1333.25
2008-01-18,77.23999786376953,84.98999786376953,84.66000366210938,81.45999908447266,80.83000183105469,-0.09118720078593812,-0.09561614747219012,82.16599884033204,82.2528577532087,27.18000030517578,1325.18994140625
2008-01-22,86.58000183105469,77.23999786376953,86.95999908447266,79.51000213623047,83.47000122070312,0.1209218568824717,0.11415143325927285,82.08999938964844,82.4009530203683,31.010000228881836,1310.5
2008-01-23,82.68000030517578,86.58000183105469,81.12999725341797,79.58999633789062,79.44000244140625,-0.04504506171631939,-0.04609112465792235,82.4,82.55523863292876,29.020000457763672,1338.5999755859375
2008-01-24,81.30999755859375,82.68000030517578,80.51000213623047,89.37000274658203,82.87000274658203,-0.016569941237606245,-0.016708758310772898,82.55999908447265,82.48095267159599,27.780000686645508,1352.0699462890625
2008-01-25,79.0,81.30999755859375,84.98999786376953,84.9800033569336,79.8499984741211,-0.028409760520889393,-0.02882112772682027,81.36199951171875,82.4404765537807,29.079999923706055,1330.6099853515625
2008-01-28,76.43000030517578,79.0,77.23999786376953,84.66000366210938,80.79000091552734,-0.032531641706635694,-0.03307255921934928,81.2,82.23285747709728,27.780000686645508,1353.9599609375
2008-01-29,77.45999908447266,76.43000030517578,86.58000183105469,86.95999908447266,84.36000061035156,0.013476367593670213,0.01338636901957748,79.3759994506836,81.90428597586495,27.31999969482422,1362.300048828125
2008-01-30,76.41000366210938,77.45999908447266,82.68000030517578,81.12999725341797,84.02999877929688,-0.013555324487135922,-0.013648036680679878,78.12200012207032,81.54142906552269,27.6200008392334,1355.81005859375
2008-01-31,75.20999908447266,76.41000366210938,81.30999755859375,80.51000213623047,82.19000244140625,-0.015704809843266387,-0.015829436921205108,76.9020004272461,81.20904795328777,26.200000762939453,1378.550048828125
2008-02-01,73.94000244140625,75.20999908447266,79.0,84.98999786376953,80.58000183105469,-0.016886007958064164,-0.01703020213813099,75.89000091552734,80.89285750616165,24.020000457763672,1395.4200439453125
2008-02-04,73.9000015258789,73.94000244140625,76.43000030517578,77.23999786376953,79.33000183105469,-0.0005409915364695816,-0.0005411379251899342,75.38400115966797,80.63428606305804,25.989999771118164,1380.8199462890625
2008-02-05,75.05999755859375,73.9000015258789,77.45999908447266,86.58000183105469,81.45999908447266,0.015696833677447675,0.015574912578768203,74.90400085449218,80.32952408563523,28.239999771118164,1336.6400146484375
2008-02-06,74.62999725341797,75.05999755859375,76.41000366210938,82.68000030517578,79.51000213623047,-0.005728754585158535,-0.005745226840169898,74.54799957275391,80.0971429007394,28.969999313354492,1326.449951171875
2008-02-07,72.0,74.62999725341797,75.20999908447266,81.30999755859375,79.58999633789062,-0.035240484392454086,-0.03587641532458655,73.90599975585937,79.73571450369698,27.65999984741211,1336.9100341796875
2008-02-08,72.5999984741211,72.0,73.94000244140625,79.0,89.37000274658203,0.008333312140570648,0.008298781797078986,73.63799896240235,78.93714287167504,28.010000228881836,1331.2900390625
2008-02-11,71.41000366210938,72.5999984741211,73.9000015258789,76.43000030517578,84.9800033569336,-0.01639111345761124,-0.01652693396925233,73.13999938964844,78.29095241001674,27.600000381469727,1339.1300048828125
2008-02-12,72.5199966430664,71.41000366210938,75.05999755859375,77.45999908447266,84.66000366210938,0.015543942361481822,0.015424372753004425,72.63199920654297,77.71285683768136,26.329999923706055,1348.8599853515625
2008-02-13,71.44000244140625,72.5199966430664,74.62999725341797,76.41000366210938,86.95999908447266,-0.014892364198191288,-0.015004368854423824,71.99400024414062,76.97380937848773,24.8799991607666,1367.2099609375
2008-02-14,69.2300033569336,71.44000244140625,72.0,75.20999908447266,81.12999725341797,-0.030935036519424197,-0.031423627562950196,71.44000091552735,76.40714300246466,25.540000915527344,1348.8599853515625
2008-02-15,74.72000122070312,69.2300033569336,72.5999984741211,73.94000244140625,80.51000213623047,0.07930084641863155,0.07631346707810795,71.86400146484375,76.13142867315383,25.020000457763672,1349.989990234375
2008-02-19,69.5999984741211,74.72000122070312,71.41000366210938,73.9000015258789,84.98999786376953,-0.06852251957891298,-0.07098326484079409,71.50200042724609,75.39857155936105,25.59000015258789,1348.780029296875
2008-02-20,71.29000091552734,69.5999984741211,72.5199966430664,75.05999755859375,77.23999786376953,0.024281644805418168,0.02399153255500773,71.25600128173828,75.11523837134952,24.399999618530273,1360.030029296875
2008-02-21,69.6500015258789,71.29000091552734,71.44000244140625,74.62999725341797,86.58000183105469,-0.023004620123258213,-0.023273355838210268,70.89800109863282,74.30904788062686,25.1200008392334,1342.530029296875
2008-02-22,65.47000122070312,69.6500015258789,69.2300033569336,72.0,82.68000030517578,-0.060014360568573344,-0.06189068103539503,70.14600067138672,73.48952411469959,24.059999465942383,1353.1099853515625
2008-02-25,68.91999816894531,65.47000122070312,74.72000122070312,72.5999984741211,81.30999755859375,0.052695843652301955,0.051354343993672266,68.98600006103516,72.89952414376395,23.030000686645508,1371.800048828125
2008-02-26,68.58999633789062,68.91999816894531,69.5999984741211,71.41000366210938,79.0,-0.004788186880761991,-0.004799686971973727,68.78399963378907,72.40380968366351,21.899999618530273,1381.2900390625
2008-02-27,67.55999755859375,68.58999633789062,71.29000091552734,72.5199966430664,76.43000030517578,-0.015016749297125709,-0.015130642317188154,68.03799896240234,71.98142860049293,22.690000534057617,1380.02001953125
2008-02-28,66.61000061035156,67.55999755859375,69.6500015258789,71.44000244140625,77.45999908447266,-0.014061530233453134,-0.01416133021458876,67.42999877929688,71.46476200648716,23.530000686645508,1367.6800537109375
2008-02-29,69.80999755859375,66.61000061035156,65.47000122070312,69.2300033569336,76.41000366210938,0.04804078845399218,0.04692250542200284,68.297998046875,71.15047600155785,26.540000915527344,1330.6300048828125
2008-03-03,71.0199966430664,69.80999755859375,68.91999816894531,74.72000122070312,75.20999908447266,0.01733274784112493,0.017184249237347717,68.71799774169922,70.9509520757766,26.280000686645508,1331.3399658203125
2008-03-04,69.94999694824219,71.0199966430664,68.58999633789062,69.5999984741211,73.94000244140625,-0.015066174956355538,-0.015180822763714281,68.98999786376953,70.76095181419736,25.520000457763672,1326.75
2008-03-05,68.51000213623047,69.94999694824219,67.55999755859375,71.29000091552734,73.9000015258789,-0.020586059683136315,-0.020800906287684925,69.17999877929688,70.50428517659505,24.600000381469727,1333.699951171875
2008-03-06,74.52999877929688,68.51000213623047,66.61000061035156,69.6500015258789,75.05999755859375,0.08787033214647688,0.08422196131881954,70.76399841308594,70.47904713948567,27.549999237060547,1304.3399658203125
2008-03-07,76.0199966430664,74.52999877929688,69.80999755859375,65.47000122070312,74.62999725341797,0.019991921215265496,0.01979470688762267,72.00599822998046,70.54523758661179,27.489999771118164,1293.3699951171875
2008-03-10,77.44999694824219,76.0199966430664,71.0199966430664,68.91999816894531,72.0,0.018810844097902235,0.01863610805739183,73.29199829101563,70.8047612508138,29.3799991607666,1273.3699951171875
2008-03-11,73.76000213623047,77.44999694824219,69.94999694824219,68.58999633789062,72.5999984741211,-0.04764357595104418,-0.048815919249687624,74.05399932861329,70.85999952043805,26.360000610351562,1320.6500244140625
2008-03-12,73.94000244140625,73.76000213623047,68.51000213623047,67.55999755859375,71.41000366210938,0.0024403511383219723,0.0024373783169858235,75.13999938964844,70.98047565278553,27.219999313354492,1308.77001953125
2008-03-13,75.55999755859375,73.94000244140625,74.52999877929688,66.61000061035156,72.5199966430664,0.021909589717301836,0.021673023795245612,75.34599914550782,71.12523760114398,27.290000915527344,1315.47998046875
2008-03-14,80.98999786376953,75.55999755859375,76.0199966430664,69.80999755859375,71.44000244140625,0.0718634261596558,0.06939865356194692,76.33999938964844,71.57999928792317,31.15999984741211,1288.1400146484375
2008-03-17,80.70999908447266,80.98999786376953,77.44999694824219,71.0199966430664,69.2300033569336,-0.003457201959282119,-0.0034631918915642456,76.99199981689453,72.12666575113933,32.2400016784668,1276.5999755859375
2008-03-18,72.97000122070312,80.70999908447266,73.76000213623047,69.94999694824219,74.72000122070312,-0.0958988719064251,-0.10081405748649785,76.83399963378906,72.04333241780598,25.790000915527344,1330.739990234375
2008-03-19,70.5,72.97000122070312,73.94000244140625,68.51000213623047,69.5999984741211,-0.03384954336553214,-0.03443570468814109,76.14599914550782,72.08618963332404,29.84000015258789,1298.4200439453125
2008-03-20,66.97000122070312,70.5,75.55999755859375,74.52999877929688,71.29000091552734,-0.050070904670877714,-0.051367933668653123,74.4279998779297,71.88047536214192,26.6200008392334,1329.510009765625
2008-03-24,68.81999969482422,66.97000122070312,80.98999786376953,76.0199966430664,69.6500015258789,0.027624286104226403,0.027249619785359003,71.99400024414062,71.84095146542504,25.729999542236328,1349.8800048828125
2008-03-25,68.6500015258789,68.81999969482422,80.70999908447266,77.44999694824219,65.47000122070312,-0.002470185552152726,-0.0024732414940166854,69.58200073242188,71.9923800513858,25.719999313354492,1352.989990234375
2008-03-26,69.55999755859375,68.6500015258789,72.97000122070312,73.76000213623047,68.91999816894531,0.013255586489270499,0.013168499947322259,68.9,72.02285621279762,26.079999923706055,1341.1300048828125
2008-03-27,69.0,69.55999755859375,70.5,73.94000244140625,68.58999633789062,-0.00805056897999512,-0.008083149790975118,68.6,72.04238019670758,25.8799991607666,1325.760009765625
2008-03-28,68.79000091552734,69.0,66.97000122070312,75.55999755859375,67.55999755859375,-0.003043464992357303,-0.003048105750318738,68.96399993896485,72.10095178513299,25.709999084472656,1315.219970703125
2008-03-31,67.63999938964844,68.79000091552734,68.81999969482422,80.98999786376953,66.61000061035156,-0.01671756811416658,-0.016858883840091057,68.72799987792969,72.1499993460519,25.610000610351562,1322.699951171875
2008-04-01,66.95999908447266,67.63999938964844,68.6500015258789,80.70999908447266,69.80999755859375,-0.010053227547483501,-0.01010410249837987,68.38999938964844,72.01428513299851,22.68000030517578,1370.1800537109375
2008-04-02,67.61000061035156,66.95999908447266,69.55999755859375,72.97000122070312,71.0199966430664,0.009707310853736884,0.00966049762165069,68.0,71.8519043695359,23.43000030517578,1367.530029296875
2008-04-03,66.11000061035156,67.61000061035156,69.0,70.5,69.94999694824219,-0.022186066949544392,-0.022435879552269885,67.42200012207032,71.66904740106492,23.209999084472656,1369.31005859375
2008-04-04,64.55999755859375,66.11000061035156,68.79000091552734,66.97000122070312,68.51000213623047,-0.023445818143210118,-0.023725044432239686,66.5759994506836,71.48095194498698,22.450000762939453,1370.4000244140625
2008-04-07,67.4000015258789,64.55999755859375,67.63999938964844,68.81999969482422,74.52999877929688,0.04399014985568428,0.043050054411803214,66.52799987792969,71.14142826625279,22.420000076293945,1372.5400390625
2008-04-08,67.30000305175781,67.4000015258789,66.95999908447266,68.6500015258789,76.0199966430664,-0.0014836568524808635,-0.0014847585611487324,66.59600067138672,70.72619047619048,22.360000610351562,1365.5400390625
2008-04-09,75.23999786376953,67.30000305175781,67.61000061035156,69.55999755859375,77.44999694824219,0.1179791151852605,0.11152269404434617,68.12200012207032,70.62095242454892,22.809999465942383,1354.489990234375
2008-04-10,75.47000122070312,75.23999786376953,66.11000061035156,69.0,73.76000213623047,0.0030569293389672847,0.0030522664308458196,69.99400024414062,70.70238095238095,21.979999542236328,1360.550048828125
2008-04-11,74.73999786376953,75.47000122070312,64.55999755859375,68.79000091552734,73.94000244140625,-0.009672761960063947,-0.009719846996277589,72.03000030517578,70.74047597249348,23.459999084472656,1332.8299560546875
2008-04-14,72.38999938964844,74.73999786376953,67.4000015258789,67.63999938964844,75.55999755859375,-0.03144231390539365,-0.03194723560156442,73.02799987792969,70.5895236787342,23.81999969482422,1328.3199462890625
2008-04-15,68.1500015258789,72.38999938964844,67.30000305175781,66.95999908447266,80.98999786376953,-0.0585715968990026,-0.06035697934106794,73.1979995727539,69.97809528169178,22.780000686645508,1334.4300537109375
2008-04-16,66.36000061035156,68.1500015258789,75.23999786376953,67.61000061035156,80.70999908447266,-0.026265603454867392,-0.026616706012721304,71.42200012207032,69.29476202101935,20.530000686645508,1364.7099609375
2008-04-17,65.08999633789062,66.36000061035156,75.47000122070312,66.11000061035156,72.97000122070312,-0.01913809916787179,-0.019323603197774365,69.34599914550782,68.91952369326637,20.3700008392334,1365.56005859375
2008-04-18,62.09000015258789,65.08999633789062,74.73999786376953,64.55999755859375,70.5,-0.046089973176974275,-0.04718592348772262,66.81599960327148,68.51904751005627,20.1299991607666,1390.3299560546875
2008-04-21,63.43000030517578,62.09000015258789,72.38999938964844,67.4000015258789,66.97000122070312,0.021581577537362007,0.021351992622698285,65.02399978637695,68.3504760378883,20.5,1388.1700439453125
2008-04-22,62.84000015258789,63.43000030517578,68.1500015258789,67.30000305175781,68.81999969482422,-0.009301594667338264,-0.009345124641409968,63.96199951171875,68.06571415492466,20.8700008392334,1375.93994140625
2008-04-23,59.7400016784668,62.84000015258789,66.36000061035156,75.23999786376953,68.6500015258789,-0.049331611498944716,-0.050589974931457095,62.6379997253418,67.64142844790504,20.260000228881836,1379.9300537109375
2008-04-24,62.75,59.7400016784668,65.08999633789062,75.47000122070312,69.55999755859375,0.050384972162097474,0.04915673712773317,62.17000045776367,67.31714284987677,20.059999465942383,1388.8199462890625
2008-04-25,65.98999786376953,62.75,62.09000015258789,74.73999786376953,69.0,0.05163343209194471,0.05034460501140328,62.95,67.17380941481818,19.59000015258789,1397.8399658203125
2008-04-28,66.4800033569336,65.98999786376953,63.43000030517578,72.38999938964844,68.79000091552734,0.007425450962669222,0.007398018019285987,63.560000610351565,67.06380953107562,19.639999389648438,1396.3699951171875
2008-04-29,65.41999816894531,66.4800033569336,62.84000015258789,68.1500015258789,67.63999938964844,-0.015944722239213394,-0.016073206921563703,64.07600021362305,66.9580951872326,20.239999771118164,1390.93994140625
2008-04-30,64.69000244140625,65.41999816894531,59.7400016784668,66.36000061035156,66.95999908447266,-0.011158602078432778,-0.011221326325038057,65.06600036621094,66.85000010899135,20.790000915527344,1385.5899658203125
2008-05-01,63.060001373291016,64.69000244140625,62.75,65.08999633789062,67.61000061035156,-0.025197109392469552,-0.0255199919015366,65.12800064086915,66.63333347865513,18.8799991607666,1409.3399658203125
2008-05-02,63.68000030517578,63.060001373291016,65.98999786376953,62.09000015258789,66.11000061035156,0.0098318889689617,0.009783870434016767,64.66600112915039,66.51761917840867,18.18000030517578,1413.9000244140625
2008-05-05,70.0999984741211,63.68000030517578,66.4800033569336,63.43000030517578,64.55999755859375,0.10081655367742681,0.0960522259449092,65.39000015258789,66.78142874581474,18.899999618530273,1407.489990234375
2008-05-06,69.04000091552734,70.0999984741211,65.41999816894531,62.84000015258789,67.4000015258789,-0.015121220851168404,-0.015236712237372878,66.1140007019043,66.85952395484561,18.209999084472656,1418.260009765625
2008-05-07,72.81999969482422,69.04000091552734,64.69000244140625,59.7400016784668,67.30000305175781,0.05475085065427243,0.0533045785204664,67.7400001525879,67.12238093784877,19.729999542236328,1392.5699462890625
2008-05-08,73.44999694824219,72.81999969482422,63.060001373291016,62.75,75.23999786376953,0.00865143169538829,0.00861422251464282,69.81799926757813,67.03714279901413,19.399999618530273,1397.6800537109375
2008-05-09,73.79000091552734,73.44999694824219,63.68000030517578,65.98999786376953,75.47000122070312,0.004629053525008864,0.004618372406369364,71.83999938964844,66.95714278448196,19.40999984741211,1388.280029296875
2008-05-12,72.0,73.79000091552734,70.0999984741211,66.4800033569336,74.73999786376953,-0.024258041649524942,-0.024557114461420674,72.21999969482422,66.82666669573102,17.790000915527344,1403.5799560546875
2008-05-13,68.62000274658203,72.0,69.04000091552734,65.41999816894531,72.38999938964844,-0.046944406297471764,-0.048082041559782865,72.13600006103516,66.6471430460612,17.979999542236328,1403.0400390625
2008-05-14,71.18000030517578,68.62000274658203,72.81999969482422,64.69000244140625,68.1500015258789,0.03730687053522841,0.036627806913155266,71.80800018310546,66.7914287022182,17.65999984741211,1408.6600341796875
2008-05-15,71.16000366210938,71.18000030517578,73.44999694824219,63.060001373291016,66.36000061035156,-0.0002809306403578349,-0.00028097010876227665,71.35000152587891,67.02000027611142,16.299999237060547,1423.5699462890625
2008-05-16,75.7699966430664,71.16000366210938,73.79000091552734,63.68000030517578,65.08999633789062,0.06478348431299641,0.06277147737835816,71.74600067138672,67.52857171921502,16.469999313354492,1425.3499755859375
2008-05-19,76.62999725341797,75.7699966430664,72.0,70.0999984741211,62.09000015258789,0.011350147135452682,0.01128621750116387,72.67200012207032,68.22095253354027,17.010000228881836,1426.6300048828125
2008-05-20,79.80000305175781,76.62999725341797,68.62000274658203,69.04000091552734,63.43000030517578,0.04136768774578603,0.04053493355815395,74.90800018310547,69.0004764738537,17.579999923706055,1413.4000244140625
2008-05-21,80.12000274658203,79.80000305175781,71.18000030517578,72.81999969482422,62.84000015258789,0.004010021085045112,0.004002002380129501,76.69600067138671,69.82333374023438,18.59000015258789,1390.7099609375
2008-05-22,83.62000274658203,80.12000274658203,71.16000366210938,73.44999694824219,59.7400016784668,0.04368447179252399,0.04275721369594163,79.18800048828125,70.96047664823986,18.049999237060547,1394.3499755859375
2008-05-23,79.62999725341797,83.62000274658203,75.7699966430664,73.79000091552734,62.75,-0.0477159215750822,-0.048891886996859694,79.96000061035156,71.76428604125977,19.549999237060547,1375.9300537109375
2008-05-27,79.3499984741211,79.62999725341797,76.62999725341797,72.0,65.98999786376953,-0.0035162475066499166,-0.0035224440348628388,80.50400085449219,72.4004765465146,19.639999389648438,1385.3499755859375
2008-05-28,77.69999694824219,79.3499984741211,79.80000305175781,68.62000274658203,66.4800033569336,-0.02079397048025189,-0.021013209645251368,80.08399963378906,72.93476195562454,19.06999969482422,1390.8399658203125
2008-05-29,74.19999694824219,77.69999694824219,80.12000274658203,71.18000030517578,65.41999816894531,-0.045045046814241596,-0.04609110905291621,78.89999847412109,73.35285713559105,18.139999389648438,1398.260009765625
2008-05-30,73.45999908447266,74.19999694824219,83.62000274658203,71.16000366210938,64.69000244140625,-0.009973017442112764,-0.010023081115938168,76.86799774169921,73.77047602335612,17.829999923706055,1400.3800048828125
2008-06-02,78.5999984741211,73.45999908447266,79.62999725341797,75.7699966430664,63.060001373291016,0.06997004429223974,0.06763065209335882,76.66199798583985,74.51047588530041,19.829999923706055,1385.6700439453125
2008-06-03,79.72000122070312,78.5999984741211,79.3499984741211,76.62999725341797,63.68000030517578,0.014249399088102965,0.014148830635033272,76.73599853515626,75.27428545270648,20.239999771118164,1377.6500244140625
2008-06-04,81.04000091552734,79.72000122070312,77.69999694824219,79.80000305175781,70.0999984741211,0.01655794875328498,0.016422360580679453,77.40399932861328,75.7952379499163,20.799999237060547,1377.199951171875
2008-06-05,79.3499984741211,81.04000091552734,74.19999694824219,80.12000274658203,69.04000091552734,-0.020853929199332488,-0.02107444349496565,78.43399963378906,76.28619021461124,18.6299991607666,1404.050048828125
2008-06-06,88.77999877929688,79.3499984741211,73.45999908447266,83.62000274658203,72.81999969482422,0.11884058584136259,0.11229295791344543,81.49799957275391,77.0461901710147,23.559999465942383,1360.6800537109375
2008-06-09,92.2300033569336,88.77999877929688,78.5999984741211,79.62999725341797,73.44999694824219,0.03886015572283652,0.038124107988906385,84.2240005493164,77.94047619047619,23.1200008392334,1361.760009765625
2008-06-10,91.9800033569336,92.2300033569336,79.72000122070312,79.3499984741211,73.79000091552734,-0.002710614668769873,-0.002714295036922216,86.6760009765625,78.80666678292411,23.18000030517578,1358.43994140625
2008-06-11,93.87000274658205,91.9800033569336,81.04000091552734,77.69999694824219,72.0,0.02054793781985631,0.020339677000203355,89.24200134277343,79.8480954851423,24.1200008392334,1335.489990234375
2008-06-12,92.41000366210938,93.87000274658205,79.3499984741211,74.19999694824219,68.62000274658203,-0.015553414741173333,-0.01567563807944535,91.8540023803711,80.98095267159599,23.329999923706055,1339.8699951171875
2008-06-13,86.91000366210938,92.41000366210938,88.77999877929688,73.45999908447266,71.18000030517578,-0.059517365891579854,-0.06136209494270892,91.4800033569336,81.73000045049758,21.219999313354492,1360.030029296875
2008-06-16,84.16999816894531,86.91000366210938,92.2300033569336,78.5999984741211,71.16000366210938,-0.03152692875053509,-0.032034601116928026,89.86800231933594,82.34952399844215,20.950000762939453,1360.1400146484375
2008-06-17,80.88999938964844,84.16999816894531,91.9800033569336,79.72000122070312,75.7699966430664,-0.038968740057630624,-0.03974834198483102,87.6500015258789,82.5933336530413,21.1299991607666,1350.9300537109375
2008-06-18,81.55999755859375,80.88999938964844,93.87000274658205,81.04000091552734,76.62999725341797,0.008282830683653764,0.008248716287976465,85.18800048828125,82.82809557233539,22.239999771118164,1337.81005859375
2008-06-19,77.91000366210938,81.55999755859375,92.41000366210938,79.3499984741211,79.80000305175781,-0.044752256078259056,-0.04578455442526457,82.28800048828126,82.73809560139973,21.579999923706055,1342.8299560546875
2008-06-20,78.3499984741211,77.91000366210938,86.91000366210938,88.77999877929688,80.12000274658203,0.005647475180721839,0.005631587979746351,80.5759994506836,82.65380968366351,22.8700008392334,1317.9300537109375
2008-06-23,78.37000274658203,78.3499984741211,84.16999816894531,92.2300033569336,83.62000274658203,0.00025531937269329674,0.00025528678424911657,79.41600036621094,82.40380968366351,22.639999389648438,1318.0
2008-06-24,77.41000366210938,78.37000274658203,80.88999938964844,91.9800033569336,79.62999725341797,-0.012249573189080043,-0.012325217586533932,78.72000122070312,82.298095703125,22.420000076293945,1314.2900390625
2008-06-25,76.01000213623047,77.41000366210938,81.55999755859375,93.87000274658205,79.3499984741211,-0.018085537522899986,-0.018251079842037034,77.61000213623046,82.13904825846355,21.139999389648438,1321.969970703125
2008-06-26,79.87000274658203,76.01000213623047,77.91000366210938,92.41000366210938,77.69999694824219,0.05078279834058419,0.04953540863490682,78.002001953125,82.24238186790829,23.93000030517578,1283.1500244140625
2008-06-27,79.54000091552734,79.87000274658203,78.3499984741211,86.91000366210938,74.19999694824219,-0.0041317368186619685,-0.00414029602763272,78.24000244140625,82.49666777111236,23.440000534057617,1278.3800048828125
2008-06-30,79.66000366210938,79.54000091552734,78.37000274658203,84.16999816894531,73.45999908447266,0.0015087093940251428,0.0015075724354237552,78.49800262451171,82.79190608433315,23.950000762939453,1280.0
2008-07-01,79.44000244140625,79.66000366210938,77.41000366210938,80.88999938964844,78.5999984741211,-0.0027617525808346644,-0.0027655732556205238,78.9040023803711,82.83190627325149,23.649999618530273,1284.9100341796875
2008-07-02,79.19000244140625,79.44000244140625,76.01000213623047,81.55999755859375,79.72000122070312,-0.00314702910771425,-0.003151991417573938,79.54000244140624,82.80666823614212,25.920000076293945,1261.52001953125
2008-07-03,76.44000244140625,79.19000244140625,79.87000274658203,77.91000366210938,81.04000091552734,-0.034726605824198065,-0.035343907741120686,78.8540023803711,82.5876206897554,24.780000686645508,1262.9000244140625
2008-07-07,75.43000030517578,76.44000244140625,79.54000091552734,78.3499984741211,79.3499984741211,-0.013213005023183566,-0.01330107339957509,78.03200225830078,82.4009541102818,25.780000686645508,1252.31005859375
2008-07-08,76.02999877929688,75.43000030517578,79.66000366210938,78.37000274658203,88.77999877929688,0.007954374541874643,0.007922905273445637,77.30600128173828,81.79381125313895,23.149999618530273,1273.699951171875
2008-07-09,81.69000244140625,76.02999877929688,79.44000244140625,77.41000366210938,92.2300033569336,0.07444434766518238,0.07180364205520924,77.75600128173828,81.29190644763764,25.229999542236328,1244.68994140625
2008-07-10,79.94000244140625,81.69000244140625,79.19000244140625,76.01000213623047,91.9800033569336,-0.021422450088127043,-0.021655241416348496,77.90600128173828,80.71857307070778,25.59000015258789,1253.3900146484375
2008-07-11,77.18000030517578,79.94000244140625,76.44000244140625,79.87000274658203,93.87000274658205,-0.03452592008930033,-0.03513602376010922,78.05400085449219,79.92381104968842,27.489999771118164,1239.489990234375
2008-07-14,78.83000183105469,77.18000030517578,75.43000030517578,79.54000091552734,92.41000366210938,0.021378615176919746,0.02115329823615682,78.73400115966797,79.27714429582868,28.479999542236328,1228.300048828125
2008-07-15,73.06999969482422,78.83000183105469,76.02999877929688,79.66000366210938,86.91000366210938,-0.07306865409663543,-0.07587577667306702,78.14200134277344,78.61809648786273,28.540000915527344,1214.9100341796875
2008-07-16,73.22000122070312,73.06999969482422,81.69000244140625,79.44000244140625,84.16999816894531,0.002052846948205733,0.0020507427371660603,76.44800109863282,78.09666806175595,25.100000381469727,1245.3599853515625
2008-07-17,72.45999908447266,73.22000122070312,79.94000244140625,79.19000244140625,80.88999938964844,-0.010379706686150292,-0.010433951531810306,74.95200042724609,77.6952394757952,25.010000228881836,1260.3199462890625
2008-07-18,70.29000091552734,72.45999908447266,77.18000030517578,76.44000244140625,81.55999755859375,-0.029947532381494613,-0.030405118619181538,73.57400054931641,77.15857296898251,24.049999237060547,1260.6800537109375
2008-07-21,71.5999984741211,70.29000091552734,78.83000183105469,75.43000030517578,77.91000366210938,0.01863703999901878,0.01846549844262656,72.12799987792968,76.85809653145927,23.049999237060547,1260.0
2008-07-22,68.38999938964844,71.5999984741211,73.06999969482422,76.02999877929688,78.3499984741211,-0.04483239040337228,-0.04586844647001038,71.19199981689454,76.38381086077008,21.18000030517578,1277.0
2008-07-23,67.25,68.38999938964844,73.22000122070312,81.69000244140625,78.37000274658203,-0.01666909489431856,-0.01680958770348294,69.99799957275391,75.85428692045666,21.309999465942383,1282.18994140625
2008-07-24,74.9000015258789,67.25,72.45999908447266,79.94000244140625,77.41000366210938,0.11375466952979796,0.10773689241344023,70.48600006103516,75.73476300920758,23.440000534057617,1252.5400390625
2008-07-25,73.69999694824219,74.9000015258789,70.29000091552734,77.18000030517578,76.01000213623047,-0.016021422606007585,-0.016151153107938625,71.16799926757812,75.62476276216053,22.90999984741211,1257.760009765625
2008-07-28,74.9000015258789,73.69999694824219,71.5999984741211,78.83000183105469,79.87000274658203,0.016282288023423686,0.01615115310793872,71.82799987792968,75.38809603736514,24.229999542236328,1234.3699951171875
2008-07-29,71.02999877929688,74.9000015258789,68.38999938964844,73.06999969482422,79.54000091552734,-0.0516689274731843,-0.053051605071410345,72.35599975585937,74.98285784040179,22.030000686645508,1263.199951171875
2008-07-30,67.20999908447266,71.02999877929688,67.25,73.22000122070312,79.66000366210938,-0.05378008954630076,-0.05528027346399561,72.3479995727539,74.39000047956195,21.209999084472656,1284.260009765625
2008-07-31,72.94999694824219,67.20999908447266,74.9000015258789,72.45999908447266,79.44000244140625,0.08540392712333222,0.0819522007752564,71.95799865722657,74.08095259893508,22.940000534057617,1267.3800048828125
2008-08-01,72.7300033569336,72.94999694824219,73.69999694824219,70.29000091552734,79.19000244140625,-0.003015676497761577,-0.003020232812684778,71.76399993896484,73.77333359491257,22.56999969482422,1260.31005859375
2008-08-04,73.16999816894531,72.7300033569336,74.9000015258789,71.5999984741211,76.44000244140625,0.006049701522112816,0.006031475548719558,71.41799926757812,73.61761910574776,23.489999771118164,1249.010009765625
2008-08-05,70.27999877929688,73.16999816894531,71.02999877929688,68.38999938964844,75.43000030517578,-0.03949705428412875,-0.04029822992151716,71.26799926757812,73.37238093784877,21.139999389648438,1284.8800048828125
2008-08-06,71.5999984741211,70.27999877929688,67.20999908447266,67.25,76.02999877929688,0.018782010781893455,0.01860780670568493,72.14599914550782,73.1614285423642,20.229999542236328,1289.18994140625
2008-08-07,73.11000061035156,71.5999984741211,72.94999694824219,74.9000015258789,81.69000244140625,0.021089415759921293,0.020870111998183262,72.1779998779297,72.7528570265997,21.149999618530273,1266.0699462890625
2008-08-08,73.05000305175781,73.11000061035156,72.7300033569336,73.69999694824219,79.94000244140625,-0.0008206477649140842,-0.0008209846806298106,72.24199981689453,72.42476181756882,20.65999984741211,1296.3199462890625
2008-08-11,75.58999633789062,73.05000305175781,73.16999816894531,74.9000015258789,77.18000030517578,0.03477061163615769,0.034179770884080266,72.72599945068359,72.3490473429362,20.1200008392334,1305.3199462890625
2008-08-12,72.4000015258789,75.58999633789062,70.27999877929688,71.02999877929688,78.83000183105469,-0.042201282796103134,-0.043117630389729725,73.15,72.04285685221355,21.170000076293945,1289.5899658203125
2008-08-13,79.41000366210938,72.4000015258789,71.5999984741211,67.20999908447266,73.06999969482422,0.09682323188522024,0.09241803055624881,74.71200103759766,72.34476180303665,21.549999237060547,1285.8299560546875
2008-08-14,74.37000274658203,79.41000366210938,73.11000061035156,72.94999694824219,73.22000122070312,-0.06346808567057394,-0.06557167937706983,74.96400146484375,72.39952378045945,20.34000015258789,1292.9300537109375
2008-08-15,74.0999984741211,74.37000274658203,73.05000305175781,72.7300033569336,72.45999908447266,-0.003630553482443566,-0.003637159936641991,75.1740005493164,72.47761898949032,19.579999923706055,1298.199951171875
2008-08-18,72.8499984741211,74.0999984741211,75.58999633789062,73.16999816894531,70.29000091552734,-0.016869096163835362,-0.017013000014158872,74.6260009765625,72.59952363513764,20.979999542236328,1278.5999755859375
2008-08-19,77.5,72.8499984741211,72.4000015258789,70.27999877929688,71.5999984741211,0.06382980951647865,0.061875424663577185,75.64600067138672,72.88047608875092,21.280000686645508,1266.68994140625
2008-08-20,73.41999816894531,77.5,79.41000366210938,71.5999984741211,68.38999938964844,-0.052645184916834675,-0.054081583230067044,74.4479995727539,73.11999984014602,20.420000076293945,1274.5400390625
2008-08-21,73.75,73.41999816894531,74.37000274658203,73.11000061035156,67.25,0.004494713147435991,0.004484642090694905,74.3239990234375,73.42952364966983,19.81999969482422,1277.719970703125
2008-08-22,73.55999755859375,73.75,74.0999984741211,73.05000305175781,74.9000015258789,-0.002576304290254239,-0.0025796286731276604,74.21599884033203,73.36571393694196,18.809999465942383,1292.199951171875
2008-08-25,77.02999877929688,73.55999755859375,72.8499984741211,75.58999633789062,73.69999694824219,0.047172394451741484,0.046093573970959624,75.05199890136718,73.52428545270648,20.969999313354492,1266.8399658203125
2008-08-26,73.13999938964844,77.02999877929688,77.5,72.4000015258789,74.9000015258789,-0.05049979814739325,-0.05181953614150233,74.17999877929688,73.4404758271717,20.489999771118164,1271.510009765625
2008-08-27,72.0,73.13999938964844,73.41999816894531,79.41000366210938,71.02999877929688,-0.015586538134559791,-0.015709285360203537,73.89599914550782,73.48666636149089,19.760000228881836,1281.6600341796875
2008-08-28,68.05000305175781,72.0,73.75,74.37000274658203,67.20999908447266,-0.05486106872558594,-0.056423345072764745,72.75599975585938,73.52666655040923,19.43000030517578,1300.6800537109375
2008-08-29,68.06999969482422,68.05000305175781,73.55999755859375,74.0999984741211,72.94999694824219,0.00029385219940691876,0.00029380903330546615,71.65800018310547,73.2942857288179,20.649999618530273,1282.8299560546875
2008-09-02,69.6500015258789,68.06999969482422,77.02999877929688,72.8499984741211,72.7300033569336,0.023211427033028587,0.022946139157027617,70.18200073242187,73.14761897495815,21.989999771118164,1277.5799560546875
2008-09-03,69.93000030517578,69.6500015258789,73.13999938964844,77.5,73.16999816894531,0.004020082888193999,0.0040120239461698326,69.54000091552734,72.99333336239769,21.43000030517578,1274.97998046875
2008-09-04,72.37999725341797,69.93000030517578,72.0,73.41999816894531,70.27999877929688,0.03503499124196141,0.034435234109103825,69.61600036621094,73.09333328973679,24.030000686645508,1236.8299560546875
2008-09-05,70.38999938964844,72.37999725341797,68.05000305175781,73.75,71.5999984741211,-0.027493754342130194,-0.02787878123985524,70.08399963378906,73.03571428571429,23.059999465942383,1242.31005859375
2008-09-08,67.94000244140625,70.38999938964844,68.06999969482422,73.55999755859375,73.11000061035156,-0.03480603735596122,-0.035426200281864634,70.05800018310546,72.78952389671689,22.639999389648438,1267.7900390625
2008-09-09,70.68000030517578,67.94000244140625,69.6500015258789,77.02999877929688,73.05000305175781,0.040329669786700384,0.039537653102028766,70.26399993896484,72.67666662307013,25.469999313354492,1224.510009765625
2008-09-10,70.62999725341797,70.68000030517578,69.93000030517578,73.13999938964844,75.58999633789062,-0.0007074568695799588,-0.0007077072352800371,70.40399932861328,72.44047619047619,24.520000457763672,1232.0400390625
2008-09-11,71.02999877929688,70.62999725341797,72.37999725341797,72.0,72.4000015258789,0.005663337695507975,0.005647361290052162,70.13399963378906,72.37523796444847,24.389999389648438,1249.050048828125
2008-09-12,70.26000213623047,71.02999877929688,70.38999938964844,68.05000305175781,79.41000366210938,-0.010840442859346267,-0.010899628581651126,70.10800018310547,71.9395236060733,25.65999984741211,1251.699951171875
2008-09-15,79.37000274658203,70.26000213623047,67.94000244140625,68.06999969482422,74.37000274658203,0.12966126292862534,0.12191782046524452,72.39400024414063,72.17761884416852,31.700000762939453,1192.699951171875
2008-09-16,74.37999725341797,79.37000274658203,70.68000030517578,69.6500015258789,74.0999984741211,-0.06287016908763998,-0.06493344613699996,73.13399963378906,72.19095211937314,30.299999237060547,1213.5999755859375
2008-09-17,93.04000091552734,74.37999725341797,70.62999725341797,69.93000030517578,72.8499984741211,0.25087394932986373,0.22384246647998504,77.61600036621094,73.15238080705915,36.220001220703125,1156.3900146484375
2008-09-18,89.33000183105469,93.04000091552734,71.02999877929688,72.37999725341797,77.5,-0.039875312209433744,-0.04069211983916346,81.2760009765625,73.71571422758556,33.099998474121094,1206.510009765625
2008-09-19,79.37000274658203,89.33000183105469,70.26000213623047,70.38999938964844,73.41999816894531,-0.11149668510372923,-0.11821690050382154,83.0980010986328,73.9990477789016,32.06999969482422,1255.0799560546875
2008-09-22,83.91999816894531,79.37000274658203,79.37000274658203,67.94000244140625,73.75,0.05732638610194862,0.05574344456141972,84.00800018310547,74.48333340599423,33.849998474121094,1207.0899658203125
2008-09-23,84.7699966430664,83.91999816894531,74.37999725341797,70.68000030517578,73.55999755859375,0.010128676032736594,0.010077724750831397,86.08600006103515,75.01714288620721,35.720001220703125,1188.219970703125
2008-09-24,86.66000366210938,84.7699966430664,93.04000091552734,70.62999725341797,77.02999877929688,0.022295707135639775,0.02205079155029861,84.81000061035157,75.47571454729352,35.189998626708984,1185.8699951171875
2008-09-25,82.95999908447266,86.66000366210938,89.33000183105469,71.02999877929688,73.13999938964844,-0.04269564298731365,-0.04363390568461777,83.53600006103515,75.9433335803804,32.81999969482422,1209.1800537109375
2008-09-26,87.80999755859375,82.95999908447266,79.37000274658203,70.26000213623047,72.0,0.058461891606130134,0.05681680868311769,85.2239990234375,76.6961906069801,34.7400016784668,1213.27001953125
2008-09-29,99.86000061035156,87.80999755859375,83.91999816894531,79.37000274658203,68.05000305175781,0.13722814470774924,0.12859384961591458,88.41199951171875,78.21095239548455,46.720001220703125,1106.4200439453125
2008-09-30,92.2300033569336,99.86000061035156,84.7699966430664,74.37999725341797,68.06999969482422,-0.07640694178632956,-0.07948371753949376,89.90400085449218,79.36142876034691,39.38999938964844,1166.3599853515625
2008-10-01,89.76000213623047,92.2300033569336,86.66000366210938,93.04000091552734,69.6500015258789,-0.026780886162869666,-0.02714602807129699,90.52400054931641,80.31904783703033,39.810001373291016,1161.06005859375
2008-10-02,95.29000091552734,89.76000213623047,82.95999908447266,89.33000183105469,69.93000030517578,0.06160871933697032,0.05978541739415276,92.99000091552735,81.52666691371373,45.2599983215332,1114.280029296875
2008-10-03,94.68000030517578,95.29000091552734,87.80999755859375,79.37000274658203,72.37999725341797,-0.006401517520104871,-0.006422095098880586,94.36400146484375,82.58857182094029,45.13999938964844,1099.22998046875
2008-10-06,104.81999969482422,94.68000030517578,99.86000061035156,83.91999816894531,70.38999938964844,0.10709758509679812,0.10174180259357611,95.35600128173829,84.22809564499627,52.04999923706055,1056.8900146484375
2008-10-07,106.47000122070312,104.81999969482422,92.2300033569336,84.7699966430664,67.94000244140625,0.0157412853528216,0.015618676329152328,98.2040008544922,86.06285749162946,53.68000030517578,996.22998046875
2008-10-08,104.98999786376952,106.47000122070312,89.76000213623047,86.66000366210938,70.68000030517578,-0.013900660655255304,-0.013998179611885899,101.25,87.69666689918155,57.529998779296875,984.9400024414062
2008-10-09,108.0500030517578,104.98999786376952,95.29000091552734,82.95999908447266,70.62999725341797,0.029145682924565985,0.0287290240169757,103.8020004272461,89.47857193719773,63.91999816894531,909.9199829101562
2008-10-10,116.0,108.0500030517578,94.68000030517578,87.80999755859375,71.02999877929688,0.07357701734107325,0.0709960799095293,108.06600036621094,91.62000056675502,69.94999694824219,899.219970703125
2008-10-13,110.06999969482422,116.0,104.81999969482422,99.86000061035156,70.26000213623047,-0.05112069228599814,-0.052473666843625234,109.11600036621094,93.51571473621186,54.9900016784668,1003.3499755859375
2008-10-14,105.63999938964844,110.06999969482422,106.47000122070312,92.2300033569336,79.37000274658203,-0.04024711835612094,-0.041079442611463866,108.95,94.76666695731026,55.130001068115234,998.010009765625
2008-10-15,114.93000030517578,105.63999938964844,104.98999786376952,89.76000213623047,74.37999725341797,0.08794018335102027,0.0842861683847105,110.93800048828125,96.69761948358445,69.25,907.8400268554688
2008-10-16,119.4800033569336,114.93000030517578,108.0500030517578,95.29000091552734,93.04000091552734,0.03958934168342565,0.03882577140811947,113.2240005493164,97.9566672188895,67.61000061035156,946.4299926757812
2008-10-17,117.4499969482422,119.4800033569336,116.0,94.68000030517578,89.33000183105469,-0.016990344422965653,-0.017136336322647598,113.51399993896484,99.29571460542225,70.33000183105469,940.5499877929688
2008-10-20,115.9800033569336,117.4499969482422,110.06999969482422,104.81999969482422,79.37000274658203,-0.012515910000035158,-0.01259489372909066,114.69600067138671,101.03904796781994,52.970001220703125,985.4000244140625
2008-10-21,114.27999877929688,115.9800033569336,105.63999938964844,106.47000122070312,83.91999816894531,-0.014657738648315766,-0.014766224711481327,116.4240005493164,102.48476228259858,53.11000061035156,955.0499877929688
2008-10-22,123.30999755859376,114.27999877929688,114.93000030517578,104.98999786376952,84.7699966430664,0.0790164409848837,0.07604992340262164,118.1,104.32000042143322,69.6500015258789,896.780029296875
2008-10-23,121.61000061035156,123.30999755859376,119.4800033569336,108.0500030517578,86.66000366210938,-0.013786367544402878,-0.013882282071673472,118.5259994506836,105.98428599039714,67.80000305175781,908.1099853515625
2008-10-24,128.08999633789062,121.61000061035156,117.4499969482422,116.0,82.95999908447266,0.05328505628662472,0.05191390524108322,120.65399932861328,108.13333347865513,79.12999725341797,876.77001953125
2008-10-27,134.8699951171875,128.08999633789062,115.9800033569336,110.06999969482422,87.80999755859375,0.052931524499476135,0.051578202072003816,124.43199768066407,110.37428574335007,80.05999755859375,848.9199829101562
2008-10-28,127.45999908447266,134.8699951171875,114.27999877929688,105.63999938964844,99.86000061035156,-0.054941768376845834,-0.05650873262163316,127.06799774169922,111.68857138497489,66.95999908447266,940.510009765625
2008-10-29,124.7300033569336,127.45999908447266,123.30999755859376,114.93000030517578,92.2300033569336,-0.02141845086417893,-0.02165115465206851,127.35199890136718,113.23619043259393,69.95999908447266,930.0900268554688
2008-10-30,121.5199966430664,124.7300033569336,121.61000061035156,119.4800033569336,89.76000213623047,-0.02573564200652889,-0.026072597388238326,127.33399810791016,114.74857112339565,62.900001525878906,954.0900268554688
2008-10-31,116.94000244140624,121.5199966430664,128.08999633789062,117.4499969482422,95.29000091552734,-0.03768922258212959,-0.03841782703803064,125.10399932861328,115.77952357700893,59.88999938964844,968.75
2008-11-03,116.19000244140624,116.94000244140624,134.8699951171875,115.9800033569336,94.68000030517578,-0.006413545274003174,-0.006434200417991309,121.36800079345703,116.8038093930199,53.68000030517578,966.2999877929688
2008-11-04,116.29000091552734,116.19000244140624,127.45999908447266,114.27999877929688,104.81999969482422,0.0008606461142948163,0.0008602759707876137,119.13400115966797,117.3499999273391,47.72999954223633,1005.75
2008-11-05,117.02999877929688,116.29000091552734,124.7300033569336,123.30999755859376,106.47000122070312,0.0063633834202740935,0.006343222578242298,117.59400024414063,117.8528569539388,54.560001373291016,952.77001953125
2008-11-06,125.0,117.02999877929688,121.5199966430664,121.61000061035156,104.98999786376952,0.06810220715915327,0.06588343554631189,118.29000091552734,118.8057141985212,63.68000030517578,904.8800048828125
2008-11-07,116.37000274658205,125.0,116.94000244140624,128.08999633789062,108.0500030517578,-0.06903997802734363,-0.07153894358016719,118.1760009765625,119.20190466017951,56.099998474121094,930.989990234375
2008-11-10,116.52999877929688,116.37000274658205,116.19000244140624,134.8699951171875,116.0,0.0013748906843567,0.0013739463875971842,118.24400024414062,119.22714269728888,59.97999954223633,919.2100219726562
2008-11-11,114.11000061035156,116.52999877929688,116.29000091552734,127.45999908447266,110.06999969482422,-0.020767168920414192,-0.020985839314342832,117.80800018310546,119.41952369326637,61.439998626708984,898.9500122070312
2008-11-12,123.26000213623048,114.11000061035156,117.02999877929688,124.7300033569336,105.63999938964844,0.08018579858853214,0.07713306206980144,119.05400085449219,120.2585714431036,66.45999908447266,852.2999877929688
2008-11-13,117.12000274658205,123.26000213623048,125.0,121.5199966430664,114.93000030517578,-0.04981339674862517,-0.05109688920118054,117.47800140380859,120.36285727364677,59.83000183105469,911.2899780273438
2008-11-14,118.33999633789062,117.12000274658205,116.37000274658205,116.94000244140624,119.4800033569336,0.010416611703368384,0.010362732638878762,117.87200012207032,120.30857122512091,66.30999755859375,873.2899780273438
2008-11-17,115.0999984741211,118.33999633789062,116.52999877929688,116.19000244140624,117.4499969482422,-0.027378722021576873,-0.02776050383203534,117.58600006103515,120.19666653587704,69.1500015258789,850.75
2008-11-18,106.9000015258789,115.0999984741211,114.11000061035156,116.29000091552734,115.9800033569336,-0.0712423723453468,-0.07390747016596237,116.14400024414063,119.76428549630302,67.63999938964844,859.1199951171875
2008-11-19,102.4800033569336,106.9000015258789,123.26000213623048,117.02999877929688,114.27999877929688,-0.04134703560200881,-0.042226141959448515,111.98800048828124,119.20238095238095,74.26000213623047,806.5800170898438
2008-11-20,106.70999908447266,102.4800033569336,117.12000274658205,125.0,123.30999755859376,0.04127630356144851,0.040447175703448496,109.90599975585937,118.41190483456566,80.86000061035156,752.4400024414062
2008-11-21,99.4800033569336,106.70999908447266,118.33999633789062,116.37000274658205,121.61000061035156,-0.06775368559244133,-0.0701582133688778,106.13400115966797,117.35809544154576,72.66999816894531,800.030029296875
2008-11-24,92.30999755859376,99.4800033569336,115.0999984741211,116.52999877929688,128.08999633789062,-0.07207484475662806,-0.07480420112585882,101.5760009765625,115.65428597586495,64.69999694824219,851.8099975585938
2008-11-25,90.27999877929688,92.30999755859376,106.9000015258789,114.11000061035156,134.8699951171875,-0.021991104246410043,-0.022236513126120405,98.25200042724609,113.53095281691779,60.900001525878906,857.3900146484375
2008-11-26,89.31999969482422,90.27999877929688,102.4800033569336,123.26000213623048,127.45999908447266,-0.01063357440687962,-0.010690514872732683,95.61999969482422,111.71476236979167,54.91999816894531,887.6799926757812
2008-11-28,88.41000366210938,89.31999969482422,106.70999908447266,117.12000274658205,124.7300033569336,-0.01018804339256596,-0.010240296715697315,91.96000061035156,109.98523857480004,55.279998779296875,896.239990234375
2008-12-01,90.48999786376952,88.41000366210938,99.4800033569336,118.33999633789062,121.5199966430664,0.02352668380842493,0.023254196916073184,90.16199951171875,108.50761958530971,68.51000213623047,816.2100219726562
2008-12-02,87.08000183105469,90.48999786376952,92.30999755859376,115.0999984741211,116.94000244140624,-0.03768367900559011,-0.03841206636205963,89.11600036621094,107.08571479434059,62.97999954223633,848.8099975585938
2008-12-03,84.72000122070312,87.08000183105469,90.27999877929688,106.9000015258789,116.19000244140624,-0.027101522286715585,-0.027475541691788626,88.00400085449219,105.58714330764045,60.720001220703125,870.739990234375
2008-12-04,83.94000244140625,84.72000122070312,89.31999969482422,102.4800033569336,116.29000091552734,-0.0092067843255208,-0.0092494287112484,86.9280014038086,104.04666718982514,63.63999938964844,845.219970703125
2008-12-05,82.9000015258789,83.94000244140625,88.41000366210938,106.70999908447266,117.02999877929688,-0.01238981278626139,-0.0124672064430711,85.8260009765625,102.42142922537667,59.93000030517578,876.0700073242188
2008-12-08,82.0999984741211,82.9000015258789,90.48999786376952,99.4800033569336,125.0,-0.009650217575787101,-0.009697082674740162,84.14800109863282,100.37857200985863,58.4900016784668,909.7000122070312
2008-12-09,80.75,82.0999984741211,87.08000183105469,92.30999755859376,116.37000274658205,-0.016443343473954264,-0.016580035770002485,82.88200073242187,98.68238140287853,58.90999984741211,888.6699829101562
2008-12-10,86.45999908447266,80.75,84.72000122070312,90.27999877929688,116.52999877929688,0.07071206296560573,0.068323906547692,83.23000030517578,97.25047665550595,55.72999954223633,899.239990234375
2008-12-11,88.68000030517578,86.45999908447266,83.94000244140625,89.31999969482422,114.11000061035156,0.02567662785346725,0.025352519538967458,84.1779998779297,96.0395242600214,55.779998779296875,873.5900268554688
2008-12-12,86.2699966430664,88.68000030517578,82.9000015258789,88.41000366210938,123.26000213623048,-0.0271764056587257,-0.02755251401288484,84.85199890136718,94.27809542701358,54.279998779296875,879.72998046875
2008-12-15,82.02999877929688,86.2699966430664,82.0999984741211,90.48999786376952,117.12000274658205,-0.049148000796987446,-0.050396855043061246,84.83799896240234,92.60714285714286,56.7599983215332,868.5700073242188
2008-12-16,79.98999786376953,82.02999877929688,80.75,87.08000183105469,118.33999633789062,-0.02486896191496968,-0.02518341897896825,84.68599853515624,90.78095245361328,52.369998931884766,913.1799926757812
2008-12-17,75.16999816894531,79.98999786376953,86.45999908447266,84.72000122070312,115.0999984741211,-0.06025752998560063,-0.06214940932398296,82.42799835205078,88.87952386765252,49.84000015258789,904.4199829101562
2008-12-18,81.26000213623047,75.16999816894531,88.68000030517578,83.94000244140625,106.9000015258789,0.08101641766170875,0.07790172601788398,80.94399871826172,87.6585715157645,47.34000015258789,885.280029296875
2008-12-19,87.69000244140625,81.26000213623047,86.2699966430664,82.9000015258789,102.4800033569336,0.07912872429410034,0.07615397878418208,81.22799987792969,86.95428575788226,44.93000030517578,887.8800048828125
2008-12-22,87.04000091552734,87.69000244140625,82.02999877929688,82.0999984741211,106.70999908447266,-0.007412492961363926,-0.007440102006494997,82.23000030517578,86.01761917840867,44.560001373291016,871.6300048828125
2008-12-23,86.38999938964844,87.04000091552734,79.98999786376953,80.75,99.4800033569336,-0.007467848334580474,-0.007495872320378275,83.51000061035157,85.394285656157,45.02000045776367,863.1599731445312
2008-12-24,85.0999984741211,86.38999938964844,75.16999816894531,86.45999908447266,92.30999755859376,-0.014932294532252532,-0.01504490365681454,85.49600067138672,85.0509523664202,44.209999084472656,868.1500244140625
2008-12-26,83.73999786376953,85.0999984741211,81.26000213623047,88.68000030517578,90.27999877929688,-0.01598120604861275,-0.016110282568184864,85.99199981689453,84.73952375139508,43.380001068115234,872.7999877929688
2008-12-29,83.95999908447266,83.73999786376953,87.69000244140625,86.2699966430664,89.31999969482422,0.0026271940090210055,0.0026237489673831597,85.24599914550781,84.48428562709263,43.900001525878906,869.4199829101562
2008-12-30,80.88999938964844,83.95999908447266,87.04000091552734,82.02999877929688,88.41000366210938,-0.0365650277310684,-0.03725028456369479,84.01599884033203,84.12619018554688,41.630001068115234,890.6400146484375
2008-12-31,85.5999984741211,80.88999938964844,86.38999938964844,79.98999786376953,90.48999786376952,0.05822721127471531,0.05659506583759822,83.85799865722656,83.89333307175409,40.0,903.25
2009-01-02,84.41000366210938,85.5999984741211,85.0999984741211,75.16999816894531,87.08000183105469,-0.013901808799348103,-0.013999343941599345,83.71999969482422,83.76619030180431,39.189998626708984,931.7999877929688
2009-01-05,90.88999938964844,84.41000366210938,83.73999786376953,81.26000213623047,84.72000122070312,0.07676810148567559,0.0739640560349928,85.15,84.05999973842076,39.08000183105469,927.4500122070312
2009-01-06,90.33000183105467,90.88999938964844,83.95999908447266,87.69000244140625,83.94000244140625,-0.006161267051978281,-0.006180325982923756,86.4240005493164,84.36428542364212,38.560001373291016,934.7000122070312
2009-01-07,93.98999786376952,90.33000183105467,80.88999938964844,87.04000091552734,82.9000015258789,0.04051805555766719,0.0397187194714579,89.04400024414062,84.89238048735119,43.38999938964844,906.6500244140625
2009-01-08,93.13999938964844,93.98999786376952,85.5999984741211,86.38999938964844,82.0999984741211,-0.009043499238643227,-0.009084639902759761,90.55200042724609,85.41809481666202,42.560001373291016,909.72998046875
2009-01-09,91.5199966430664,93.13999938964844,84.41000366210938,85.0999984741211,80.75,-0.01739320117240717,-0.017546240049470276,91.97399902343749,85.93095179966518,42.81999969482422,890.3499755859375
2009-01-12,93.26000213623048,91.5199966430664,90.88999938964844,83.73999786376953,86.45999908447266,0.01901229848106545,0.018833823334650408,92.4479995727539,86.2547614687965,45.84000015258789,870.260009765625
2009-01-13,92.5,93.26000213623048,90.33000183105467,83.95999908447266,88.68000030517578,-0.008149282852474071,-0.00818266976797644,92.88199920654297,86.43666621616909,43.27000045776367,871.7899780273438
2009-01-14,99.87999725341795,92.5,93.98999786376952,80.88999938964844,86.2699966430664,0.07978375409100491,0.07676079339437354,94.05999908447265,87.08476148332868,49.13999938964844,842.6199951171875
2009-01-15,96.44000244140624,99.87999725341795,93.13999938964844,85.5999984741211,82.02999877929688,-0.034441278600395586,-0.03504835928449646,94.71999969482422,87.77095213390533,51.0,843.739990234375
2009-01-16,98.79000091552734,96.44000244140624,91.5199966430664,84.41000366210938,79.98999786376953,0.024367465933536225,0.024075315695535202,96.1740005493164,88.66619037446522,46.11000061035156,850.1199951171875
2009-01-20,104.0199966430664,98.79000091552734,93.26000213623048,90.88999938964844,75.16999816894531,0.05294053729193804,0.05158676174913282,98.3259994506836,90.03999982561383,56.650001525878906,805.219970703125
2009-01-21,100.80999755859376,104.0199966430664,92.5,90.33000183105467,81.26000213623047,-0.030859442300189777,-0.03134562322497193,99.98799896240234,90.97095198858352,46.41999816894531,840.239990234375
2009-01-22,98.87000274658205,100.80999755859376,99.87999725341795,93.98999786376952,87.69000244140625,-0.019244071609902935,-0.01943164915917986,99.78600006103515,91.50333295549665,47.290000915527344,827.5
2009-01-23,95.6999969482422,98.87000274658205,96.44000244140624,93.13999938964844,87.04000091552734,-0.032062361791017846,-0.03258761711866075,99.63799896240235,91.91571371895927,47.27000045776367,831.9500122070312
2009-01-26,96.16999816894533,95.6999969482422,98.79000091552734,91.5199966430664,86.38999938964844,0.0049111936853802884,0.004899173114508413,99.11399841308595,92.38142794654483,45.689998626708984,836.5700073242188
2009-01-27,95.4800033569336,96.16999816894533,104.0199966430664,93.26000213623048,85.0999984741211,-0.00717474082509173,-0.0072006030554914,97.40599975585938,92.87571389334542,42.25,845.7100219726562
2009-01-28,98.22000122070312,95.4800033569336,100.80999755859376,92.5,83.73999786376953,0.028697085959733082,0.028293036410223713,96.88800048828126,93.56523786272321,39.65999984741211,874.0900268554688
2009-01-29,98.9800033569336,98.22000122070312,98.87000274658205,99.87999725341795,83.95999908447266,0.007737753276165327,0.007707970399658395,96.91000061035156,94.28047616141183,42.630001068115234,845.1400146484375
2009-01-30,98.72000122070312,98.9800033569336,95.6999969482422,96.44000244140624,80.88999938964844,-0.0026268147849305423,-0.0026302709166263383,97.51400146484374,95.12952386765252,44.84000015258789,825.8800048828125
2009-02-02,96.4800033569336,98.72000122070312,96.16999816894533,98.79000091552734,85.5999984741211,-0.02269041568143504,-0.022951804749422225,97.57600250244141,95.64761933826264,45.52000045776367,825.4400024414062
2009-02-03,92.25,96.4800033569336,95.4800033569336,104.0199966430664,84.41000366210938,-0.04384331685068921,-0.044833484852326015,96.93000183105468,96.02095249720982,43.060001373291016,838.510009765625
2009-02-04,91.56999969482422,92.25,98.22000122070312,100.80999755859376,90.88999938964844,-0.0073712770208756995,-0.007398579133700652,95.60000152587891,96.05333346412296,43.849998474121094,832.22998046875
2009-02-05,92.26000213623048,91.56999969482422,98.9800033569336,98.87000274658205,90.33000183105467,0.007535245644925581,0.007506997497198261,94.25600128173828,96.1452382405599,43.72999954223633,845.8499755859375
2009-02-06,94.01000213623048,92.26000213623048,98.72000122070312,95.6999969482422,93.98999786376952,0.01896813309646328,0.0187904810297639,93.31400146484376,96.14619082496282,43.369998931884766,868.5999755859375
2009-02-09,94.37999725341795,94.01000213623048,96.4800033569336,96.16999816894533,93.13999938964844,0.003935699487074951,0.003927974883028707,92.89400024414063,96.20523834228517,43.63999938964844,869.8900146484375
2009-02-10,95.9800033569336,94.37999725341795,92.25,95.4800033569336,91.5199966430664,0.016952809388407708,0.01681071420851692,93.64000091552734,96.41761961437408,46.66999816894531,827.1599731445312
2009-02-11,94.66999816894533,95.9800033569336,91.56999969482422,98.22000122070312,93.26000213623048,-0.013648730383104657,-0.013742730606089774,94.26000061035157,96.4847622825986,44.529998779296875,833.739990234375
2009-02-12,91.04000091552734,94.66999816894533,92.26000213623048,98.9800033569336,92.5,-0.03834369202099275,-0.03909816036501349,94.01600036621093,96.41523851667132,41.25,835.1900024414062
2009-02-13,91.93000030517578,91.04000091552734,94.01000213623048,98.72000122070312,99.87999725341795,0.00977591586883042,0.009728440760976752,93.6,96.0366672334217,42.93000030517578,826.8400268554688
2009-02-17,95.06999969482422,91.93000030517578,94.37999725341795,96.4800033569336,96.44000244140624,0.03415641661290891,0.03358603796561044,93.73800048828124,95.97142900739398,48.65999984741211,789.1699829101562
2009-02-18,89.11000061035156,95.06999969482422,95.9800033569336,92.25,98.79000091552734,-0.06269063956668053,-0.06474189068688206,92.36399993896484,95.51047661190943,48.459999084472656,788.4199829101562
2009-02-19,88.2699966430664,89.11000061035156,94.66999816894533,91.56999969482422,104.0199966430664,-0.0094265959099048,-0.009471307472193607,91.08399963378906,94.76047661190943,47.08000183105469,778.9400024414062
2009-02-20,90.66000366210938,88.2699966430664,91.04000091552734,92.26000213623048,100.80999755859376,0.02707609731432692,0.026716024904732877,91.00800018310547,94.27714356921969,49.29999923706055,770.0499877929688
2009-02-23,93.0199966430664,90.66000366210938,91.93000030517578,94.01000213623048,98.87000274658205,0.026031247359670884,0.025698201801066398,91.22599945068359,93.99857185000467,52.619998931884766,743.3300170898438
2009-02-24,89.12999725341797,93.0199966430664,95.06999969482422,94.37999725341795,95.6999969482422,-0.0418189586113944,-0.04271854038048653,90.03799896240234,93.6857147216797,45.4900016784668,773.1400146484375
2009-02-25,88.93000030517578,89.12999725341797,89.11000061035156,95.9800033569336,96.16999816894533,-0.0022438792146884934,-0.0022464004839754803,90.00199890136719,93.34095291864304,44.66999816894531,764.9000244140625
2009-02-26,89.37000274658203,88.93000030517578,88.2699966430664,94.66999816894533,95.4800033569336,0.004947739119490757,0.004935539282818041,90.22200012207031,93.0500005086263,44.65999984741211,752.8300170898438
2009-02-27,91.08000183105467,89.37000274658203,90.66000366210938,91.04000091552734,98.22000122070312,0.019133926730667383,0.018953175173337722,90.30599975585938,92.71000053769066,46.349998474121094,735.0900268554688
2009-03-02,93.86000061035156,91.08000183105467,93.0199966430664,91.93000030517578,98.9800033569336,0.0305226034629813,0.030066055569713427,90.4740005493164,92.46619088309151,52.650001525878906,700.8200073242188
2009-03-03,90.75,93.86000061035156,89.12999725341797,95.06999969482422,98.72000122070312,-0.03313446185944913,-0.03369584372409818,90.79800109863281,92.08666701543899,50.93000030517578,696.3300170898438
2009-03-04,85.5999984741211,90.75,88.93000030517578,89.11000061035156,96.4800033569336,-0.056749328108858466,-0.05842320782295205,90.13200073242187,91.56857154482887,47.560001373291016,712.8699951171875
2009-03-05,89.87999725341797,85.5999984741211,89.37000274658203,88.2699966430664,92.25,0.049999986630733684,0.04879015143679734,90.23399963378907,91.4557142711821,50.16999816894531,682.5499877929688
2009-03-06,88.26000213623047,89.87999725341797,91.08000183105467,90.66000366210938,91.56999969482422,-0.018023978267599383,-0.01818838871356961,89.66999969482421,91.29809533982049,49.33000183105469,683.3800048828125
2009-03-09,90.08999633789062,88.26000213623047,93.86000061035156,93.0199966430664,92.26000213623048,0.02073412822759213,0.020522101968657315,88.91599884033204,91.19476173037575,49.68000030517578,676.530029296875
2009-03-10,85.36000061035156,90.08999633789062,90.75,89.12999725341797,94.01000213623048,-0.05250300721290724,-0.053931515870072215,87.83799896240234,90.78285689581008,44.369998931884766,719.5999755859375
2009-03-11,85.3499984741211,85.36000061035156,85.5999984741211,88.93000030517578,94.37999725341795,-0.00011717591563908947,-0.00011718278127302226,87.78799896240234,90.3528569539388,43.61000061035156,721.3599853515625
2009-03-12,81.80999755859375,85.3499984741211,89.87999725341797,89.37000274658203,95.9800033569336,-0.04147628563345207,-0.042360975679335375,86.1739990234375,89.67809477306548,41.18000030517578,750.739990234375
2009-03-13,78.12999725341797,81.80999755859375,88.26000213623047,91.08000183105467,94.66999816894533,-0.04498228107805646,-0.0460253848285602,84.147998046875,88.89047568184989,42.36000061035156,756.5499877929688
2009-03-16,80.06999969482422,78.12999725341797,90.08999633789062,93.86000061035156,91.04000091552734,0.024830442974594913,0.02452717741852797,82.14399871826171,88.36809467134022,43.7400016784668,753.8900146484375
2009-03-17,75.20999908447266,80.06999969482422,85.36000061035156,90.75,91.93000030517578,-0.06069689807511913,-0.06261705960781552,80.11399841308594,87.57190413702102,40.79999923706055,778.1199951171875
2009-03-18,74.80000305175781,75.20999908447266,85.3499984741211,85.5999984741211,95.06999969482422,-0.005451350055919457,-0.00546626288603266,78.00399932861328,86.6066662016369,40.060001373291016,794.3499755859375
2009-03-19,73.55999755859375,74.80000305175781,81.80999755859375,89.87999725341797,89.11000061035156,-0.01657761286862569,-0.0167165592325304,76.35399932861328,85.86618986583892,43.68000030517578,784.0399780273438
2009-03-20,73.11000061035156,73.55999755859375,78.12999725341797,88.26000213623047,88.2699966430664,-0.006117413855047271,-0.006136201893176471,75.35,85.14428529285249,45.88999938964844,768.5399780273438
2009-03-23,71.38999938964844,73.11000061035156,80.06999969482422,90.08999633789062,90.66000366210938,-0.023526209907589468,-0.02380736968879453,73.61399993896484,84.22666604178292,43.22999954223633,822.9199829101562
2009-03-24,70.16000366210938,71.38999938964844,75.20999908447266,85.36000061035156,93.0199966430664,-0.0172292441245967,-0.017379394704362432,72.60400085449218,83.13809494745163,42.93000030517578,806.1199951171875
2009-03-25,71.76000213623047,70.16000366210938,74.80000305175781,85.3499984741211,89.12999725341797,0.022804994164861814,0.02254884725917003,71.99600067138672,82.31095232282367,42.25,813.8800048828125
2009-03-26,70.97000122070312,71.76000213623047,73.55999755859375,81.80999755859375,88.93000030517578,-0.011008931048073212,-0.011069977782477357,71.47800140380859,81.4557142711821,40.36000061035156,832.8599853515625
2009-03-27,71.68000030517578,70.97000122070312,73.11000061035156,78.12999725341797,89.37000274658203,0.010004214065950201,0.009954503186988838,71.19200134277344,80.61333320254371,41.040000915527344,815.9400024414062
2009-03-30,74.68000030517578,71.68000030517578,71.38999938964844,80.06999969482422,91.08000183105467,0.041852678393241804,0.04100054983581808,71.85000152587891,79.83238074893043,45.540000915527344,787.530029296875
2009-03-31,72.70999908447266,74.68000030517578,70.16000366210938,75.20999908447266,93.86000061035156,-0.02637923423477262,-0.026733408689493816,72.36000061035156,78.82523781912667,44.13999938964844,797.8699951171875
2009-04-01,70.38999938964844,72.70999908447266,71.76000213623047,74.80000305175781,90.75,-0.03190757425438695,-0.032427715121431916,72.08600006103515,77.85571398053851,42.279998779296875,811.0800170898438
2009-04-02,69.61000061035156,70.38999938964844,70.97000122070312,73.55999755859375,85.5999984741211,-0.011081102231286333,-0.011142955000307764,71.81399993896484,77.09428551083519,42.040000915527344,834.3800048828125
2009-04-03,67.86000061035156,69.61000061035156,71.68000030517578,73.11000061035156,89.87999725341797,-0.025140065862027328,-0.025461475598374337,71.05,76.04571424211774,39.70000076293945,842.5
2009-04-06,68.26000213623047,67.86000061035156,74.68000030517578,71.38999938964844,88.26000213623047,0.005894511085782206,0.005877206423695229,69.76600036621093,75.09333328973679,40.93000030517578,835.47998046875
2009-04-07,66.38999938964844,68.26000213623047,72.70999908447266,70.16000366210938,90.08999633789062,-0.02739529282243436,-0.027777541236413378,68.50200042724609,73.96476200648716,40.38999938964844,815.5499877929688
2009-04-08,68.72000122070312,66.38999938964844,70.38999938964844,71.76000213623047,85.36000061035156,0.03509567483770737,0.03449386190179119,68.16800079345703,73.17238108317058,38.849998474121094,825.1599731445312
2009-04-09,65.22000122070312,68.72000122070312,69.61000061035156,70.97000122070312,85.3499984741211,-0.05093131457840494,-0.052274106361560796,67.29000091552734,72.21380978538876,36.529998779296875,856.5599975585938
2009-04-13,67.51000213623047,65.22000122070312,67.86000061035156,71.68000030517578,81.80999755859375,0.03511194223652381,0.03450957761907733,67.22000122070312,71.53285762241909,37.810001373291016,858.72998046875
2009-04-14,65.79000091552734,67.51000213623047,68.26000213623047,74.68000030517578,78.12999725341797,-0.02547772428198536,-0.025807901683138772,66.7260009765625,70.9452387491862,37.66999816894531,841.5
2009-04-15,64.94999694824219,65.79000091552734,66.38999938964844,72.70999908447266,80.06999969482422,-0.012767957981391409,-0.012850168883466738,66.43800048828125,70.22523861839657,36.16999816894531,852.0599975585938
2009-04-16,69.72000122070312,64.94999694824219,68.72000122070312,70.38999938964844,75.20999908447266,0.07344117777653003,0.07086954203012673,66.63800048828125,69.96381014869327,35.790000915527344,865.2999877929688
2009-04-17,68.91999816894531,69.72000122070312,65.22000122070312,69.61000061035156,74.80000305175781,-0.011474512876518017,-0.011540853068569869,67.37799987792968,69.68380991617839,33.939998626708984,869.5999755859375
2009-04-20,75.4800033569336,68.91999816894531,67.51000213623047,67.86000061035156,73.55999755859375,0.09518289846595152,0.09092137988292569,68.97200012207031,69.77523876371838,39.18000030517578,832.3900146484375
2009-04-21,75.4800033569336,75.4800033569336,65.79000091552734,68.26000213623047,73.11000061035156,0.0,0.0,70.91000061035156,69.88809603736514,37.13999938964844,850.0800170898438
2009-04-22,75.5199966430664,75.4800033569336,64.94999694824219,66.38999938964844,71.38999938964844,0.0005298527338915004,0.0005297124114963095,73.02400054931641,70.08476257324219,38.099998474121094,843.5499877929688
2009-04-23,72.80999755859375,75.5199966430664,69.72000122070312,68.72000122070312,70.16000366210938,-0.03588452337042658,-0.03654420251089775,73.64199981689453,70.21095275878906,37.150001525878906,851.9199829101562
2009-04-24,72.04000091552734,72.80999755859375,68.91999816894531,65.22000122070312,71.76000213623047,-0.01057542465163186,-0.010631741859072492,74.26600036621093,70.22428603399368,36.81999969482422,866.22998046875
2009-04-27,74.16000366210938,72.04000091552734,75.4800033569336,67.51000213623047,70.97000122070312,0.02942813325430005,0.02900343762244047,74.00200042724609,70.37619091215588,38.31999969482422,857.510009765625
2009-04-28,74.22000122070312,74.16000366210938,75.4800033569336,65.79000091552734,71.68000030517578,0.0008090285279260812,0.0008087014407499311,73.75,70.4971433367048,37.95000076293945,855.1599731445312
2009-04-29,72.12000274658203,74.22000122070312,75.5199966430664,64.94999694824219,74.68000030517578,-0.02829423928297259,-0.028702235660926837,73.07000122070312,70.37523869105748,36.08000183105469,873.6400146484375
2009-04-30,71.41999816894531,72.12000274658203,72.80999755859375,69.72000122070312,72.70999908447266,-0.00970610858261367,-0.009753519890156099,72.79200134277343,70.31381007603237,36.5,872.8099975585938
2009-05-01,69.81999969482422,71.41999816894531,72.04000091552734,68.91999816894531,70.38999938964844,-0.022402667532086307,-0.022657419222463396,72.3480010986328,70.2866672334217,35.29999923706055,877.52001953125
2009-05-04,70.36000061035156,69.81999969482422,74.16000366210938,75.4800033569336,69.61000061035156,0.007734186735715021,0.007704431238056086,71.58800048828125,70.32238151913597,34.529998779296875,907.239990234375
2009-05-05,70.7699966430664,70.36000061035156,74.22000122070312,75.4800033569336,67.86000061035156,0.005827118094915429,0.005810206109223854,70.8979995727539,70.46095275878906,33.36000061035156,903.7999877929688
2009-05-06,71.1500015258789,70.7699966430664,72.12000274658203,75.5199966430664,68.26000213623047,0.005369576103402718,0.00535521132852841,70.70399932861328,70.59857177734375,32.45000076293945,919.530029296875
2009-05-07,72.79000091552734,71.1500015258789,71.41999816894531,72.80999755859375,66.38999938964844,0.023049885516192692,0.022788249726014294,70.97799987792969,70.90333375476655,33.439998626708984,907.3900146484375
2009-05-08,74.66000366210938,72.79000091552734,69.81999969482422,72.04000091552734,68.72000122070312,0.025690379489789583,0.025365926829104535,71.94600067138671,71.18619101388114,32.04999923706055,929.22998046875
2009-05-11,76.86000061035156,74.66000366210938,70.36000061035156,74.16000366210938,65.22000122070312,0.029466874368219598,0.029041070540856116,73.24600067138672,71.74047669910249,32.869998931884766,909.239990234375
2009-05-12,77.52999877929688,76.86000061035156,70.7699966430664,74.22000122070312,67.51000213623047,0.008717124168940993,0.008679349408174454,74.5980010986328,72.21761939639137,31.799999237060547,908.3499755859375
2009-05-13,81.87000274658203,77.52999877929688,71.1500015258789,72.12000274658203,65.79000091552734,0.05597838302100011,0.05446771445049072,76.74200134277343,72.98333376929874,33.650001525878906,883.9199829101562
2009-05-14,79.37999725341797,81.87000274658203,72.79000091552734,71.41999816894531,64.94999694824219,-0.0304141371641522,-0.03088624418195505,78.06000061035157,73.67047664097377,31.3700008392334,893.0700073242188
2009-05-15,80.29000091552734,79.37999725341797,74.66000366210938,69.81999969482422,69.72000122070312,0.011463891327738729,0.011398678844859452,79.18600006103516,74.17380995977493,33.119998931884766,882.8800048828125
2009-05-18,76.41000366210938,80.29000091552734,76.86000061035156,70.36000061035156,68.91999816894531,-0.04832478775906468,-0.049531466012779565,79.09600067138672,74.53047688802083,30.239999771118164,909.7100219726562
2009-05-19,74.4000015258789,76.41000366210938,77.52999877929688,70.7699966430664,75.4800033569336,-0.026305484097590703,-0.026657663238398688,78.47000122070312,74.47904822939918,28.799999237060547,908.1300048828125
2009-05-20,77.44999694824219,74.4000015258789,81.87000274658203,71.1500015258789,75.4800033569336,0.04099456128777623,0.04017656511176448,77.58600006103515,74.57285744803292,29.030000686645508,903.469970703125
2009-05-21,84.69000244140625,77.44999694824219,79.37999725341797,72.79000091552734,75.5199966430664,0.09347973890821937,0.08936503230113411,78.64800109863282,75.00952439081101,31.350000381469727,888.3300170898438
2009-05-22,87.27999877929688,84.69000244140625,80.29000091552734,74.66000366210938,72.80999755859375,0.030582078914008104,0.03012376777768796,80.04600067138672,75.69857206798736,32.630001068115234,887.0
2009-05-26,91.2300033569336,87.27999877929688,76.41000366210938,76.86000061035156,72.04000091552734,0.0452566983602396,0.044262499615003136,83.01000061035157,76.61238170805431,30.6200008392334,910.3300170898438
2009-05-27,90.86000061035156,91.2300033569336,74.4000015258789,77.52999877929688,74.16000366210938,-0.0040557133943578405,-0.004063960105008701,86.3020004272461,77.40761965797061,32.36000061035156,893.0599975585938
2009-05-28,88.19000244140625,90.86000061035156,77.44999694824219,81.87000274658203,74.22000122070312,-0.029385848019035987,-0.02982626146518108,88.4500015258789,78.07285781133743,31.670000076293945,906.8300170898438
2009-05-29,83.91000366210938,88.19000244140625,84.69000244140625,79.37999725341797,72.12000274658203,-0.04853156435890249,-0.04974876605829277,88.29400177001953,78.63428642636254,28.920000076293945,919.1400146484375
2009-06-01,84.2300033569336,83.91000366210938,87.27999877929688,80.29000091552734,71.41999816894531,0.0038136060166651387,0.0038063526563636312,87.68400268554687,79.2442866734096,30.040000915527344,942.8699951171875
2009-06-02,83.81999969482422,84.2300033569336,91.2300033569336,76.41000366210938,69.81999969482422,-0.004867667645363172,-0.004879553325563051,86.202001953125,79.91095334007626,29.6299991607666,944.739990234375
2009-06-03,84.88999938964844,83.81999969482422,90.86000061035156,74.4000015258789,70.36000061035156,0.01276544617895392,0.01268465470388651,85.00800170898438,80.60285804385231,31.020000457763672,931.760009765625
2009-06-04,81.26000213623047,84.88999938964844,88.19000244140625,77.44999694824219,70.7699966430664,-0.04276118835572307,-0.043702376711553144,83.62200164794922,81.10238211495536,30.18000030517578,942.4600219726562
2009-06-05,82.11000061035156,81.26000213623047,83.91000366210938,84.69000244140625,71.1500015258789,0.010460231993300928,0.010405902305625526,83.26200103759766,81.62428683326358,29.6200008392334,940.0900268554688
2009-06-08,82.69000244140625,82.11000061035156,84.2300033569336,87.27999877929688,72.79000091552734,0.007063717290748173,0.0070388861048437945,82.9540008544922,82.09571547735305,29.770000457763672,939.1400146484375
2009-06-09,81.63999938964844,82.69000244140625,83.81999969482422,91.2300033569336,74.66000366210938,-0.012698065313298756,-0.012779374793371144,82.51800079345703,82.42809622628349,28.270000457763672,942.4299926757812
2009-06-10,86.91999816894531,81.63999938964844,84.88999938964844,90.86000061035156,76.86000061035156,0.06467416485510591,0.06266880385674176,82.9240005493164,82.90714372907367,28.459999084472656,939.1500244140625
2009-06-11,85.22000122070312,86.91999816894531,81.26000213623047,88.19000244140625,77.52999877929688,-0.019558179752120153,-0.01975197192634718,83.71600036621093,83.27333432152157,28.110000610351562,944.8900146484375
2009-06-12,85.43000030517578,85.22000122070312,82.11000061035156,83.91000366210938,81.87000274658203,0.002464199500875397,0.0024611683398544394,84.38000030517578,83.44285801478794,28.149999618530273,946.2100219726562
2009-06-15,85.05000305175781,85.43000030517578,82.69000244140625,84.2300033569336,79.37999725341797,-0.004448053986427891,-0.004457976011963145,84.8520004272461,83.71285829089936,30.809999465942383,923.719970703125
2009-06-16,88.48999786376953,85.05000305175781,81.63999938964844,83.81999969482422,80.29000091552734,0.04044673355177064,0.039650172414537256,86.22200012207031,84.10333433605376,32.68000030517578,911.969970703125
2009-06-17,86.48999786376953,88.48999786376953,86.91999816894531,84.88999938964844,76.41000366210938,-0.022601424435324313,-0.022860751519074504,86.13600006103516,84.58333405994233,31.540000915527344,910.7100219726562
2009-06-18,83.87000274658203,86.48999786376953,85.22000122070312,81.26000213623047,74.4000015258789,-0.030292463659373103,-0.030760761874852455,85.86600036621094,85.03428649902344,30.030000686645508,918.3699951171875
2009-06-19,84.1500015258789,83.87000274658203,85.43000030517578,82.11000061035156,77.44999694824219,0.0033384853955817917,0.0033329250252534634,85.61000061035156,85.35333433605376,27.989999771118164,921.22998046875
2009-06-22,86.0999984741211,84.1500015258789,85.05000305175781,82.69000244140625,84.69000244140625,0.02317286883996661,0.022908454941854246,85.81999969482422,85.42047700427827,31.170000076293945,893.0399780273438
2009-06-23,85.63999938964844,86.0999984741211,88.48999786376953,81.63999938964844,87.27999877929688,-0.0053426143162002004,-0.0053569371169770305,85.25,85.34238179524739,30.579999923706055,895.0999755859375
2009-06-24,83.95999908447266,85.63999938964844,86.48999786376953,86.91999816894531,91.2300033569336,-0.019617005104496155,-0.019811972546432507,84.74400024414062,84.9961911156064,29.049999237060547,900.9400024414062
2009-06-25,82.56999969482422,83.95999908447266,83.87000274658203,85.22000122070312,90.86000061035156,-0.016555495531270226,-0.01669406931473184,84.48399963378907,84.60142916724796,26.360000610351562,920.260009765625
2009-06-26,77.5999984741211,82.56999969482422,84.1500015258789,85.43000030517578,88.19000244140625,-0.06019136779789358,-0.062079007207587876,83.1739990234375,84.0971432640439,25.93000030517578,918.9000244140625
2009-06-29,79.69000244140625,77.5999984741211,86.0999984741211,85.05000305175781,83.91000366210938,0.026933041345125197,0.026576730520165147,81.89199981689453,83.8961908249628,25.350000381469727,927.22998046875
2009-06-30,79.5999984741211,79.69000244140625,85.63999938964844,88.48999786376953,84.2300033569336,-0.0011294260826674174,-0.0011300643649458848,80.68399963378906,83.67571440197173,26.350000381469727,919.3200073242188
2009-07-01,79.68000030517578,79.5999984741211,83.95999908447266,86.48999786376953,83.81999969482422,0.0010050481480938789,0.001004543425356012,79.82799987792968,83.47857157389323,26.219999313354492,923.3300170898438
2009-07-02,81.31999969482422,79.68000030517578,82.56999969482422,83.87000274658203,84.88999938964844,0.020582321578403784,0.020373367901009326,79.57799987792968,83.30857158842541,27.950000762939453,896.4199829101562
2009-07-06,83.19999694824219,81.31999969482422,77.5999984741211,84.1500015258789,81.26000213623047,0.023118510335381037,0.022855326140011505,80.6979995727539,83.4009522937593,29.0,898.719970703125
2009-07-07,85.62999725341797,83.19999694824219,79.69000244140625,86.0999984741211,82.11000061035156,0.0292067355085055,0.0287883458157218,81.88599853515625,83.56857118152436,30.850000381469727,881.030029296875
2009-07-08,86.16999816894531,85.62999725341797,79.5999984741211,85.63999938964844,82.69000244140625,0.006306211991683686,0.006286411039243436,83.19999847412109,83.73428526378814,31.299999237060547,879.5599975585938
2009-07-09,82.87999725341797,86.16999816894531,79.68000030517578,83.95999908447266,81.63999938964844,-0.038180352621999036,-0.03892832263043571,83.83999786376953,83.7933327811105,29.780000686645508,882.6799926757812
2009-07-10,81.41999816894531,82.87999725341797,81.31999969482422,82.56999969482422,86.91999816894531,-0.017615819653184706,-0.017772824786081654,83.85999755859375,83.53142801920573,29.020000457763672,879.1300048828125
2009-07-13,80.58000183105469,81.41999816894531,83.19999694824219,77.5999984741211,85.22000122070312,-0.010316830714582448,-0.01037041809918909,83.33599853515625,83.3104756673177,26.309999465942383,901.0499877929688
2009-07-14,81.5199966430664,80.58000183105469,85.62999725341797,79.69000244140625,85.43000030517578,0.011665361015783082,0.011597845248564956,82.51399841308594,83.12428501674107,25.020000457763672,905.8400268554688
2009-07-15,85.63999938964844,81.5199966430664,86.16999816894531,79.5999984741211,85.05000305175781,0.05053978062120601,0.04930410885933243,82.40799865722656,83.15238008045014,25.889999389648438,932.6799926757812
2009-07-16,83.63999938964844,85.63999938964844,82.87999725341797,79.68000030517578,88.48999786376953,-0.023353573263123373,-0.023630589331468704,82.55999908447265,82.92142777215867,25.420000076293945,940.739990234375
2009-07-17,82.48999786376953,83.63999938964844,81.41999816894531,81.31999969482422,86.48999786376953,-0.013749420543650026,-0.013844819287270039,82.7739990234375,82.73095158168248,24.34000015258789,940.3800048828125
2009-07-20,80.9800033569336,82.48999786376953,80.58000183105469,83.19999694824219,83.87000274658203,-0.01830518300327344,-0.01847479591792398,82.85399932861328,82.59333256312779,24.399999618530273,951.1300048828125
2009-07-21,80.44999694824219,80.9800033569336,81.5199966430664,85.62999725341797,84.1500015258789,-0.006544904750810043,-0.006566416553079042,82.63999938964844,82.41714186895462,23.8700008392334,954.5800170898438
2009-07-22,75.30000305175781,80.44999694824219,85.63999938964844,86.16999816894531,86.0999984741211,-0.06401484265807544,-0.06615566017095603,80.5720001220703,81.9028563726516,23.469999313354492,954.0700073242188
2009-07-23,72.80000305175781,75.30000305175781,83.63999938964844,82.87999725341797,85.63999938964844,-0.033200529862948525,-0.0337641782114497,78.40400085449218,81.2914279756092,23.43000030517578,976.2899780273438
2009-07-24,73.01000213623047,72.80000305175781,82.48999786376953,81.41999816894531,83.95999908447266,0.002884602687768467,0.0028804502050272735,76.50800170898438,80.76999954950242,23.09000015258789,979.260009765625
2009-07-27,74.3499984741211,73.01000213623047,80.9800033569336,80.58000183105469,82.56999969482422,0.018353599488879713,0.018187205055829627,75.18200073242187,80.37857091994513,24.280000686645508,982.1799926757812
2009-07-28,76.68000030517578,74.3499984741211,80.44999694824219,81.5199966430664,77.5999984741211,0.031338290233666743,0.03085726977405874,74.4280014038086,80.33476148332868,25.010000228881836,979.6199951171875
2009-07-29,77.0999984741211,76.68000030517578,75.30000305175781,85.63999938964844,79.69000244140625,0.005477284393241799,0.005462338621071698,74.78800048828126,80.211427961077,25.610000610351562,975.1500244140625
2009-07-30,73.87999725341797,77.0999984741211,72.80000305175781,83.63999938964844,79.5999984741211,-0.04176395959053014,-0.042661142623597666,75.00399932861328,79.93904695056733,25.399999618530273,986.75
2009-07-31,73.47000122070312,73.87999725341797,73.01000213623047,82.48999786376953,79.68000030517578,-0.005549486301528961,-0.005564941907605918,75.09599914550782,79.64333270844959,25.920000076293945,987.47998046875
2009-08-03,72.79000091552734,73.47000122070312,74.3499984741211,80.9800033569336,81.31999969482422,-0.009255482426535844,-0.009298580539354166,74.78399963378907,79.23714229038784,25.559999465942383,1002.6300048828125
2009-08-04,71.05000305175781,72.79000091552734,76.68000030517578,80.44999694824219,83.19999694824219,-0.023904352821602415,-0.02419469821245412,73.65800018310547,78.65857115246001,24.889999389648438,1005.6500244140625
2009-08-05,70.12999725341797,71.05000305175781,77.0999984741211,75.30000305175781,85.62999725341797,-0.0129487087800636,-0.013033274110699452,72.26399993896484,77.92047591436477,24.899999618530273,1002.719970703125
2009-08-06,73.16999816894531,70.12999725341797,73.87999725341797,72.80000305175781,86.16999816894531,0.04334808262635681,0.04243485248660833,72.12200012207032,77.30142829531715,25.670000076293945,997.0800170898438
2009-08-07,71.52999877929688,73.16999816894531,73.47000122070312,73.01000213623047,82.87999725341797,-0.022413549688244827,-0.022668550816592272,71.73399963378907,76.76095217750186,24.760000228881836,1010.47998046875
2009-08-10,72.58999633789062,71.52999877929688,72.79000091552734,74.3499984741211,81.41999816894531,0.014818923202617906,0.014710195792839484,71.69399871826172,76.34047589983258,24.989999771118164,1007.0999755859375
2009-08-11,75.5999984741211,72.58999633789062,71.05000305175781,76.68000030517578,80.58000183105469,0.04146579815515583,0.04062914215438259,72.60399780273437,76.10333288283576,25.989999771118164,994.3499755859375
2009-08-12,81.27999877929688,75.5999984741211,70.12999725341797,77.0999984741211,81.5199966430664,0.07513228068543043,0.07244370580977474,74.83399810791016,76.09190441313244,25.450000762939453,1005.8099975585938
2009-08-13,79.95999908447266,81.27999877929688,73.16999816894531,73.87999725341797,85.63999938964844,-0.01624015396959433,-0.016373470629295953,76.19199829101562,75.82142820812408,24.709999084472656,1012.72998046875
2009-08-14,80.44999694824219,79.95999908447266,71.52999877929688,73.47000122070312,83.63999938964844,0.006128037385942031,0.006109337322412872,77.97599792480469,75.66952332996186,24.270000457763672,1004.0900268554688
2009-08-17,84.22000122070312,80.44999694824219,72.58999633789062,72.79000091552734,82.48999786376953,0.04686145948378817,0.04579660172320525,80.30199890136718,75.7519044421968,27.889999389648438,979.72998046875
2009-08-18,81.11000061035156,84.22000122070312,75.5999984741211,71.05000305175781,80.9800033569336,-0.03692710241361352,-0.03762617162076191,81.40399932861328,75.75809478759766,26.18000030517578,989.6699829101562
2009-08-19,76.31999969482422,81.11000061035156,81.27999877929688,70.12999725341797,80.44999694824219,-0.05905561434450324,-0.06087124246584206,80.41199951171875,75.56142825172061,26.260000228881836,996.4600219726562
2009-08-20,76.69999694824219,76.31999969482422,79.95999908447266,73.16999816894531,75.30000305175781,0.004978999671612083,0.004966645443575571,79.75999908447265,75.62809462774368,25.09000015258789,1007.3699951171875
2009-08-21,76.55000305175781,76.69999694824219,80.44999694824219,71.52999877929688,72.80000305175781,-0.0019555919485315654,-0.0019575066150776884,78.98000030517578,75.80666605631511,25.010000228881836,1026.1300048828125
2009-08-24,78.47000122070312,76.55000305175781,84.22000122070312,72.58999633789062,73.01000213623047,0.025081621063387072,0.02477223972579049,77.83000030517579,76.06666601271857,25.139999389648438,1025.5699462890625
2009-08-25,77.76000213623047,78.47000122070312,81.11000061035156,75.5999984741211,74.3499984741211,-0.009048032030428144,-0.009089214071402198,77.16000061035156,76.22904713948567,24.920000076293945,1028.0
2009-08-26,77.97000122070312,77.76000213623047,76.31999969482422,81.27999877929688,76.68000030517578,0.002700605436002368,0.002696965353287223,77.49000091552735,76.2904757545108,24.950000762939453,1028.1199951171875
2009-08-27,75.58999633789062,77.97000122070312,76.69999694824219,79.95999908447266,77.0999984741211,-0.030524622874836482,-0.031000202120494497,77.26800079345703,76.21857089088077,24.68000030517578,1030.97998046875
2009-08-28,74.41000366210938,75.58999633789062,76.55000305175781,80.44999694824219,73.87999725341797,-0.015610434355713299,-0.015733560232621735,76.84000091552734,76.24380929129464,24.760000228881836,1028.9300537109375
2009-08-31,77.12000274658203,74.41000366210938,78.47000122070312,84.22000122070312,73.47000122070312,0.036419821947309305,0.03577229529222921,76.57000122070312,76.41761888776507,26.010000228881836,1020.6199951171875
2009-09-01,81.0,77.12000274658203,77.76000213623047,81.11000061035156,72.79000091552734,0.050311165913306866,0.04908646875575568,77.21800079345704,76.80857122512091,29.149999618530273,998.0399780273438
2009-09-02,77.06999969482422,81.0,77.97000122070312,76.31999969482422,71.05000305175781,-0.04851852228612075,-0.04973505884225895,77.03800048828126,77.0952377319336,28.899999618530273,994.75
2009-09-03,75.4800033569336,77.06999969482422,75.58999633789062,76.69999694824219,70.12999725341797,-0.02063054812750187,-0.02084633085535341,77.01600189208985,77.3499999273391,27.100000381469727,1003.239990234375
2009-09-04,77.51000213623047,75.4800033569336,74.41000366210938,76.55000305175781,73.16999816894531,0.026894524231766637,0.026539222879301192,77.63600158691406,77.55666678292411,25.260000228881836,1016.4000244140625
2009-09-08,75.69000244140625,77.51000213623047,77.12000274658203,78.47000122070312,71.52999877929688,-0.02348083659739053,-0.02376090427771775,77.35000152587891,77.7547621954055,25.6200008392334,1025.3900146484375
2009-09-09,76.16999816894531,75.69000244140625,81.0,77.76000213623047,72.58999633789062,0.006341600106442691,0.006321576769233484,76.38400115966797,77.92523847307477,24.31999969482422,1033.3699951171875
2009-09-10,71.38999938964844,76.16999816894531,77.06999969482422,77.97000122070312,75.5999984741211,-0.0627543507181767,-0.06480986538081264,75.24800109863281,77.72476232619513,23.549999237060547,1044.1400146484375
2009-09-11,72.36000061035156,71.38999938964844,75.4800033569336,75.58999633789062,81.27999877929688,0.013587354377310401,0.013495873997194246,74.6240005493164,77.3000005086263,24.149999618530273,1042.72998046875
2009-09-14,71.13999938964844,72.36000061035156,77.51000213623047,74.41000366210938,79.95999908447266,-0.016860160453461837,-0.017003911021299004,73.35,76.88000052315849,23.860000610351562,1049.3399658203125
2009-09-15,72.25,71.13999938964844,75.69000244140625,77.12000274658203,80.44999694824219,0.015603044979967784,0.01548256905181587,72.66199951171875,76.48952447800409,23.420000076293945,1052.6300048828125
2009-09-16,71.69999694824219,72.25,76.16999816894531,81.0,84.22000122070312,-0.007612498986267258,-0.007641621949838196,71.76799926757812,75.8933337983631,23.690000534057617,1068.760009765625
2009-09-17,69.36000061035156,71.69999694824219,71.38999938964844,77.06999969482422,81.11000061035156,-0.03263593357723282,-0.03318036377065396,71.36199951171875,75.33380998883929,23.649999618530273,1065.489990234375
2009-09-18,70.38999938964844,69.36000061035156,72.36000061035156,75.4800033569336,76.31999969482422,0.014850039939924065,0.01474085767699267,70.96799926757812,75.05142902192615,23.920000076293945,1068.300048828125
2009-09-21,71.0,70.38999938964844,71.13999938964844,77.51000213623047,76.69999694824219,0.008666012439847659,0.008628678092273412,70.93999938964843,74.78000059581939,24.059999465942383,1064.6600341796875
2009-09-22,68.26000213623047,71.0,72.25,75.69000244140625,76.55000305175781,-0.03859151920802162,-0.039355902267260275,70.14199981689453,74.38523864746094,23.079999923706055,1071.6600341796875
2009-09-23,68.18000030517578,68.26000213623047,71.69999694824219,76.16999816894531,78.47000122070312,-0.0011720162401258616,-0.0011727035882673632,69.43800048828125,73.8952386038644,23.489999771118164,1060.8699951171875
2009-09-24,70.77999877929688,68.18000030517578,69.36000061035156,71.38999938964844,77.76000213623047,0.03813432769849556,0.03742518648508799,69.72200012207031,73.56285749162946,24.950000762939453,1050.780029296875
2009-09-25,71.73999786376953,70.77999877929688,70.38999938964844,72.36000061035156,77.97000122070312,0.013563140732258061,0.013471984655863243,69.99199981689453,73.26619066510882,25.610000610351562,1044.3800048828125
2009-09-28,70.54000091552734,71.73999786376953,71.0,71.13999938964844,75.58999633789062,-0.016727027933858052,-0.01686850453999357,69.9,73.02571469261532,24.8799991607666,1062.97998046875
2009-09-29,68.98999786376953,70.54000091552734,68.26000213623047,72.25,74.41000366210938,-0.021973391432386857,-0.022218402193077996,70.0459991455078,72.76761917840867,25.190000534057617,1060.6099853515625
2009-09-30,71.31999969482422,68.98999786376953,68.18000030517578,71.69999694824219,77.12000274658203,0.03377303816787469,0.03321525312230721,70.6739990234375,72.4914285568964,25.610000610351562,1057.0799560546875
2009-10-01,76.25,71.31999969482422,70.77999877929688,69.36000061035156,81.0,0.0691250746813108,0.0668406267715464,71.76799926757812,72.26523808070591,28.270000457763672,1029.8499755859375
2009-10-02,76.12999725341797,76.25,71.73999786376953,70.38999938964844,77.06999969482422,-0.0015738065125512346,-0.001575046246926133,72.64599914550782,72.22047605968658,28.68000030517578,1025.2099609375
2009-10-05,73.55999755859375,76.12999725341797,70.54000091552734,71.0,75.4800033569336,-0.033758042657867526,-0.034341002693793365,73.2499984741211,72.12904721214657,26.84000015258789,1040.4599609375
2009-10-06,71.5,73.55999755859375,68.98999786376953,68.26000213623047,77.51000213623047,-0.028004317930446776,-0.028403916846839548,73.75199890136719,71.84285663423084,25.700000762939453,1054.719970703125
2009-10-07,71.01000213623047,71.5,71.31999969482422,68.18000030517578,75.69000244140625,-0.006853116975797602,-0.006876707422444161,73.68999938964843,71.61999947684151,24.68000030517578,1057.5799560546875
2009-10-08,68.0999984741211,71.01000213623047,76.25,70.77999877929688,76.16999816894531,-0.04098019398065389,-0.041843551528496316,72.05999908447265,71.23571377708798,24.18000030517578,1065.47998046875
2009-10-09,65.54000091552734,68.0999984741211,76.12999725341797,71.73999786376953,71.38999938964844,-0.037591741790810485,-0.03831653350936692,69.94199981689454,70.95714242117745,23.1200008392334,1071.489990234375
2009-10-12,64.97000122070312,65.54000091552734,73.55999755859375,70.54000091552734,72.36000061035156,-0.008696974166339633,-0.008735013558495219,68.2240005493164,70.60523768833706,23.010000228881836,1076.18994140625
2009-10-13,64.97000122070312,64.97000122070312,71.5,68.98999786376953,71.13999938964844,0.0,0.0,66.91800079345703,70.31142825172061,22.989999771118164,1073.18994140625
2009-10-14,68.83999633789062,64.97000122070312,71.01000213623047,71.31999969482422,72.25,0.05956587724296214,0.05785927446477286,66.48399963378907,70.1490471249535,22.860000610351562,1092.02001953125
2009-10-15,67.06999969482422,68.83999633789062,68.0999984741211,76.25,71.69999694824219,-0.02571174807126142,-0.026048072584394698,66.27799987792969,69.92857106526692,21.719999313354492,1096.56005859375
2009-10-16,69.8499984741211,67.06999969482422,65.54000091552734,76.12999725341797,69.36000061035156,0.04144921413368374,0.04061321829635228,67.13999938964844,69.951904296875,21.43000030517578,1087.6800537109375
2009-10-19,67.76000213623047,69.8499984741211,64.97000122070312,73.55999755859375,70.38999938964844,-0.029921208067956506,-0.030377981987667422,67.6979995727539,69.82666633242653,21.489999771118164,1097.9100341796875
2009-10-20,68.62999725341797,67.76000213623047,64.97000122070312,71.5,71.0,0.01283936082880266,0.012757635030182962,68.42999877929688,69.71380905877976,20.899999618530273,1091.06005859375
2009-10-21,78.16000366210938,68.62999725341797,68.83999633789062,71.01000213623047,68.26000213623047,0.13886065554544058,0.13002833768813052,70.29400024414062,70.18523770286923,22.219999313354492,1081.4000244140625
2009-10-22,77.5999984741211,78.16000366210938,67.06999969482422,68.0999984741211,68.18000030517578,-0.007164856214813109,-0.007190647062750681,72.4,70.63380904424758,20.690000534057617,1092.9100341796875
2009-10-23,79.87999725341797,77.5999984741211,69.8499984741211,65.54000091552734,70.77999877929688,0.0293814281459972,0.028958066637977883,74.40599975585937,71.06714230492001,22.270000457763672,1079.5999755859375
2009-10-26,82.27999877929688,79.87999725341797,67.76000213623047,64.97000122070312,71.73999786376953,0.030045087736607412,0.029602575785029464,77.30999908447265,71.56904711042132,24.309999465942383,1066.949951171875
2009-10-27,80.41000366210938,82.27999877929688,68.62999725341797,64.97000122070312,70.54000091552734,-0.022727213720596495,-0.022989457845776044,79.66600036621094,72.03904724121094,24.829999923706055,1063.4100341796875
2009-10-28,85.43000030517578,80.41000366210938,78.16000366210938,68.83999633789062,68.98999786376953,0.06243000142321753,0.060558738632743234,81.11999969482422,72.82190450032552,27.90999984741211,1042.6300048828125
2009-10-29,78.0999984741211,85.43000030517578,77.5999984741211,67.06999969482422,71.31999969482422,-0.08580126190881676,-0.08970729342762114,81.21999969482422,73.14476158505394,24.760000228881836,1066.1099853515625
2009-10-30,89.9000015258789,78.0999984741211,79.87999725341797,69.8499984741211,76.25,0.15108839029834065,0.14070792114250544,83.2240005493164,73.79476165771484,30.690000534057617,1036.18994140625
2009-11-02,91.9800033569336,89.9000015258789,82.27999877929688,67.76000213623047,76.12999725341797,0.02313683866241023,0.022873240157476295,85.16400146484375,74.54952385312035,29.780000686645508,1042.8800048828125
2009-11-03,90.16000366210938,91.9800033569336,80.41000366210938,68.62999725341797,73.55999755859375,-0.019786906157870043,-0.01998528825870507,87.11400146484375,75.34000033424014,28.809999465942383,1045.4100341796875
2009-11-04,85.97000122070312,90.16000366210938,85.43000030517578,78.16000366210938,71.5,-0.04647296219184982,-0.04758749796388642,87.22200164794921,76.02904801141648,27.719999313354492,1046.5
2009-11-05,79.0999984741211,85.97000122070312,78.0999984741211,77.5999984741211,71.01000213623047,-0.07991162788221073,-0.08328555690242469,87.42200164794922,76.41428593226841,25.43000030517578,1066.6300048828125
2009-11-06,73.72000122070312,79.0999984741211,89.9000015258789,79.87999725341797,68.0999984741211,-0.06801513725917618,-0.07043870612283866,84.18600158691406,76.68190511067708,24.190000534057617,1069.300048828125
2009-11-09,68.83000183105469,73.72000122070312,91.9800033569336,82.27999877929688,65.54000091552734,-0.06633205790391594,-0.06863442634742535,79.55600128173828,76.83857182094029,23.149999618530273,1093.0799560546875
2009-11-10,68.48999786376953,68.83000183105469,90.16000366210938,80.41000366210938,64.97000122070312,-0.0049397640308030955,-0.004952004993425707,75.22200012207031,77.00619070870536,22.84000015258789,1093.010009765625
2009-11-11,73.05000305175781,68.48999786376953,85.97000122070312,85.43000030517578,64.97000122070312,0.06657914046162472,0.0644564619535816,72.63800048828125,77.39095270066034,23.040000915527344,1098.510009765625
2009-11-12,80.7699966430664,73.05000305175781,79.0999984741211,78.0999984741211,68.83999633789062,0.10568094823813734,0.10046138791956966,72.97200012207031,77.95904795328777,24.239999771118164,1087.239990234375
2009-11-13,80.27999877929688,80.7699966430664,73.72000122070312,89.9000015258789,67.06999969482422,-0.006066582693260436,-0.006085059169997213,74.28399963378907,78.58809552873883,23.360000610351562,1093.47998046875
2009-11-16,83.30999755859375,80.27999877929688,68.83000183105469,91.9800033569336,69.8499984741211,0.037742885218855715,0.03704805195916936,77.17999877929688,79.22904786609467,22.889999389648438,1109.300048828125
2009-11-17,83.97000122070312,83.30999755859375,68.48999786376953,90.16000366210938,67.76000213623047,0.007922262410885006,0.00789104605110662,80.2759994506836,80.0009525844029,22.40999984741211,1110.3199462890625
2009-11-18,79.1500015258789,83.97000122070312,73.05000305175781,85.97000122070312,68.62999725341797,-0.057401448431036006,-0.05911480112750431,81.49599914550781,80.5019051688058,21.6299991607666,1109.800048828125
2009-11-19,79.2699966430664,79.1500015258789,80.7699966430664,79.0999984741211,78.16000366210938,0.0015160469346076066,0.0015148988956278176,81.19599914550781,80.5547619774228,22.6299991607666,1094.9000244140625
2009-11-20,75.55999755859375,79.2699966430664,80.27999877929688,73.72000122070312,77.5999984741211,-0.04680205931101378,-0.04793269417848817,80.25199890136719,80.45761907668341,22.190000534057617,1091.3800048828125
2009-11-23,75.83999633789062,75.55999755859375,83.30999755859375,68.83000183105469,79.87999725341797,0.003705648337001932,0.0036987993369788736,78.75799865722657,80.26523808070591,21.15999984741211,1106.239990234375
2009-11-24,75.05000305175781,75.83999633789062,83.97000122070312,68.48999786376953,82.27999877929688,-0.010416578642925445,-0.01047121091699244,76.9739990234375,79.92095256987072,20.469999313354492,1105.6500244140625
2009-11-25,73.91000366210938,75.05000305175781,79.1500015258789,73.05000305175781,80.41000366210938,-0.015189864667456976,-0.015306412397445552,75.92599945068359,79.61142876034691,20.479999542236328,1110.6300048828125
2009-11-27,83.23999786376953,73.91000366210938,79.2699966430664,80.7699966430664,85.43000030517578,0.12623452495434329,0.11887978951690448,76.71999969482422,79.50714292980376,24.739999771118164,1091.489990234375
2009-11-30,81.58000183105469,83.23999786376953,75.55999755859375,80.27999877929688,78.0999984741211,-0.019942288266652675,-0.020143819527615583,77.9240005493164,79.67285737537202,24.510000228881836,1095.6300048828125
2009-12-01,80.73999786376953,81.58000183105469,75.83999633789062,83.30999755859375,89.9000015258789,-0.010296689733162001,-0.010350067367657674,78.90400085449218,79.23666672479538,21.920000076293945,1108.8599853515625
2009-12-02,78.26000213623047,80.73999786376953,75.05000305175781,83.97000122070312,91.9800033569336,-0.030715826023719917,-0.03119744488780383,79.54600067138672,78.58333333333333,21.1200008392334,1109.239990234375
2009-12-03,78.5199966430664,78.26000213623047,73.91000366210938,79.1500015258789,90.16000366210938,0.003322188854318675,0.0033166825768190097,80.46799926757812,78.02904728480748,22.459999084472656,1099.9200439453125
2009-12-04,77.18000030517578,78.5199966430664,83.23999786376953,79.2699966430664,85.97000122070312,-0.017065669831621832,-0.0172129665921153,79.25599975585938,77.6104758126395,21.25,1105.97998046875
2009-12-07,77.75,77.18000030517578,81.58000183105469,75.55999755859375,79.0999984741211,0.007385329004540031,0.007358190995792349,78.48999938964843,77.5461901710147,22.100000381469727,1103.25
2009-12-08,79.56999969482422,77.75,80.73999786376953,75.83999633789062,73.72000122070312,0.023408356203526992,0.02313858249478793,78.25599975585938,77.82476152692523,23.690000534057617,1091.93994140625
2009-12-09,84.93000030517578,79.56999969482422,78.26000213623047,75.05000305175781,68.83000183105469,0.06736207906131497,0.06519025783104894,79.58999938964844,78.59142812093098,22.65999984741211,1095.949951171875
2009-12-10,84.55999755859375,84.93000030517578,78.5199966430664,73.91000366210938,68.48999786376953,-0.004356561229865941,-0.004366078695079521,80.79799957275391,79.3566662016369,22.31999969482422,1102.3499755859375
2009-12-11,82.87000274658203,84.55999755859375,77.18000030517578,83.23999786376953,73.05000305175781,-0.01998574811737286,-0.020188164685889395,81.93600006103516,79.82428523472377,21.59000015258789,1106.4100341796875
2009-12-14,81.63999938964844,82.87000274658203,77.75,81.58000183105469,80.7699966430664,-0.014842564452362428,-0.014953817538701258,82.71399993896485,79.86571393694196,21.149999618530273,1114.1099853515625
2009-12-15,80.98999786376953,81.63999938964844,79.56999969482422,80.73999786376953,80.27999877929688,-0.007961802189348388,-0.007993666581084054,82.99799957275391,79.89952341715495,21.489999771118164,1107.9300537109375
2009-12-16,82.05000305175781,80.98999786376953,84.93000030517578,78.26000213623047,83.30999755859375,0.013088099962309974,0.01300319084555263,82.42200012207032,79.8395236787342,20.540000915527344,1109.1800537109375
2009-12-17,83.55999755859375,82.05000305175781,84.55999755859375,78.5199966430664,83.97000122070312,0.018403344919846187,0.018236052740982167,82.22200012207031,79.81999969482422,22.510000228881836,1096.0799560546875
2009-12-18,81.75,83.55999755859375,82.87000274658203,77.18000030517578,79.1500015258789,-0.021661053272824082,-0.021899097693598168,81.99799957275391,79.94380914597284,21.68000030517578,1102.469970703125
2009-12-21,79.62000274658203,81.75,81.63999938964844,77.75,79.2699966430664,-0.026055012274225908,-0.026400457709060198,81.59400024414063,79.96047610328311,20.489999771118164,1114.050048828125
2009-12-22,71.44999694824219,79.62000274658203,80.98999786376953,79.56999969482422,75.55999755859375,-0.10261247822791075,-0.10826749040422289,79.68600006103516,79.76476178850446,19.540000915527344,1118.02001953125
2009-12-23,69.80999755859375,71.44999694824219,82.05000305175781,84.93000030517578,75.83999633789062,-0.022953106503789455,-0.023220630653926745,77.23799896240234,79.47761898949032,19.709999084472656,1120.5899658203125
2009-12-24,68.80999755859375,69.80999755859375,83.55999755859375,84.55999755859375,75.05000305175781,-0.014324595831143982,-0.014428183276163993,74.28799896240234,79.18047587076823,19.469999313354492,1126.47998046875
2009-12-28,69.88999938964844,68.80999755859375,81.75,82.87000274658203,73.91000366210938,0.015695420278645233,0.015573521022017223,71.91599884033204,78.98904709588913,19.93000030517578,1127.780029296875
2009-12-29,69.0999984741211,69.88999938964844,79.62000274658203,81.63999938964844,83.23999786376953,-0.011303490090520008,-0.011367860064566112,69.81199798583984,78.31571379162017,20.010000228881836,1126.199951171875
2009-12-30,70.36000061035156,69.0999984741211,71.44999694824219,80.98999786376953,81.58000183105469,0.018234474154183333,0.018070219852612614,69.59399871826172,77.78142801920573,19.959999084472656,1126.4200439453125
2009-12-31,74.98999786376953,70.36000061035156,69.80999755859375,82.05000305175781,80.73999786376953,0.06580439473072985,0.06372981428237373,70.62999877929687,77.5076184953962,21.68000030517578,1115.0999755859375
2010-01-04,73.30000305175781,74.98999786376953,68.80999755859375,83.55999755859375,78.26000213623047,-0.022536269638010142,-0.02279409230001773,71.52799987792969,77.27142806280227,20.040000915527344,1132.989990234375
2010-01-05,70.36000061035156,73.30000305175781,69.88999938964844,81.75,78.5199966430664,-0.04010917215556309,-0.04093572198235602,71.62200012207032,76.88285682314918,19.350000381469727,1136.52001953125
2010-01-06,67.6500015258789,70.36000061035156,69.0999984741211,79.62000274658203,77.18000030517578,-0.038516189041561066,-0.039277551371765744,71.33200073242188,76.42904735746838,19.15999984741211,1137.1400146484375
2010-01-07,67.1500015258789,67.6500015258789,70.36000061035156,71.44999694824219,77.75,-0.007390982834031834,-0.007418431479601895,70.69000091552735,75.92428552536737,19.059999465942383,1141.68994140625
2010-01-08,65.70999908447266,67.1500015258789,74.98999786376953,69.80999755859375,79.56999969482422,-0.021444563048167442,-0.02167783871575509,68.83400115966796,75.26428549630302,18.1299991607666,1144.97998046875
2010-01-11,64.87000274658203,65.70999908447266,73.30000305175781,68.80999755859375,84.93000030517578,-0.012783386845140243,-0.012865797412179017,67.14800109863282,74.30904751732236,17.549999237060547,1146.97998046875
2010-01-12,70.41999816894531,64.87000274658203,70.36000061035156,69.88999938964844,84.55999755859375,0.08555565264957088,0.08209197816024259,67.16000061035156,73.63571421305339,18.25,1136.219970703125
2010-01-13,75.52999877929688,70.41999816894531,67.6500015258789,69.0999984741211,82.87000274658203,0.07256462288016685,0.07005262443853151,68.73600006103516,73.28619021461124,17.850000381469727,1145.6800537109375
2010-01-14,74.5199966430664,75.52999877929688,67.1500015258789,70.36000061035156,81.63999938964844,-0.013372198498000198,-0.013462411477556464,70.20999908447266,72.94714246477399,17.6299991607666,1148.4599609375
2010-01-15,74.2699966430664,74.5199966430664,65.70999908447266,74.98999786376953,80.98999786376953,-0.003354804230566999,-0.003360444203816576,71.9219985961914,72.62714240664528,17.90999984741211,1136.030029296875
2010-01-19,73.5,74.2699966430664,64.87000274658203,73.30000305175781,82.05000305175781,-0.010367533026383824,-0.010421650263361042,73.647998046875,72.21999940418061,17.579999923706055,1150.22998046875
2010-01-20,80.36000061035156,73.5,70.41999816894531,70.36000061035156,83.55999755859375,0.09333334163743623,0.08923114132315871,75.63599853515625,72.06761859712147,18.68000030517578,1138.0400390625
2010-01-21,88.81999969482422,80.36000061035156,75.52999877929688,67.6500015258789,81.75,0.1052762446517812,0.10009529888611618,78.29399871826172,72.40428524925595,22.270000457763672,1116.47998046875
2010-01-22,100.05999755859376,88.81999969482422,74.5199966430664,67.1500015258789,79.62000274658203,0.12654805114151024,0.11915813523257007,83.4019989013672,73.37761833554222,27.309999465942383,1091.760009765625
2010-01-25,90.58000183105467,100.05999755859376,74.2699966430664,65.70999908447266,71.44999694824219,-0.09474311372022304,-0.09953652331778945,86.66399993896485,74.28857094900948,25.40999984741211,1096.780029296875
2010-01-26,90.04000091552734,90.58000183105467,73.5,64.87000274658203,69.80999755859375,-0.005961590909818182,-0.005979432136308147,89.97200012207031,75.2519044421968,24.549999237060547,1092.1700439453125
2010-01-27,85.86000061035156,90.04000091552734,80.36000061035156,70.41999816894531,68.80999755859375,-0.04642381455656941,-0.047535956301440384,91.0720001220703,76.06380934942337,23.139999389648438,1097.5
2010-01-28,87.91000366210938,85.86000061035156,88.81999969482422,75.52999877929688,69.88999938964844,0.023876112708886454,0.023595535615471893,90.89000091552734,76.92190479096912,23.729999542236328,1084.530029296875
2010-01-29,89.0,87.91000366210938,100.05999755859376,74.5199966430664,69.0999984741211,0.01239900230331159,0.012322764211569972,88.6780014038086,77.86952391124908,24.6200008392334,1073.8699951171875
2010-02-01,83.7300033569336,89.0,90.58000183105467,74.2699966430664,70.36000061035156,-0.05921344542771245,-0.061038993423436695,87.30800170898438,78.50619070870536,22.59000015258789,1089.18994140625
2010-02-02,80.9800033569336,83.7300033569336,90.04000091552734,73.5,74.98999786376953,-0.03284366284182494,-0.033395124250828793,85.49600219726562,78.79142906552269,21.479999542236328,1103.3199462890625
2010-02-03,80.55000305175781,80.9800033569336,85.86000061035156,80.36000061035156,73.30000305175781,-0.005309956623247847,-0.005324104548388738,84.43400268554687,79.1366671607608,21.600000381469727,1097.280029296875
2010-02-04,91.41999816894533,80.55000305175781,87.91000366210938,88.81999969482422,70.36000061035156,0.13494717200945283,0.12658610536507425,85.13600158691406,80.1395241873605,26.079999923706055,1063.1099853515625
2010-02-05,88.22000122070312,91.41999816894533,89.0,100.05999755859376,67.6500015258789,-0.03500324887699702,-0.03563054436073252,84.9800018310547,81.11904798235211,26.110000610351562,1066.18994140625
2010-02-08,90.01000213623047,88.22000122070312,83.7300033569336,90.58000183105467,67.1500015258789,0.020290193728848882,0.020087090488423342,86.23600158691406,82.20761943998791,26.510000228881836,1056.739990234375
2010-02-09,88.80000305175781,90.01000213623047,80.9800033569336,90.04000091552734,65.70999908447266,-0.013442940292805683,-0.013534114637484867,87.80000152587891,83.30714343843006,26.0,1070.52001953125
2010-02-10,92.18000030517578,88.80000305175781,80.55000305175781,85.86000061035156,64.87000274658203,0.03806303082498674,0.03735650623824715,90.1260009765625,84.60761951264881,25.399999618530273,1068.1300048828125
2010-02-11,89.58999633789062,92.18000030517578,91.41999816894533,87.91000366210938,70.41999816894531,-0.028097244073666316,-0.028499524869845246,89.76000061035157,85.52047656831287,23.959999084472656,1078.469970703125
2010-02-12,88.16000366210938,89.58999633789062,88.22000122070312,89.0,75.52999877929688,-0.015961521757273056,-0.016090278789211092,89.74800109863281,86.12190537225632,22.729999542236328,1075.510009765625
2010-02-16,81.7699966430664,88.16000366210938,90.01000213623047,83.7300033569336,74.5199966430664,-0.07248192778591445,-0.0752429998234358,88.1,86.46714346749442,22.25,1094.8699951171875
2010-02-17,80.29000091552734,81.7699966430664,88.80000305175781,80.9800033569336,74.2699966430664,-0.01809949600462113,-0.01826529552117146,86.3979995727539,86.75381033761161,21.719999313354492,1099.510009765625
2010-02-18,79.19999694824219,80.29000091552734,92.18000030517578,80.55000305175781,73.5,-0.013575837026480353,-0.013668831311265566,83.80199890136718,87.02523876371838,20.6299991607666,1106.75
2010-02-19,77.97000122070312,79.19999694824219,89.58999633789062,91.41999816894533,80.36000061035156,-0.01553024968350536,-0.015652107310513745,81.47799987792969,86.91142926897321,20.020000457763672,1109.1700439453125
2010-02-22,75.44000244140625,77.97000122070312,88.16000366210938,88.22000122070312,88.81999969482422,-0.03244836141704577,-0.0329864822901436,78.93399963378906,86.27428654261998,19.940000534057617,1108.010009765625
2010-02-23,77.81999969482422,75.44000244140625,81.7699966430664,90.01000213623047,100.05999755859376,0.031548212836638,0.031060792947421336,78.14400024414063,85.21523902529762,21.3700008392334,1094.5999755859375
2010-02-24,75.93000030517578,77.81999969482422,80.29000091552734,88.80000305175781,90.58000183105467,-0.024286807980727132,-0.024586596390532723,77.27200012207031,84.51761990501767,20.270000457763672,1105.239990234375
2010-02-25,75.30000305175781,75.93000030517578,79.19999694824219,92.18000030517578,90.04000091552734,-0.00829707955861847,-0.008331691910475766,76.49200134277343,83.81571524483817,20.100000381469727,1102.93994140625
2010-02-26,73.12999725341797,75.30000305175781,77.97000122070312,89.58999633789062,85.86000061035156,-0.028818136924221416,-0.029241533608508317,75.52400054931641,83.20952460879371,19.5,1104.489990234375
2010-03-01,73.23999786376953,73.12999725341797,75.44000244140625,88.16000366210938,87.91000366210938,0.001504179057608468,0.0015030489134406444,75.08399963378906,82.51095290411087,19.260000228881836,1115.7099609375
2010-03-02,73.43000030517578,73.23999786376953,77.81999969482422,81.7699966430664,89.0,0.0025942442237596453,0.0025908849807569595,74.20599975585938,81.76952434721447,19.059999465942383,1118.31005859375
2010-03-03,72.61000061035156,73.43000030517578,75.93000030517578,80.29000091552734,83.7300033569336,-0.01116709371396285,-0.011229913821484826,73.54199981689453,81.24000040690105,18.829999923706055,1118.7900390625
2010-03-04,70.51000213623047,72.61000061035156,75.30000305175781,79.19999694824219,80.9800033569336,-0.028921614880439872,-0.029348087770251066,72.58399963378906,80.74142892020089,18.719999313354492,1122.969970703125
2010-03-05,71.05999755859375,70.51000213623047,73.12999725341797,77.97000122070312,80.55000305175781,0.007800246854349213,0.007769982208118335,72.16999969482421,80.28952389671689,17.420000076293945,1138.699951171875
2010-03-08,70.9000015258789,71.05999755859375,73.23999786376953,75.44000244140625,91.41999816894533,-0.002251562597971102,-0.002254101176265179,71.70200042724609,79.31238119942802,17.790000915527344,1138.5
2010-03-09,71.48999786376953,70.9000015258789,73.43000030517578,77.81999969482422,88.22000122070312,0.008321527858857314,0.008287094837585739,71.31399993896484,78.51571437290737,17.920000076293945,1140.449951171875
2010-03-10,76.19999694824219,71.48999786376953,72.61000061035156,75.93000030517578,90.01000213623047,0.0658833294896437,0.06380387274605306,72.03199920654296,77.85809507824126,18.56999969482422,1145.6099853515625
2010-03-11,76.16000366210938,76.19999694824219,70.51000213623047,75.30000305175781,88.80000305175781,-0.000524846295728576,-0.0005249840757566467,73.16199951171875,77.25619034540085,18.059999465942383,1150.239990234375
2010-03-12,73.73999786376953,76.16000366210938,71.05999755859375,73.12999725341797,92.18000030517578,-0.0317752846898014,-0.03229107473129495,73.6979995727539,76.37809499104817,17.579999923706055,1149.989990234375
2010-03-15,75.22000122070312,73.73999786376953,70.9000015258789,73.23999786376953,89.58999633789062,0.02007056414169983,0.019871805434395397,74.56199951171875,75.69380950927734,18.0,1150.510009765625
2010-03-16,76.41000366210938,75.22000122070312,71.48999786376953,73.43000030517578,88.16000366210938,0.015820292769135547,0.015696456315941423,75.54600067138672,75.13428569975353,17.690000534057617,1159.4599609375
2010-03-17,73.16000366210938,76.41000366210938,76.19999694824219,72.61000061035156,81.7699966430664,-0.0425336977389994,-0.043464752007736356,74.93800201416016,74.72428603399368,16.90999984741211,1166.2099609375
2010-03-18,76.45999908447266,73.16000366210938,76.16000366210938,70.51000213623047,80.29000091552734,0.045106550808886814,0.044118842715494704,74.99800109863281,74.54190499441964,16.6200008392334,1165.8299560546875
2010-03-19,76.68000030517578,76.45999908447266,73.73999786376953,71.05999755859375,79.19999694824219,0.0028773374749857528,0.002873205862977233,75.58600158691407,74.42190515427362,16.969999313354492,1159.9000244140625
2010-03-22,77.75,76.68000030517578,75.22000122070312,70.9000015258789,77.97000122070312,0.013954090904613636,0.013857628902038328,76.09200134277344,74.41142890566871,16.8700008392334,1165.81005859375
2010-03-23,78.30999755859375,77.75,76.41000366210938,71.48999786376953,75.44000244140625,0.00720254094654349,0.00717672652732757,76.47200012207031,74.54809533982049,16.350000381469727,1174.1700439453125
2010-03-24,80.68000030517578,78.30999755859375,73.16000366210938,76.19999694824219,77.81999969482422,0.030264370073677105,0.029815439281885646,77.97599945068359,74.68428584507534,17.549999237060547,1167.719970703125
2010-03-25,83.81999969482422,80.68000030517578,76.45999908447266,76.16000366210938,75.93000030517578,0.038919179198949605,0.03818092198752206,79.4479995727539,75.06000010172527,18.399999618530273,1165.72998046875
2010-03-26,81.55999755859375,83.81999969482422,76.68000030517578,73.73999786376953,75.30000305175781,-0.02696256435765676,-0.02733272308369233,80.4239990234375,75.35809507824126,17.770000457763672,1166.5899658203125
2010-03-29,78.75,81.55999755859375,77.75,75.22000122070312,73.12999725341797,-0.034453134412798514,-0.03506063806664382,80.6239990234375,75.62571425664993,17.59000015258789,1173.219970703125
2010-03-30,76.91000366210938,78.75,78.30999755859375,76.41000366210938,73.23999786376953,-0.02336503286210323,-0.02364232302126468,80.34400024414063,75.80047643752326,17.1299991607666,1173.27001953125
2010-03-31,77.48999786376953,76.91000366210938,80.68000030517578,73.16000366210938,73.43000030517578,0.007541206267630107,0.007512913523559332,79.70599975585938,75.99380965459915,17.59000015258789,1169.4300537109375
2010-04-01,78.29000091552734,77.48999786376953,83.81999969482422,76.45999908447266,72.61000061035156,0.01032395243014772,0.010271024405837638,78.6,76.26428585960751,17.469999313354492,1178.0999755859375
2010-04-05,76.97000122070312,78.29000091552734,81.55999755859375,76.68000030517578,70.51000213623047,-0.016860386759331658,-0.017004141208182662,77.68200073242187,76.57190486363002,17.020000457763672,1187.43994140625
2010-04-06,76.81999969482422,76.97000122070312,78.75,77.75,71.05999755859375,-0.0019488310185781232,-0.0019507324605419444,77.29600067138672,76.846190679641,16.229999542236328,1189.43994140625
2010-04-07,78.16000366210938,76.81999969482422,76.91000366210938,78.30999755859375,70.9000015258789,0.017443425834528403,0.017293035643385385,77.54600067138672,77.19190506708054,16.6200008392334,1182.449951171875
2010-04-08,77.05999755859375,78.16000366210938,77.48999786376953,80.68000030517578,71.48999786376953,-0.014073772415249874,-0.01417374707241206,77.46000061035156,77.45714314778645,16.479999542236328,1186.43994140625
2010-04-09,78.23999786376953,77.05999755859375,78.29000091552734,83.81999969482422,76.19999694824219,0.015312747762268542,0.015196690906878755,77.45,77.55428604852585,16.139999389648438,1194.3699951171875
2010-04-12,80.05999755859375,78.23999786376953,76.97000122070312,81.55999755859375,76.16000366210938,0.023261755425826758,0.022995324646717587,78.06799926757813,77.74000004359654,15.579999923706055,1196.47998046875
2010-04-13,79.97000122070312,80.05999755859375,76.81999969482422,78.75,73.73999786376953,-0.0011241111745570187,-0.0011247434614082914,78.6979995727539,78.03666687011719,16.200000762939453,1197.300048828125
2010-04-14,83.30999755859375,79.97000122070312,78.16000366210938,76.91000366210938,75.22000122070312,0.04176561569222459,0.04091698107342526,79.72799835205078,78.42190479096912,15.59000015258789,1210.6500244140625
2010-04-15,83.0999984741211,83.30999755859375,77.05999755859375,77.48999786376953,76.41000366210938,-0.002520694882087393,-0.002523877182295096,80.93599853515624,78.74047597249348,15.890000343322754,1211.6700439453125
2010-04-16,86.29000091552734,83.0999984741211,78.23999786376953,78.29000091552734,73.16000366210938,0.03838751504188864,0.037669043630663326,82.5459991455078,79.36571393694196,18.360000610351562,1192.1300048828125
2010-04-19,81.72000122070312,86.29000091552734,80.05999755859375,76.97000122070312,76.45999908447266,-0.05296094154985542,-0.05441494224305407,82.87799987792968,79.61619022914341,17.34000015258789,1197.52001953125
2010-04-20,79.6500015258789,81.72000122070312,79.97000122070312,76.81999969482422,76.68000030517578,-0.025330392362987397,-0.02565672937369436,82.81399993896484,79.75761885870071,15.729999542236328,1207.1700439453125
2010-04-21,83.88999938964844,79.6500015258789,83.30999755859375,78.16000366210938,77.75,0.053232866070842766,0.05186435406922874,82.93000030517578,80.0499997820173,16.31999969482422,1205.93994140625
2010-04-22,85.76000213623047,83.88999938964844,83.0999984741211,77.05999755859375,78.30999755859375,0.02229112838464009,0.022046312649309768,83.46200103759766,80.4047619047619,16.469999313354492,1208.6700439453125
2010-04-23,88.13999938964844,85.76000213623047,86.29000091552734,78.23999786376953,80.68000030517578,0.027751832953983868,0.02737373025714908,83.83200073242188,80.75999995640346,16.6200008392334,1217.280029296875
2010-04-26,87.52999877929688,88.13999938964844,81.72000122070312,80.05999755859375,83.81999969482422,-0.006920814778485274,-0.0069448746908092164,84.99400024414062,80.93666657947358,17.469999313354492,1212.050048828125
2010-04-27,103.2300033569336,87.52999877929688,79.6500015258789,79.97000122070312,81.55999755859375,0.17936712894539864,0.16497796319823615,89.71000061035156,81.96857161748977,22.809999465942383,1183.7099609375
2010-04-28,101.6999969482422,103.2300033569336,83.88999938964844,83.30999755859375,78.75,-0.014821334485490278,-0.014932267949408825,93.27200012207032,83.06142861502511,21.079999923706055,1191.3599853515625
2010-04-29,92.44000244140624,101.6999969482422,85.76000213623047,83.0999984741211,76.91000366210938,-0.09105206277979161,-0.09546746123017066,94.60800018310547,83.8009523664202,18.440000534057617,1206.780029296875
2010-04-30,101.41000366210938,92.44000244140624,88.13999938964844,86.29000091552734,77.48999786376953,0.09703592583079867,0.09261192991892828,97.26200103759766,84.94000026157924,22.049999237060547,1186.68994140625
2010-05-03,95.68000030517578,101.41000366210938,87.52999877929688,81.72000122070312,78.29000091552734,-0.056503334483899104,-0.05816244834395231,98.89200134277344,85.76809547061012,20.190000534057617,1202.260009765625
2010-05-04,101.87999725341795,95.68000030517578,103.2300033569336,79.6500015258789,76.97000122070312,0.06479929900153625,0.06278632976039658,98.6220001220703,86.95428575788226,23.84000015258789,1173.5999755859375
2010-05-05,105.58999633789062,101.87999725341795,101.6999969482422,83.88999938964844,76.81999969482422,0.03641538265106514,0.035768011983807656,99.39999999999999,88.32428559802827,24.90999984741211,1165.8699951171875
2010-05-06,125.36000061035156,105.58999633789062,92.44000244140624,85.76000213623047,78.16000366210938,0.1872336865056461,0.17162596778048367,105.98399963378907,90.57190450032552,32.79999923706055,1128.1500244140625
2010-05-07,135.3800048828125,125.36000061035156,101.41000366210938,88.13999938964844,77.05999755859375,0.0799298358621221,0.07689607223136334,112.77799987792969,93.3490477062407,40.95000076293945,1110.8800048828125
2010-05-10,110.95999908447266,135.3800048828125,95.68000030517578,87.52999877929688,78.23999786376953,-0.18038118568158024,-0.19891590739231046,115.83399963378906,94.90714300246466,28.84000015258789,1159.72998046875
2010-05-11,113.9499969482422,110.95999908447266,101.87999725341795,103.2300033569336,80.05999755859375,0.026946628410597695,0.026589961154532653,118.24799957275391,96.52095249720982,28.31999969482422,1155.7900390625
2010-05-12,116.52999877929688,113.9499969482422,105.58999633789062,101.6999969482422,79.97000122070312,0.022641526109268284,0.022389011199589613,120.43600006103516,98.26190476190476,25.520000457763672,1171.6700439453125
2010-05-13,123.16999816894533,116.52999877929688,125.36000061035156,92.44000244140624,83.30999755859375,0.056981030285809364,0.055416759977584946,119.99799957275391,100.16000002906436,26.68000030517578,1157.43994140625
2010-05-14,128.33999633789062,123.16999816894533,135.3800048828125,101.41000366210938,83.0999984741211,0.04197449253716723,0.041117463700617904,118.58999786376953,102.31428564162482,31.239999771118164,1135.6800537109375
2010-05-17,120.97000122070312,128.33999633789062,110.95999908447266,95.68000030517578,86.29000091552734,-0.0574255518738207,-0.059140372725219645,120.59199829101563,103.96571422758556,30.84000015258789,1136.93994140625
2010-05-18,135.82000732421875,120.97000122070312,113.9499969482422,101.87999725341795,81.72000122070312,0.12275775773881836,0.11578794254885186,124.96600036621093,106.54190499441964,33.54999923706055,1120.800048828125
2010-05-19,128.44000244140625,135.82000732421875,116.52999877929688,105.58999633789062,79.6500015258789,-0.05433665502016605,-0.055868645382107236,127.3480010986328,108.86523837134952,35.31999969482422,1115.050048828125
2010-05-20,145.1199951171875,128.44000244140625,123.16999816894533,125.36000061035156,83.88999938964844,0.12986602583872253,0.12209906449064367,131.73800048828124,111.78095245361328,45.790000915527344,1071.5899658203125
2010-05-21,130.6699981689453,145.1199951171875,128.33999633789062,135.3800048828125,85.76000213623047,-0.09957274968603402,-0.10488590573186403,132.2040008544922,113.91952369326637,40.099998474121094,1087.68994140625
2010-05-24,123.87000274658205,130.6699981689453,120.97000122070312,110.95999908447266,88.13999938964844,-0.05203945448573011,-0.05344239624902898,132.78400115966798,115.62095242454892,38.31999969482422,1073.6500244140625
2010-05-25,119.36000061035156,123.87000274658205,135.82000732421875,113.9499969482422,87.52999877929688,-0.03640915505150355,-0.03708850917022354,129.49199981689452,117.13666679745629,34.61000061035156,1074.030029296875
2010-05-26,115.68000030517578,119.36000061035156,128.44000244140625,116.52999877929688,103.2300033569336,-0.030831101594822163,-0.031316380520428164,126.93999938964843,117.72952379499164,35.02000045776367,1067.949951171875
2010-05-27,107.63999938964844,115.68000030517578,145.1199951171875,123.16999816894533,101.6999969482422,-0.06950208241975264,-0.07203544086015705,119.44400024414062,118.01238105410621,29.68000030517578,1103.06005859375
2010-05-28,110.12999725341795,107.63999938964844,130.6699981689453,128.33999633789062,92.44000244140624,0.02313264472211607,0.022869141048997944,115.33600006103515,118.85476175944011,32.06999969482422,1089.4100341796875
2010-06-01,109.91999816894533,110.12999725341795,123.87000274658205,120.97000122070312,101.41000366210938,-0.0019068291084163302,-0.0019086494214259817,112.5459991455078,119.25999959309895,35.540000915527344,1070.7099609375
2010-06-02,98.0199966430664,109.91999816894533,119.36000061035156,135.82000732421875,95.68000030517578,-0.10826056881468282,-0.11458130658200678,108.27799835205079,119.37142799014137,30.170000076293945,1098.3800048828125
2010-06-03,95.61000061035156,98.0199966430664,115.68000030517578,128.44000244140625,101.87999725341795,-0.024586779384319857,-0.024894081752848206,104.26399841308594,119.07285672142392,29.459999084472656,1102.8299560546875
2010-06-04,103.30999755859376,95.61000061035156,107.63999938964844,145.1199951171875,105.58999633789062,0.08053547640505432,0.077456729748388,103.397998046875,118.96428535098121,35.47999954223633,1064.8800048828125
2010-06-07,102.76000213623048,103.30999755859376,110.12999725341795,130.6699981689453,125.36000061035156,-0.005323738605756412,-0.005337960199281922,101.9239990234375,117.88809494745163,36.56999969482422,1050.469970703125
2010-06-08,101.79000091552734,102.76000213623048,109.91999816894533,123.87000274658205,135.3800048828125,-0.009439482294066104,-0.009484316571699413,100.29799957275391,116.28857094900948,33.70000076293945,1062.0
2010-06-09,111.7699966430664,101.79000091552734,98.0199966430664,119.36000061035156,110.95999908447266,0.09804495174158778,0.09353128190469635,103.04799957275391,116.32714226132347,33.72999954223633,1055.68994140625
2010-06-10,108.61000061035156,111.7699966430664,95.61000061035156,115.68000030517578,113.9499969482422,-0.028272310348242957,-0.028679668451613443,105.6479995727539,116.07285672142392,30.56999969482422,1086.8399658203125
2010-06-11,103.69000244140624,108.61000061035156,103.30999755859376,107.63999938964844,116.52999877929688,-0.045299679047017705,-0.04635778779617789,105.7240005493164,115.46142832438152,28.790000915527344,1091.5999755859375
2010-06-14,99.91999816894533,103.69000244140624,102.76000213623048,110.12999725341795,123.16999816894533,-0.03635841627635494,-0.037035854623314234,105.15599975585937,114.35428546723865,28.579999923706055,1089.6300048828125
2010-06-15,99.0,99.91999816894533,101.79000091552734,109.91999816894533,128.33999633789062,-0.009207347736233773,-0.00924999735752519,104.5979995727539,112.95714278448196,25.8700008392334,1115.22998046875
2010-06-16,93.66999816894533,99.0,111.7699966430664,98.0199966430664,120.97000122070312,-0.05383840233388559,-0.05534190246148167,100.97799987792969,111.65714263916016,25.920000076293945,1114.6099853515625
2010-06-17,89.6500015258789,93.66999816894533,108.61000061035156,95.61000061035156,135.82000732421875,-0.04291658718532121,-0.043864730601565996,97.18600006103516,109.45857093447731,25.049999237060547,1116.0400390625
2010-06-18,92.36000061035156,89.6500015258789,103.69000244140624,103.30999755859376,128.44000244140625,0.030228656311738877,0.029780774023149534,94.91999969482421,107.74047560918899,23.950000762939453,1117.510009765625
2010-06-21,96.01000213623048,92.36000061035156,99.91999816894533,102.76000213623048,145.1199951171875,0.03951928867213361,0.03875838386492356,94.13800048828126,105.4019045148577,24.8799991607666,1113.199951171875
2010-06-22,101.6500015258789,96.01000213623048,99.0,101.79000091552734,130.6699981689453,0.05874387318152241,0.05708318012584599,94.66800079345704,104.01999991280692,27.049999237060547,1095.31005859375
2010-06-23,98.93000030517578,101.6500015258789,93.66999816894533,111.7699966430664,123.87000274658205,-0.026758496604750603,-0.027123022665565343,95.72000122070312,102.83238074893043,26.90999984741211,1092.0400390625
2010-06-24,103.69000244140624,98.93000030517578,89.6500015258789,108.61000061035156,119.36000061035156,0.04811485011166439,0.04699316969553332,98.52800140380859,102.08619035993304,29.739999771118164,1073.68994140625
2010-06-25,97.51000213623048,103.69000244140624,92.36000061035156,103.69000244140624,115.68000030517578,-0.05960073449383885,-0.06145074336059275,99.55800170898438,101.22095235188802,28.530000686645508,1076.760009765625
2010-06-28,99.01000213623048,97.51000213623048,96.01000213623048,99.91999816894533,107.63999938964844,0.015383037300156666,0.015265917955492573,100.15800170898437,100.81000010172527,29.0,1074.5699462890625
2010-06-29,104.0,99.01000213623048,101.6500015258789,99.0,110.12999725341795,0.05039892693774162,0.049170022431043355,100.6280014038086,100.51809547061012,34.130001068115234,1041.239990234375
2010-06-30,105.16000366210938,104.0,98.93000030517578,93.66999816894533,109.91999816894533,0.011153881366436247,0.011092135544473886,101.8740020751953,100.29142906552269,34.540000915527344,1030.7099609375
2010-07-01,100.69000244140624,105.16000366210938,103.69000244140624,89.6500015258789,98.0199966430664,-0.042506666651189406,-0.043436520511563666,101.27400207519531,100.41857219877697,32.86000061035156,1027.3699951171875
2010-07-02,97.19000244140624,100.69000244140624,97.51000213623048,92.36000061035156,95.61000061035156,-0.03476015408815514,-0.035378663538971546,101.21000213623047,100.49381038120815,30.1200008392334,1022.5800170898438
2010-07-06,97.58000183105467,97.19000244140624,99.01000213623048,96.01000213623048,103.30999755859376,0.00401275213346719,0.00400472251703084,100.9240020751953,100.22095344180153,29.649999618530273,1028.06005859375
2010-07-07,92.13999938964844,97.58000183105467,104.0,101.6500015258789,102.76000213623048,-0.055749152893282305,-0.05736342026874718,98.55200195312499,99.71523902529762,26.84000015258789,1060.27001953125
2010-07-08,89.8499984741211,92.13999938964844,105.16000366210938,98.93000030517578,101.79000091552734,-0.024853493929853587,-0.025167556636541376,95.49000091552733,99.14666748046875,25.709999084472656,1070.25
2010-07-09,88.58000183105469,89.8499984741211,100.69000244140624,103.69000244140624,111.7699966430664,-0.014134631771108963,-0.014235477080804047,93.06800079345702,98.0423820132301,24.979999542236328,1077.9599609375
2010-07-12,91.75,88.58000183105469,97.19000244140624,97.51000213623048,108.61000061035156,0.035786837925238846,0.0351613677684301,91.98000030517578,97.2395248413086,24.43000030517578,1078.75
2010-07-13,90.8000030517578,91.75,97.58000183105467,99.01000213623048,103.69000244140624,-0.010354190171577127,-0.010408167717765222,90.6240005493164,96.62571534656342,24.559999465942383,1095.3399658203125
2010-07-14,96.12999725341795,90.8000030517578,92.13999938964844,104.0,99.91999816894533,0.058700374697366,0.05704209428927097,91.42200012207032,96.4452391124907,24.889999389648438,1095.1700439453125
2010-07-15,97.75,96.12999725341795,89.8499984741211,105.16000366210938,99.0,0.016852208393508983,0.016711785359289782,93.00200042724609,96.38571530296689,25.139999389648438,1096.47998046875
2010-07-16,101.56999969482422,97.75,88.58000183105469,100.69000244140624,93.66999816894533,0.039079280765465185,0.038335014081348845,95.6,96.76190585181827,26.25,1064.8800048828125
2010-07-19,102.58000183105467,101.56999969482422,91.75,97.19000244140624,89.6500015258789,0.009943902129222248,0.009894786864314688,97.76600036621093,97.37762015206474,25.969999313354492,1071.25
2010-07-20,98.88999938964844,102.58000183105467,90.8000030517578,97.58000183105467,92.36000061035156,-0.035971947509647384,-0.03663488470126417,99.38399963378906,97.68857247488839,23.93000030517578,1083.47998046875
2010-07-21,97.0199966430664,98.88999938964844,96.12999725341795,92.13999938964844,96.01000213623048,-0.018909927779590774,-0.019091006893233124,99.56199951171875,97.73666745140439,25.639999389648438,1069.5899658203125
2010-07-22,93.1999969482422,97.0199966430664,97.75,89.8499984741211,101.6500015258789,-0.03937332330445098,-0.04016941926927856,98.6519989013672,97.33428628104073,24.6299991607666,1093.6700439453125
2010-07-23,89.9000015258789,93.1999969482422,101.56999969482422,88.58000183105469,98.93000030517578,-0.03540767736501016,-0.03604973049671905,96.31799926757813,96.90428633916946,23.469999313354492,1102.6600341796875
2010-07-26,88.55000305175781,89.9000015258789,102.58000183105467,91.75,103.69000244140624,-0.015016667977836184,-0.015130559758133358,93.51199951171876,96.18333398728143,22.729999542236328,1115.010009765625
2010-07-27,90.13999938964844,88.55000305175781,98.88999938964844,90.8000030517578,97.51000213623048,0.017955915111163456,0.017796611798841025,91.76199951171876,95.83238147553944,23.190000534057617,1113.8399658203125
2010-07-28,90.70999908447266,90.13999938964844,97.0199966430664,96.12999725341795,99.01000213623048,0.006323493440024031,0.006303584042597337,90.5,95.43714323497954,24.25,1106.1300048828125
2010-07-29,90.62000274658205,90.70999908447266,93.1999969482422,97.75,104.0,-0.0009921324969566214,-0.0009926249861723628,89.98400115966797,94.8000005086263,24.1299991607666,1101.530029296875
2010-07-30,89.55000305175781,90.62000274658205,89.9000015258789,101.56999969482422,105.16000366210938,-0.011807544277133597,-0.01187780696224173,89.91400146484375,94.0566671462286,23.5,1101.5999755859375
2010-08-02,85.0199966430664,89.55000305175781,88.55000305175781,102.58000183105467,100.69000244140624,-0.05058633449820393,-0.05191067913893713,89.20800018310547,93.3104763939267,22.010000228881836,1125.8599853515625
2010-08-03,85.04000091552734,85.0199966430664,90.13999938964844,98.88999938964844,97.19000244140624,0.0002352890290613363,0.00023526135293891153,88.18800048828125,92.73190489269439,22.6299991607666,1120.4599609375
2010-08-04,85.05000305175781,85.04000091552734,90.70999908447266,97.0199966430664,97.58000183105467,0.00011761684057831623,0.0001176099242600341,87.05600128173828,92.13523828415643,22.209999084472656,1127.239990234375
2010-08-05,86.5199966430664,85.05000305175781,90.62000274658205,93.1999969482422,92.13999938964844,0.017283874645060537,0.01713620756155125,86.23600006103516,91.86761910574776,22.100000381469727,1125.81005859375
2010-08-06,87.44000244140625,86.5199966430664,89.55000305175781,89.9000015258789,89.8499984741211,0.010633446995326201,0.010577309503866872,85.81399993896484,91.75285738990421,21.739999771118164,1121.6400146484375
2010-08-09,87.86000061035156,87.44000244140625,85.0199966430664,88.55000305175781,88.58000183105469,0.0048032726122893,0.004791773705284336,86.38200073242187,91.71857161748977,22.139999389648438,1127.7900390625
2010-08-10,90.3499984741211,87.86000061035156,85.04000091552734,90.13999938964844,91.75,0.0283405172600939,0.027946354655206368,87.44400024414062,91.6519048781622,22.3700008392334,1121.06005859375
2010-08-11,102.6500015258789,90.3499984741211,85.05000305175781,90.70999908447266,90.8000030517578,0.13613728012713677,0.12763415818010748,90.96399993896485,92.21619051978702,25.389999389648438,1089.469970703125
2010-08-12,99.75,102.6500015258789,86.5199966430664,90.62000274658205,96.12999725341795,-0.028251353948083424,-0.02865810255983966,93.61000061035156,92.38857160295758,25.729999542236328,1083.6099853515625
2010-08-13,99.54000091552734,99.75,87.44000244140625,89.55000305175781,97.75,-0.0021052539796757586,-0.002107473141982447,96.03000030517578,92.47380974179222,26.239999771118164,1079.25
2010-08-16,98.7300033569336,99.54000091552734,87.86000061035156,85.0199966430664,101.56999969482422,-0.00813740758633441,-0.008170697003482129,98.2040008544922,92.33857182094029,26.100000381469727,1079.3800048828125
2010-08-17,93.25,98.7300033569336,90.3499984741211,85.04000091552734,102.58000183105467,-0.05550494450123755,-0.05710482710058334,98.78400115966797,91.89428601946149,24.329999923706055,1092.5400390625
2010-08-18,91.3000030517578,93.25,102.6500015258789,85.05000305175781,98.88999938964844,-0.020911495423508897,-0.021133237497397053,96.51400146484374,91.53285762241909,24.59000015258789,1094.1600341796875
2010-08-19,91.95999908447266,91.3000030517578,99.75,86.5199966430664,97.0199966430664,0.007228871967733808,0.007202868912740161,94.95600128173828,91.29190535772415,26.440000534057617,1075.6300048828125
2010-08-20,89.33999633789062,91.95999908447266,99.54000091552734,87.44000244140625,93.1999969482422,-0.028490678258656255,-0.028904415005998916,92.91600036621094,91.10809580485027,25.489999771118164,1071.68994140625
2010-08-23,87.66000366210938,89.33999633789062,98.7300033569336,87.86000061035156,89.9000015258789,-0.018804485612775146,-0.01898353816631922,90.70200042724609,91.00142923990886,25.65999984741211,1067.3599853515625
2010-08-24,85.69999694824219,87.66000366210938,93.25,90.3499984741211,88.55000305175781,-0.022359190417355568,-0.022612946772992554,89.19199981689454,90.86571466355096,27.459999084472656,1051.8699951171875
2010-08-25,82.63999938964844,85.69999694824219,91.3000030517578,102.6500015258789,90.13999938964844,-0.03570592377549109,-0.03635897256824184,87.45999908447266,90.50857180640811,26.700000762939453,1055.3299560546875
2010-08-26,82.94999694824219,82.63999938964844,91.95999908447266,99.75,90.70999908447266,0.003751180552798772,0.0037441624204079993,85.65799865722656,90.13904789515904,27.3700008392334,1047.219970703125
2010-08-27,79.0,82.94999694824219,89.33999633789062,99.54000091552734,90.62000274658205,-0.0476190125806375,-0.04879012737910205,83.58999938964844,89.58571443103608,24.450000762939453,1064.5899658203125
2010-08-30,82.5199966430664,79.0,87.66000366210938,98.7300033569336,89.55000305175781,0.044556919532486194,0.0435927950557865,82.56199798583984,89.2509522210984,27.209999084472656,1048.9200439453125
2010-08-31,81.48999786376953,82.5199966430664,85.69999694824219,93.25,85.0199966430664,-0.012481808303411057,-0.012560360405313237,81.71999816894531,89.08285704113189,26.049999237060547,1049.3299560546875
2010-09-01,78.27999877929688,81.48999786376953,82.63999938964844,91.3000030517578,85.04000091552734,-0.039391326158075946,-0.04018816018368081,80.847998046875,88.76095217750186,23.889999389648438,1080.2900390625
2010-09-02,79.05000305175781,78.27999877929688,82.94999694824219,91.95999908447266,85.05000305175781,0.009836539147527246,0.009788475327078239,80.06799926757813,88.47523789178757,23.190000534057617,1090.0999755859375
2010-09-03,76.63999938964844,79.05000305175781,79.0,89.33999633789062,86.5199966430664,-0.030487078672614687,-0.030961476562164466,79.59599914550782,88.00476183210101,21.309999465942383,1104.510009765625
2010-09-07,78.9800033569336,76.63999938964844,82.5199966430664,87.66000366210938,87.44000244140625,0.030532411089778888,0.03007557266336538,78.88800048828125,87.6019047328404,23.799999237060547,1091.8399658203125
2010-09-08,89.87999725341797,78.9800033569336,81.48999786376953,85.69999694824219,87.86000061035156,0.13800953954413164,0.12928071839671226,80.56600036621094,87.6980950491769,23.25,1098.8699951171875
2010-09-09,87.97000122070312,89.87999725341797,78.27999877929688,82.63999938964844,90.3499984741211,-0.021250512806866073,-0.021479555617865357,82.50400085449219,87.58476184663319,22.809999465942383,1104.1800537109375
2010-09-10,87.5999984741211,87.97000122070312,79.05000305175781,82.94999694824219,102.6500015258789,-0.004206010474567923,-0.004214880617303428,84.21399993896485,86.86809503464471,21.989999771118164,1109.550048828125
2010-09-13,87.33000183105469,87.5999984741211,76.63999938964844,79.0,99.75,-0.003082153513349284,-0.0030869131309199586,86.3520004272461,86.27666655040923,21.209999084472656,1121.9000244140625
2010-09-14,87.94999694824219,87.33000183105469,78.9800033569336,82.5199966430664,99.54000091552734,0.007099451553738811,0.007074369092068597,88.14599914550782,85.72476159958612,21.559999465942383,1121.0999755859375
2010-09-15,88.4000015258789,87.94999694824219,89.87999725341797,81.48999786376953,98.7300033569336,0.005116595716331274,0.005103550419885962,87.85,85.23285675048828,22.100000381469727,1125.0699462890625
2010-09-16,87.62999725341797,88.4000015258789,87.97000122070312,78.27999877929688,93.25,-0.008710455420473218,-0.008748613179854621,87.78199920654296,84.96523757207962,21.719999313354492,1124.6600341796875
2010-09-17,85.44999694824219,87.62999725341797,87.5999984741211,79.05000305175781,91.3000030517578,-0.024877329379246915,-0.025191999877176453,87.35199890136718,84.68666585286458,22.010000228881836,1125.5899658203125
2010-09-20,81.5,85.44999694824219,87.33000183105469,76.63999938964844,91.95999908447266,-0.04622582901477146,-0.047328353600823034,86.18599853515624,84.18857065836589,21.5,1142.7099609375
2010-09-21,80.97000122070312,81.5,87.94999694824219,78.9800033569336,89.33999633789062,-0.0065030525067101275,-0.006524289472801514,84.78999938964844,83.78999946230934,22.350000381469727,1139.780029296875
2010-09-22,81.86000061035156,80.97000122070312,88.4000015258789,89.87999725341797,87.66000366210938,0.010991717626661845,0.010931747746282918,83.48199920654297,83.51380884079705,22.510000228881836,1134.280029296875
2010-09-23,83.0199966430664,81.86000061035156,87.62999725341797,87.97000122070312,85.69999694824219,0.014170486489932355,0.014071023669353743,82.55999908447265,83.38618977864583,23.8700008392334,1124.8299560546875
2010-09-24,80.0,83.0199966430664,85.44999694824219,87.5999984741211,82.63999938964844,-0.03637673771598049,-0.03705486751577066,81.46999969482422,83.26047552199591,21.709999084472656,1148.6700439453125
2010-09-27,82.62000274658203,80.0,81.5,87.33000183105469,82.94999694824219,0.0327500343322753,0.03222518053828538,81.69400024414062,83.24476151239304,22.540000915527344,1142.1600341796875
2010-09-28,83.62000274658203,82.62000274658203,80.97000122070312,87.94999694824219,79.0,0.012103606472481765,0.012030943562245386,82.2240005493164,83.46476164318267,22.600000381469727,1147.699951171875
2010-09-29,83.3499984741211,83.62000274658203,81.86000061035156,88.4000015258789,82.5199966430664,-0.003228943597134437,-0.003234167884495258,82.52200012207031,83.50428553989956,23.25,1144.72998046875
2010-09-30,86.48999786376953,83.3499984741211,83.0199966430664,87.62999725341797,81.48999786376953,0.03767245887380977,0.03698018472934142,83.21600036621093,83.7423807779948,23.700000762939453,1141.199951171875
2010-10-01,84.08000183105469,86.48999786376953,80.0,85.44999694824219,78.27999877929688,-0.027864447823328975,-0.028260027273033738,84.03200073242188,84.01857139950707,22.5,1146.239990234375
2010-10-04,86.22000122070312,84.08000183105469,82.62000274658203,81.5,79.05000305175781,0.02545194270985407,0.025133435130767563,84.75200042724609,84.35999988374256,23.530000686645508,1137.030029296875
2010-10-05,82.62000274658203,86.22000122070312,83.62000274658203,80.97000122070312,76.63999938964844,-0.04175363515602293,-0.042650368264825565,84.5520004272461,84.64476194835845,21.760000228881836,1160.75
2010-10-06,81.05000305175781,82.62000274658203,83.3499984741211,81.86000061035156,78.9800033569336,-0.019002658468068923,-0.019185529377702713,84.09200134277344,84.74333336239769,21.489999771118164,1159.969970703125
2010-10-07,80.69999694824219,81.05000305175781,86.48999786376953,83.0199966430664,89.87999725341797,-0.004318397166402477,-0.004327748374643836,82.93400115966797,84.30619049072266,21.559999465942383,1158.06005859375
2010-10-08,81.41000366210938,80.69999694824219,84.08000183105469,80.0,87.97000122070312,0.00879810087629318,0.008759623109597308,82.4000015258789,83.99380965459915,20.709999084472656,1165.1500244140625
2010-10-11,84.75,81.41000366210938,86.22000122070312,82.62000274658203,87.5999984741211,0.04102685404306339,0.04020758569114177,82.10600128173829,83.85809544154576,18.959999084472656,1165.3199462890625
2010-10-12,84.7699966430664,84.75,82.62000274658203,83.62000274658203,87.33000183105469,0.00023594859075415364,0.0002359207592631955,82.53600006103515,83.73619043259393,18.93000030517578,1169.77001953125
2010-10-13,88.72000122070312,84.7699966430664,81.05000305175781,83.3499984741211,87.94999694824219,0.04659672919734392,0.045543689781341115,84.06999969482422,83.77285730271112,19.06999969482422,1178.0999755859375
2010-10-14,87.13999938964844,88.72000122070312,80.69999694824219,86.48999786376953,88.4000015258789,-0.01780885718344638,-0.017969343116131832,85.35800018310547,83.71285720098587,19.8799991607666,1173.81005859375
2010-10-15,89.81999969482422,87.13999938964844,81.41000366210938,84.08000183105469,87.62999725341797,0.030755110442359568,0.030291650576922655,87.03999938964844,83.81714303152901,19.030000686645508,1176.18994140625
2010-10-18,91.75,89.81999969482422,84.75,86.22000122070312,85.44999694824219,0.021487422753654117,0.021259822672724856,88.43999938964843,84.11714317685082,19.09000015258789,1184.7099609375
2010-10-19,91.52999877929688,91.75,84.7699966430664,82.62000274658203,81.5,-0.0023978334681539204,-0.002400712874636834,89.79199981689453,84.59476216634114,20.6299991607666,1165.9000244140625
2010-10-20,85.4800033569336,91.52999877929688,88.72000122070312,81.05000305175781,80.97000122070312,-0.06609849779361876,-0.06838430433752915,89.14400024414063,84.8095241728283,19.790000915527344,1178.1700439453125
2010-10-21,83.58999633789062,85.4800033569336,87.13999938964844,80.69999694824219,81.86000061035156,-0.02211051643448092,-0.022358617821826337,88.43399963378906,84.89190492175874,19.270000457763672,1180.260009765625
2010-10-22,81.97000122070312,83.58999633789062,89.81999969482422,81.41000366210938,83.0199966430664,-0.019380251084580635,-0.019570510343676246,86.86399993896484,84.84190513974144,18.780000686645508,1183.0799560546875
2010-10-25,82.0199966430664,81.97000122070312,91.75,84.75,80.0,0.000609923406352797,0.0006097374786692445,84.91799926757812,84.93809545607795,19.850000381469727,1185.6199951171875
2010-10-26,82.79000091552734,82.0199966430664,91.52999877929688,84.7699966430664,82.62000274658203,0.00938800663223427,0.00934421317346326,83.16999969482421,84.9461906069801,20.219999313354492,1185.6400146484375
2010-10-27,80.41999816894531,82.79000091552734,85.4800033569336,88.72000122070312,83.62000274658203,-0.028626678588881793,-0.029044413508664005,82.15799865722656,84.79380943661644,20.709999084472656,1182.449951171875
2010-10-28,78.47000122070312,80.41999816894531,83.58999633789062,87.13999938964844,83.3499984741211,-0.02424766218155905,-0.024546477004794367,81.13399963378906,84.56142861502511,20.8799991607666,1183.780029296875
2010-10-29,77.45999908447266,78.47000122070312,81.97000122070312,89.81999969482422,86.48999786376953,-0.012871187976533305,-0.012954739428435377,80.23199920654297,84.13142867315383,21.200000762939453,1183.260009765625
2010-11-01,79.72000122070312,77.45999908447266,82.0199966430664,91.75,84.08000183105469,0.029176377006742138,0.02875884838972663,79.77200012207031,83.92380959647042,21.829999923706055,1184.3800048828125
2010-11-02,80.18000030517578,79.72000122070312,82.79000091552734,91.52999877929688,86.22000122070312,0.00577018411225505,0.005753600363518079,79.25,83.63619050525483,21.56999969482422,1193.5699462890625
2010-11-03,76.56999969482422,80.18000030517578,80.41999816894531,85.4800033569336,82.62000274658203,-0.045023704123365205,-0.0460687598810413,78.48000030517578,83.3480951218378,19.559999465942383,1197.9599609375
2010-11-04,70.77999877929688,76.56999969482422,78.47000122070312,83.58999633789062,81.05000305175781,-0.07561709466636868,-0.07862889346857736,76.94199981689454,82.85904729933966,18.520000457763672,1221.06005859375
2010-11-05,74.0199966430664,70.77999877929688,77.45999908447266,81.97000122070312,80.69999694824219,0.04577561344515346,0.04475882393542284,76.25399932861328,82.54095204671223,18.260000228881836,1225.8499755859375
2010-11-08,73.66999816894531,74.0199966430664,79.72000122070312,82.0199966430664,81.41000366210938,-0.004728431369820596,-0.004739645766397996,75.04399871826172,82.17238035656158,18.290000915527344,1223.25
2010-11-09,76.48999786376953,73.66999816894531,80.18000030517578,82.79000091552734,84.75,0.03827880772247605,0.03756434956564167,74.30599822998047,81.77904692150298,19.079999923706055,1213.4000244140625
2010-11-10,83.06999969482422,76.48999786376953,76.56999969482422,80.41999816894531,84.7699966430664,0.08602434324516284,0.08252363677171955,75.60599822998047,81.69809468587239,18.469999313354492,1218.7099609375
2010-11-12,88.18000030517578,83.06999969482422,70.77999877929688,78.47000122070312,88.72000122070312,0.06151439303147055,0.059696561213357285,79.08599853515625,81.67238035656158,20.610000610351562,1199.2099609375
2010-11-15,88.12999725341797,88.18000030517578,74.0199966430664,77.45999908447266,87.13999938964844,-0.0005670566067674798,-0.0005672174441706013,81.90799865722656,81.71952311197917,20.200000762939453,1197.75
2010-11-16,93.6500015258789,88.12999725341797,73.66999816894531,79.72000122070312,89.81999969482422,0.06263479455908927,0.06075147923707013,85.90399932861328,81.9019041515532,22.579999923706055,1178.3399658203125
2010-11-17,89.25,93.6500015258789,76.48999786376953,80.18000030517578,91.75,-0.046983464540179654,-0.0481230245237702,88.45599975585938,81.78285653250558,21.760000228881836,1178.5899658203125
2010-11-18,83.91999816894531,89.25,83.06999969482422,76.56999969482422,91.52999877929688,-0.05971990847120101,-0.06157747839075713,88.6259994506836,81.42047555106026,18.75,1196.68994140625
2010-11-19,84.7300033569336,83.91999816894531,88.18000030517578,70.77999877929688,85.4800033569336,0.00965211160226187,0.009605827560566044,87.93600006103516,81.38476126534599,18.040000915527344,1199.72998046875
2010-11-22,78.38999938964844,84.7300033569336,88.12999725341797,74.0199966430664,83.58999633789062,-0.0748259614788076,-0.07777340941501626,85.98800048828124,81.13714236304874,18.3700008392334,1197.8399658203125
2010-11-23,87.44000244140625,78.38999938964844,93.6500015258789,73.66999816894531,81.97000122070312,0.11544843885982847,0.1092565113746731,84.74600067138672,81.39761861165364,20.6299991607666,1180.72998046875
2010-11-24,81.55000305175781,87.44000244140625,89.25,76.48999786376953,82.0199966430664,-0.06736046689380348,-0.0697365053002692,83.20600128173828,81.37523796444847,19.559999465942383,1198.3499755859375
2010-11-26,90.5500030517578,81.55000305175781,83.91999816894531,83.06999969482422,82.79000091552734,0.11036173713308028,0.1046858515429373,84.53200225830078,81.74476187569755,22.219999313354492,1189.4000244140625
2010-11-29,89.01000213623047,90.5500030517578,84.7300033569336,88.18000030517578,80.41999816894531,-0.017007187892054243,-0.017153471061149565,85.38800201416015,82.15380968366351,21.530000686645508,1187.760009765625
2010-11-30,95.7300033569336,89.01000213623047,78.38999938964844,88.12999725341797,78.47000122070312,0.07549714705565469,0.07278301705421182,88.85600280761719,82.97571454729352,23.540000915527344,1180.550048828125
2010-12-01,92.02999877929688,95.7300033569336,87.44000244140625,93.6500015258789,77.45999908447266,-0.03865041729750163,-0.039417166438366014,89.77400207519531,83.66952405657086,21.360000610351562,1206.0699462890625
2010-12-02,87.73999786376953,92.02999877929688,81.55000305175781,89.25,79.72000122070312,-0.04661524472922651,-0.047736726195792216,91.01200103759766,84.05142865862165,19.389999389648438,1221.530029296875
2010-12-03,84.27999877929688,87.73999786376953,90.5500030517578,83.91999816894531,80.18000030517578,-0.03943468393793281,-0.04023329693869839,89.75800018310547,84.24666668119885,18.010000228881836,1224.7099609375
2010-12-06,82.5999984741211,84.27999877929688,89.01000213623047,84.7300033569336,76.56999969482422,-0.01993355872696656,-0.02013491239826586,88.47599945068359,84.53380948021298,18.020000457763672,1223.1199951171875
2010-12-07,82.66000366210938,82.5999984741211,95.7300033569336,78.38999938964844,70.77999877929688,0.000726455073810639,0.0007261913330463212,85.86199951171875,85.09952399844215,17.989999771118164,1223.75
2010-12-08,81.80000305175781,82.66000366210938,92.02999877929688,87.44000244140625,74.0199966430664,-0.01040407176688496,-0.010458572470614914,83.81600036621094,85.47000049409412,17.739999771118164,1228.280029296875
2010-12-09,79.80000305175781,81.80000305175781,87.73999786376953,81.55000305175781,73.66999816894531,-0.024449876838446127,-0.024753738217911887,82.22800140380859,85.76190548851376,17.25,1233.0
2010-12-10,79.36000061035156,79.80000305175781,84.27999877929688,90.5500030517578,76.48999786376953,-0.005513814844353648,-0.0055290720308022075,81.24400177001954,85.89857228597005,17.610000610351562,1240.4000244140625
2010-12-13,81.66999816894531,79.36000061035156,82.5999984741211,89.01000213623047,83.06999969482422,0.029107831915672122,0.02869224428248214,81.05800170898438,85.83190554664249,17.549999237060547,1240.4599609375
2010-12-14,81.66999816894531,81.66999816894531,82.66000366210938,95.7300033569336,88.18000030517578,0.0,0.0,80.86000061035156,85.52190544491722,17.610000610351562,1241.5899658203125
2010-12-15,83.41999816894531,81.66999816894531,81.80000305175781,92.02999877929688,88.12999725341797,0.021427697309113425,0.021201351868949246,81.18399963378906,85.29761977422805,17.940000534057617,1235.22998046875
2010-12-16,81.31999969482422,83.41999816894531,79.80000305175781,87.73999786376953,93.6500015258789,-0.025173801489039804,-0.02549608181160109,81.48799896240234,84.71047682989212,17.389999389648438,1242.8699951171875
2010-12-17,86.62000274658203,81.31999969482422,79.36000061035156,84.27999877929688,89.25,0.06517465656231614,0.06313878248751567,82.93999938964843,84.58523886544364,16.110000610351562,1243.9100341796875
2010-12-20,84.08999633789062,86.62000274658203,81.66999816894531,82.5999984741211,83.91999816894531,-0.029208108155956425,-0.029643157199958987,83.4239990234375,84.59333401634579,16.40999984741211,1247.0799560546875
2010-12-21,84.37999725341797,84.08999633789062,81.66999816894531,82.66000366210938,84.7300033569336,0.003448696969400089,0.003442763851111638,83.96599884033203,84.57666705903553,16.489999771118164,1254.5999755859375
2010-12-22,86.02999877929688,84.37999725341797,83.41999816894531,81.80000305175781,78.38999938964844,0.019554415496405797,0.01936568429794647,84.48799896240234,84.9404765537807,15.449999809265137,1258.8399658203125
2010-12-23,86.73999786376953,86.02999877929688,81.31999969482422,79.80000305175781,87.44000244140625,0.008252924497815117,0.008219055335261896,85.5719985961914,84.90714300246466,16.469999313354492,1256.77001953125
2010-12-27,87.44000244140625,86.73999786376953,86.62000274658203,79.36000061035156,81.55000305175781,0.008070147508374648,0.008037758009968435,85.73599853515626,85.18761916387649,17.670000076293945,1257.5400390625
2010-12-28,86.33999633789062,87.44000244140625,84.08999633789062,81.66999816894531,90.5500030517578,-0.012580124345864974,-0.012659924076863727,86.18599853515624,84.98714265369233,17.520000457763672,1258.510009765625
2010-12-29,85.70999908447266,86.33999633789062,84.37999725341797,81.66999816894531,89.01000213623047,-0.007296702341200945,-0.007323453483245605,86.45199890136719,84.82999965122768,17.280000686645508,1259.780029296875
2010-12-30,86.5199966430664,85.70999908447266,86.02999877929688,83.41999816894531,95.7300033569336,0.009450444140075787,0.009406068056242552,86.5499984741211,84.3914279029483,17.520000457763672,1257.8800048828125
2010-12-31,86.36000061035156,86.5199966430664,86.73999786376953,81.31999969482422,92.02999877929688,-0.0018492376204647387,-0.0018509495712145919,86.4739990234375,84.12142799014137,17.75,1257.6400146484375
2011-01-03,84.80000305175781,86.36000061035156,87.44000244140625,86.62000274658203,87.73999786376953,-0.01806389008300635,-0.018229033928566007,85.94599914550781,83.98142823718842,17.610000610351562,1271.8699951171875
2011-01-04,85.25,84.80000305175781,86.33999633789062,84.08999633789062,84.27999877929688,0.005306567594903555,0.0052925373780592965,85.72799987792969,84.02761877150763,17.3799991607666,1270.199951171875
2011-01-05,84.69999694824219,85.25,85.70999908447266,84.37999725341797,82.5999984741211,-0.0064516487009713686,-0.006472550535816566,85.5259994506836,84.12761869884673,17.020000457763672,1276.56005859375
2011-01-06,84.5999984741211,84.69999694824219,86.5199966430664,86.02999877929688,82.66000366210938,-0.001180619571712671,-0.001181317052025877,85.14199981689453,84.21999940418061,17.399999618530273,1273.8499755859375
2011-01-07,83.7300033569336,84.5999984741211,86.36000061035156,86.73999786376953,81.80000305175781,-0.010283630412282196,-0.010336872267080566,84.61600036621094,84.31190418061756,17.139999389648438,1271.5
2011-01-10,81.6500015258789,83.7300033569336,84.80000305175781,87.44000244140625,79.80000305175781,-0.024841774127104976,-0.025155538204183807,83.98600006103516,84.3999993460519,17.540000915527344,1269.75
2011-01-11,79.81999969482422,81.6500015258789,85.25,86.33999633789062,79.36000061035156,-0.02241275930012898,-0.022667742307231207,82.9,84.42190406436012,16.889999389648438,1274.47998046875
2011-01-12,77.94000244140625,79.81999969482422,84.69999694824219,85.70999908447266,81.66999816894531,-0.02355295991738615,-0.023834764562549817,81.54800109863281,84.24428522019159,16.239999771118164,1285.9599609375
2011-01-13,78.63999938964844,77.94000244140625,84.5999984741211,86.5199966430664,81.66999816894531,0.008981228205226621,0.008941136842835515,80.35600128173829,84.0999995640346,16.389999389648438,1283.760009765625
2011-01-14,75.94000244140625,78.63999938964844,83.7300033569336,86.36000061035156,83.41999816894531,-0.03433363389112121,-0.034936881124770676,78.79800109863281,83.74380929129464,15.460000038146973,1293.239990234375
2011-01-18,79.7699966430664,75.94000244140625,81.6500015258789,84.80000305175781,81.31999969482422,0.05043447561929293,0.04920386488757649,78.42200012207032,83.66999962216332,15.869999885559082,1295.02001953125
2011-01-19,83.69999694824219,79.7699966430664,79.81999969482422,85.25,86.62000274658203,0.04926664749355192,0.048091489194382366,79.1979995727539,83.53095172700428,17.309999465942383,1281.9200439453125
2011-01-20,82.69000244140625,83.69999694824219,77.94000244140625,84.69999694824219,84.08999633789062,-0.012066840426057546,-0.01214023577588081,80.1479995727539,83.46428535098121,17.989999771118164,1280.260009765625
2011-01-21,85.41000366210938,82.69000244140625,78.63999938964844,84.5999984741211,84.37999725341797,0.03289395501748227,0.03236452757599555,81.50200042724609,83.51333327520462,18.469999313354492,1283.3499755859375
2011-01-24,82.97000122070312,85.41000366210938,75.94000244140625,83.7300033569336,86.02999877929688,-0.02856811072224219,-0.02898412144609889,82.90800018310547,83.36761910574776,17.649999618530273,1290.8399658203125
2011-01-25,82.66999816894531,82.97000122070312,79.7699966430664,81.6500015258789,86.73999786376953,-0.0036158014625043977,-0.0036223542731561465,83.48800048828124,83.17380959647042,17.59000015258789,1291.1800537109375
2011-01-26,79.43000030517578,82.66999816894531,83.69999694824219,79.81999969482422,87.44000244140625,-0.03919194309340901,-0.0399806226285093,82.63400115966797,82.79238092331659,16.639999389648438,1296.6300048828125
2011-01-27,77.04000091552734,79.43000030517578,82.69000244140625,77.94000244140625,86.33999633789062,-0.03008937908178133,-0.030551355113450605,81.50400085449219,82.34952399844215,16.149999618530273,1299.5400390625
2011-01-28,91.5199966430664,77.04000091552734,85.41000366210938,78.63999938964844,85.70999908447266,0.1879542517583308,0.17223271157804354,82.72599945068359,82.62619054885138,20.040000915527344,1276.3399658203125
2011-01-31,86.08000183105469,91.5199966430664,82.97000122070312,75.94000244140625,86.5199966430664,-0.059440504933889304,-0.061280373266685575,83.3479995727539,82.60523841494606,19.530000686645508,1286.1199951171875
2011-02-01,84.4800033569336,86.08000183105469,82.66999816894531,79.7699966430664,86.36000061035156,-0.018587342473125656,-0.018762257990639786,83.71000061035156,82.51571473621186,17.6299991607666,1307.5899658203125
2011-02-02,83.16000366210938,84.4800033569336,79.43000030517578,83.69999694824219,84.80000305175781,-0.015624995766715721,-0.01574835266765991,84.45600128173828,82.43761952718098,17.299999237060547,1304.030029296875
2011-02-03,81.75,83.16000366210938,77.04000091552734,82.69000244140625,85.25,-0.016955310245516775,-0.01710069724935771,85.39800109863282,82.27095286051433,16.690000534057617,1307.0999755859375
2011-02-04,81.11000061035156,81.75,91.5199966430664,85.41000366210938,84.69999694824219,-0.007828738711295857,-0.007859544170124074,83.31600189208984,82.1000006539481,15.930000305175781,1310.8699951171875
2011-02-07,80.54000091552734,81.11000061035156,86.08000183105469,82.97000122070312,84.5999984741211,-0.007027489711934121,-0.007052298816568502,82.20800170898437,81.90666743687221,16.280000686645508,1319.050048828125
2011-02-08,78.93000030517578,80.54000091552734,84.4800033569336,82.66999816894531,83.7300033569336,-0.019990074398436808,-0.020192579203948565,81.0980010986328,81.67809586297898,15.8100004196167,1324.5699462890625
2011-02-09,82.11000061035156,78.93000030517578,83.16000366210938,79.43000030517578,81.6500015258789,0.04028886726061831,0.039498431567316104,80.88800048828125,81.7000005812872,15.869999885559082,1320.8800048828125
2011-02-10,83.7300033569336,82.11000061035156,81.75,77.04000091552734,79.81999969482422,0.019729664286201487,0.01953755715466566,81.28400115966797,81.88619123186383,16.09000015258789,1321.8699951171875
2011-02-11,84.5,83.7300033569336,81.11000061035156,91.5199966430664,77.94000244140625,0.009196185503349108,0.009154158054424981,81.96200103759766,82.19857206798736,15.6899995803833,1329.1500244140625
2011-02-14,82.66999816894531,84.5,80.54000091552734,86.08000183105469,78.63999938964844,-0.02165682640301403,-0.021894777247506127,82.38800048828125,82.39047677176339,15.949999809265137,1332.3199462890625
2011-02-15,84.37999725341797,82.66999816894531,78.93000030517578,84.4800033569336,75.94000244140625,0.02068463919616992,0.0204736170304157,83.47799987792969,82.7923812866211,16.3700008392334,1328.010009765625
2011-02-16,83.05000305175781,84.37999725341797,82.11000061035156,83.16000366210938,79.7699966430664,-0.015761960712866507,-0.01588750134070421,83.66600036621094,82.94857206798736,16.719999313354492,1336.3199462890625
2011-02-17,83.02999877929688,83.05000305175781,83.7300033569336,81.75,83.69999694824219,-0.00024087021945651266,-0.00024089923334697148,83.5259994506836,82.91666739327567,16.59000015258789,1340.4300537109375
2011-02-18,85.47000122070312,83.02999877929688,84.5,81.11000061035156,82.69000244140625,0.02938699840153025,0.0289634778881809,83.71999969482422,83.0490482875279,16.43000030517578,1343.010009765625
2011-02-22,99.18000030517578,85.47000122070312,82.66999816894531,80.54000091552734,85.41000366210938,0.16040714740450635,0.14877093267780964,87.02200012207031,83.70476241338821,20.799999237060547,1315.43994140625
2011-02-23,99.04000091552734,99.18000030517578,84.37999725341797,78.93000030517578,82.97000122070312,-0.0014115687559755896,-0.0014125659576749903,89.9540008544922,84.47000049409412,22.1299991607666,1307.4000244140625
2011-02-24,94.06999969482422,99.04000091552734,83.05000305175781,82.11000061035156,82.66999816894531,-0.05018175661106983,-0.05148463544057689,92.15800018310547,85.01285770961216,21.31999969482422,1306.0999755859375
2011-02-25,86.16999816894531,94.06999969482422,83.02999877929688,83.7300033569336,79.43000030517578,-0.08398003137565191,-0.08771711473737888,92.78600006103515,85.33380998883929,19.219999313354492,1319.8800048828125
2011-02-28,81.77999877929688,86.16999816894531,85.47000122070312,84.5,77.04000091552734,-0.0509457988039107,-0.05228936799252069,92.04799957275391,85.5595241728283,18.350000381469727,1327.219970703125
2011-03-01,89.27999877929688,81.77999877929688,99.18000030517578,82.66999816894531,91.5199966430664,0.09170946578564476,0.08774478495042513,90.06799926757813,85.4528576078869,21.010000228881836,1306.3299560546875
2011-03-02,87.55000305175781,89.27999877929688,99.04000091552734,84.37999725341797,86.08000183105469,-0.01937719255368353,-0.019567391371076773,87.76999969482422,85.52285766601562,20.700000762939453,1308.43994140625
2011-03-03,82.36000061035156,87.55000305175781,94.06999969482422,83.05000305175781,84.4800033569336,-0.05928043701309782,-0.06111020401880864,85.4279998779297,85.42190515427362,18.600000381469727,1330.969970703125
2011-03-04,81.4800033569336,82.36000061035156,86.16999816894531,83.02999877929688,83.16000366210938,-0.010684765018170284,-0.010742257012281507,84.49000091552735,85.34190513974144,19.059999465942383,1321.1500244140625
2011-03-07,84.31999969482422,81.4800033569336,81.77999877929688,85.47000122070312,81.75,0.03485513280417596,0.03426144861571103,84.99800109863281,85.46428607759022,20.65999984741211,1310.1300048828125
2011-03-08,80.83999633789062,84.31999969482422,89.27999877929688,99.18000030517578,81.11000061035156,-0.04127138720977963,-0.04214723393908528,83.31000061035157,85.45142873128255,19.81999969482422,1321.8199462890625
2011-03-09,84.88999938964844,80.83999633789062,87.55000305175781,99.04000091552734,80.54000091552734,0.050099000930552195,0.048884446325255765,82.77799987792969,85.6585715157645,20.219999313354492,1320.02001953125
2011-03-10,88.16000366210938,84.88999938964844,82.36000061035156,94.06999969482422,78.93000030517578,0.038520488820496857,0.03779709338399147,83.93800048828125,86.0980954851423,21.8799991607666,1295.1099853515625
2011-03-11,83.20999908447266,88.16000366210938,81.4800033569336,86.16999816894531,82.11000061035156,-0.056147962477503865,-0.05778586503423021,84.28399963378907,86.15047636486236,20.079999923706055,1304.280029296875
2011-03-14,83.88999938964844,83.20999908447266,84.31999969482422,81.77999877929688,83.7300033569336,0.008172098457607913,0.008138887672859026,84.1979995727539,86.15809522356305,21.1299991607666,1296.3900146484375
2011-03-15,89.68000030517578,83.88999938964844,80.83999633789062,89.27999877929688,84.5,0.06901896480692793,0.06674137258426033,85.96600036621093,86.4047619047619,24.31999969482422,1281.8699951171875
2011-03-16,112.38999938964844,89.68000030517578,84.88999938964844,87.55000305175781,82.66999816894531,0.25323370882238927,0.22572717793267275,91.46600036621093,87.82000005812873,29.399999618530273,1256.8800048828125
2011-03-17,101.4499969482422,112.38999938964844,88.16000366210938,82.36000061035156,84.37999725341797,-0.09733964321396604,-0.10240892390909297,94.1239990234375,88.63285718645368,26.3700008392334,1273.719970703125
2011-03-18,96.27999877929688,101.4499969482422,83.20999908447266,81.4800033569336,83.05000305175781,-0.05096104804796553,-0.05230543595423254,96.73799896240234,89.26285698300316,24.440000534057617,1279.2099609375
2011-03-21,89.16999816894531,96.27999877929688,83.88999938964844,84.31999969482422,83.02999877929688,-0.07384711986390702,-0.07671596062383025,97.79399871826172,89.55523790631976,20.610000610351562,1298.3800048828125
2011-03-22,87.38999938964844,89.16999816894531,89.68000030517578,80.83999633789062,85.47000122070312,-0.01996185730456579,-0.020163786957136488,97.33599853515625,89.64666639055524,20.209999084472656,1293.77001953125
2011-03-23,84.7699966430664,87.38999938964844,112.38999938964844,84.88999938964844,99.18000030517578,-0.029980578611748743,-0.030439185635403543,91.81199798583984,88.9604757399786,19.170000076293945,1297.5400390625
2011-03-24,84.16999816894531,84.7699966430664,101.4499969482422,88.16000366210938,99.04000091552734,-0.007077957979017668,-0.007103125550581879,88.35599822998047,88.25238037109375,18.0,1309.6600341796875
2011-03-25,84.52999877929688,84.16999816894531,96.27999877929688,83.20999908447266,94.06999969482422,0.004277065678782277,0.004267945030531529,86.00599822998046,87.79809461321149,17.90999984741211,1313.800048828125
2011-03-28,89.94000244140625,84.52999877929688,89.16999816894531,83.88999938964844,86.16999816894531,0.0640009906569925,0.062036321987621164,86.15999908447266,87.97761862618583,19.440000534057617,1310.18994140625
2011-03-29,84.95999908447266,89.94000244140625,87.38999938964844,89.68000030517578,81.77999877929688,-0.05537028265234867,-0.05696226176974596,85.6739990234375,88.12904721214657,18.15999984741211,1319.43994140625
2011-03-30,82.75,84.95999908447266,84.7699966430664,112.38999938964844,89.27999877929688,-0.026012230558940308,-0.026356532460475434,85.26999969482422,87.81809488932292,17.709999084472656,1328.260009765625
2011-03-31,82.51000213623047,82.75,84.16999816894531,101.4499969482422,87.55000305175781,-0.0029002762993296516,-0.0029044902503563494,84.93800048828125,87.57809484572638,17.739999771118164,1325.8299560546875
2011-04-01,81.9800033569336,82.51000213623047,84.52999877929688,96.27999877929688,82.36000061035156,-0.006423448861652026,-0.006444167982423323,84.4280014038086,87.55999973842076,17.399999618530273,1332.4100341796875
2011-04-04,81.83999633789062,81.9800033569336,89.94000244140625,89.16999816894531,81.4800033569336,-0.0017078191425949907,-0.0017092791282045982,82.80800018310546,87.57714226132347,17.5,1332.8699951171875
2011-04-05,81.44000244140625,81.83999633789062,84.95999908447266,87.38999938964844,84.31999969482422,-0.004887511172812498,-0.004899494116001285,82.10400085449218,87.43999953497024,17.25,1332.6300048828125
2011-04-06,83.22000122070312,81.44000244140625,82.75,84.7699966430664,80.83999633789062,0.02185656588821372,0.021621135442994956,82.19800109863282,87.55333310081845,16.899999618530273,1335.5400390625
2011-04-07,82.38999938964844,83.22000122070312,82.51000213623047,84.16999816894531,84.88999938964844,-0.009973585903387372,-0.010023655303761153,82.1740005493164,87.43428548177083,17.110000610351562,1333.510009765625
2011-04-08,83.43000030517578,82.38999938964844,81.9800033569336,84.52999877929688,88.16000366210938,0.012622902333192743,0.012543897652428958,82.46399993896485,87.20904722667876,17.8700008392334,1328.1700439453125
2011-04-11,84.16000366210938,83.43000030517578,81.83999633789062,89.94000244140625,83.20999908447266,0.00874989037832119,0.008711831931206367,82.9280014038086,87.25428553989956,16.59000015258789,1324.4599609375
2011-04-12,85.36000061035156,84.16000366210938,81.44000244140625,84.95999908447266,83.88999938964844,0.014258518251258678,0.014157821640764947,83.71200103759766,87.32428559802827,17.09000015258789,1314.1600341796875
2011-04-13,86.04000091552734,85.36000061035156,83.22000122070312,82.75,89.68000030517578,0.007966264061780137,0.007934700896425981,84.2760009765625,87.1509522937593,16.920000076293945,1314.4100341796875
2011-04-14,86.06999969482422,86.04000091552734,82.38999938964844,82.51000213623047,112.38999938964844,0.00034866084353391,0.0003486000754665566,85.01200103759766,85.89761897495815,16.270000457763672,1314.52001953125
2011-04-15,85.72000122070312,86.06999969482422,83.43000030517578,81.9800033569336,101.4499969482422,-0.004066439820635259,-0.0040747302697503145,85.47000122070312,85.14857155936105,15.319999694824219,1319.6800537109375
2011-04-18,89.11000061035156,85.72000122070312,84.16000366210938,81.83999633789062,96.27999877929688,0.039547355825628294,0.03878538362808234,86.46000061035156,84.80714307512555,16.959999084472656,1305.1400146484375
2011-04-19,85.7300033569336,89.11000061035156,85.36000061035156,81.44000244140625,89.16999816894531,-0.03793061643212836,-0.03866870662633532,86.53400115966797,84.6433337983631,15.829999923706055,1312.6199951171875
2011-04-20,86.20999908447266,85.7300033569336,86.04000091552734,83.22000122070312,87.38999938964844,0.005598923466042738,0.005583307754388385,86.56800079345703,84.58714330764045,15.069999694824219,1330.3599853515625
2011-04-21,87.70999908447266,86.20999908447266,86.06999969482422,82.38999938964844,84.7699966430664,0.017399373807326368,0.01724973792307336,86.89600067138672,84.72714342389789,14.6899995803833,1337.3800048828125
2011-04-25,87.68000030517578,87.70999908447266,85.72000122070312,83.43000030517578,84.16999816894531,-0.00034202234192226566,-0.000342080844903384,87.28800048828126,84.894286382766,15.770000457763672,1335.25
2011-04-26,85.72000122070312,87.68000030517578,89.11000061035156,84.16000366210938,84.52999877929688,-0.022354004079045975,-0.02260764183430529,86.61000061035156,84.95095316569011,15.619999885559082,1347.239990234375
2011-04-27,83.20999908447266,85.72000122070312,85.7300033569336,85.36000061035156,89.94000244140625,-0.029281405745293587,-0.029718662936236793,86.10599975585937,84.63047681535993,15.350000381469727,1355.6600341796875
2011-04-28,82.88999938964844,83.20999908447266,86.20999908447266,86.04000091552734,84.95999908447266,-0.0038456879983782555,-0.0038531016696836755,85.44199981689454,84.53190540132069,14.619999885559082,1360.47998046875
2011-04-29,83.9800033569336,82.88999938964844,87.70999908447266,86.06999969482422,82.75,0.013150005734241521,0.013064294989016092,84.69600067138671,84.5904769897461,14.75,1363.6099853515625
2011-05-02,88.5,83.9800033569336,87.68000030517578,85.72000122070312,82.51000213623047,0.05382229652760806,0.0524238367848248,84.86000061035156,84.87571498325893,15.989999771118164,1361.219970703125
2011-05-03,90.62000274658205,88.5,85.72000122070312,89.11000061035156,81.9800033569336,0.023954833294712374,0.02367241753389228,85.84000091552734,85.28714352562314,16.700000762939453,1356.6199951171875
2011-05-04,91.38999938964844,90.62000274658205,83.20999908447266,85.7300033569336,81.83999633789062,0.00849698322366721,0.008461087057796326,87.4760009765625,85.74190557570685,17.079999923706055,1347.3199462890625
2011-05-05,95.08000183105467,91.38999938964844,82.88999938964844,86.20999908447266,81.44000244140625,0.040376435781267705,0.03958260514446287,89.91400146484375,86.3914293561663,18.200000762939453,1335.0999755859375
2011-05-06,94.43000030517578,95.08000183105467,83.9800033569336,87.70999908447266,83.22000122070312,-0.006836364254955152,-0.006859839243290353,92.00400085449219,86.92523883637928,18.399999618530273,1340.199951171875
2011-05-09,90.86000061035156,94.43000030517578,88.5,87.68000030517578,82.38999938964844,-0.03780577870683899,-0.03853895545799315,92.4760009765625,87.32857222784133,17.15999984741211,1346.2900390625
2011-05-10,87.55999755859375,90.86000061035156,90.62000274658205,85.72000122070312,83.43000030517578,-0.03631964593429515,-0.0369956222767562,91.86399993896484,87.52523876371838,15.90999984741211,1357.1600341796875
2011-05-11,96.25,87.55999755859375,91.38999938964844,83.20999908447266,84.16000366210938,0.09924626180569551,0.09462472839589803,92.83600006103515,88.1009528750465,16.950000762939453,1342.0799560546875
2011-05-12,93.56999969482422,96.25,95.08000183105467,82.88999938964844,85.36000061035156,-0.027844159014813297,-0.02823915714154237,92.53399963378907,88.49190521240234,16.030000686645508,1348.6500244140625
2011-05-13,93.86000061035156,93.56999969482422,94.43000030517578,83.9800033569336,86.04000091552734,0.0030992937530529563,0.0030945008427069993,92.41999969482421,88.86428615025112,17.06999969482422,1337.77001953125
2011-05-16,94.44000244140624,93.86000061035156,90.86000061035156,88.5,86.06999969482422,0.006179435619891871,0.0061604211996538006,93.13600006103516,89.26285770961216,18.239999771118164,1329.469970703125
2011-05-17,93.63999938964844,94.44000244140624,87.55999755859375,90.62000274658205,85.72000122070312,-0.008471018965232946,-0.008507101964066574,94.3520004272461,89.64000047956195,17.549999237060547,1328.97998046875
2011-05-18,90.6999969482422,93.63999938964844,96.25,91.38999938964844,89.11000061035156,-0.03139686523461516,-0.03190031263027838,93.24199981689453,89.71571459089007,16.229999542236328,1340.6800537109375
2011-05-19,87.52999877929688,90.6999969482422,93.56999969482422,95.08000183105467,85.7300033569336,-0.034950366875472816,-0.03557574567613194,92.03399963378907,89.80142865862165,15.520000457763672,1343.5999755859375
2011-05-20,90.2300033569336,87.52999877929688,93.86000061035156,94.43000030517578,86.20999908447266,0.030846619619459448,0.03038042541235824,91.30800018310546,89.99285743350075,17.43000030517578,1333.27001953125
2011-05-23,92.08000183105467,90.2300033569336,94.44000244140624,90.86000061035156,87.70999908447266,0.020503140920906437,0.02029578108850995,90.83600006103515,90.2009528023856,18.270000457763672,1317.3699951171875
2011-05-24,88.47000122070312,92.08000183105467,93.63999938964844,87.55999755859375,87.68000030517578,-0.039205044945318956,-0.03999425900587611,89.8020004272461,90.23857189360119,17.81999969482422,1316.280029296875
2011-05-25,85.29000091552734,88.47000122070312,90.6999969482422,96.25,85.72000122070312,-0.035944390881636146,-0.03660630022792226,88.72000122070312,90.21809568859283,17.06999969482422,1320.469970703125
2011-05-26,81.4800033569336,85.29000091552734,87.52999877929688,93.56999969482422,83.20999908447266,-0.044671092949890245,-0.0456995925072213,87.51000213623047,90.13571493966239,16.09000015258789,1325.68994140625
2011-05-27,81.45999908447266,81.4800033569336,90.2300033569336,93.86000061035156,82.88999938964844,-0.000245511433931922,-0.0002455415767977307,85.75600128173828,90.06761968703498,15.979999542236328,1331.0999755859375
2011-05-31,80.91999816894531,81.45999908447266,92.08000183105467,94.44000244140624,83.9800033569336,-0.006629031691583687,-0.006651101309703668,83.52400054931641,89.92190515427362,15.449999809265137,1345.199951171875
2011-06-01,87.58999633789062,80.91999816894531,88.47000122070312,93.63999938964844,88.5,0.08242706771964636,0.07920580469374,83.3479995727539,89.87857164655414,18.299999237060547,1314.550048828125
2011-06-02,85.22000122070312,87.58999633789062,85.29000091552734,90.6999969482422,90.62000274658205,-0.02705782870506024,-0.027430631969417515,83.33399963378906,89.62142871675037,18.09000015258789,1312.93994140625
2011-06-03,85.54000091552734,85.22000122070312,81.4800033569336,87.52999877929688,91.38999938964844,0.0037549834574102103,0.0037479511057725776,84.14599914550782,89.34285736083984,17.950000762939453,1300.1600341796875
2011-06-06,88.1500015258789,85.54000091552734,81.45999908447266,90.2300033569336,95.08000183105467,0.030512047959047717,0.030055812652228855,85.48399963378907,89.01285734630767,18.489999771118164,1286.1700439453125
2011-06-07,83.72000122070312,88.1500015258789,80.91999816894531,92.08000183105467,94.43000030517578,-0.05025524933059966,-0.05156201399532488,86.04400024414062,88.50285738990421,18.06999969482422,1284.93994140625
2011-06-08,88.9800033569336,83.72000122070312,87.58999633789062,88.47000122070312,90.86000061035156,0.0628285004722351,0.0609337509461464,86.32200164794922,88.41333371117001,18.790000915527344,1279.56005859375
2011-06-09,85.6500015258789,88.9800033569336,85.22000122070312,85.29000091552734,87.55999755859375,-0.0374241594226149,-0.038142420519317204,86.40800170898437,88.32238151913597,17.770000457763672,1289.0
2011-06-10,93.33999633789062,85.6500015258789,85.54000091552734,81.4800033569336,96.25,0.08978394249868415,0.0859794587021743,87.96800079345704,88.18380991617839,18.860000610351562,1270.97998046875
2011-06-13,98.3499984741211,93.33999633789062,88.1500015258789,81.45999908447266,93.56999969482422,0.05367476251117753,0.052283828032699826,90.00800018310547,88.41142890566871,19.610000610351562,1271.8299560546875
2011-06-14,91.73999786376952,98.3499984741211,83.72000122070312,80.91999816894531,93.86000061035156,-0.06720895488463963,-0.06957406343696333,91.61199951171874,88.3104763939267,18.260000228881836,1287.8699951171875
2011-06-15,105.06999969482422,91.73999786376952,88.9800033569336,87.58999633789062,94.44000244140624,0.14530196360860237,0.1356683259128625,94.82999877929687,88.81666673932757,21.31999969482422,1265.4200439453125
2011-06-16,100.38999938964844,105.06999969482422,85.6500015258789,85.22000122070312,93.63999938964844,-0.044541737115911695,-0.04556419717255342,97.77799835205079,89.13809531075614,22.729999542236328,1267.6400146484375
2011-06-17,95.30999755859376,100.38999938964844,93.33999633789062,85.54000091552734,90.6999969482422,-0.050602668213368784,-0.0519278832895225,98.1719985961914,89.3576191493443,21.850000381469727,1271.5
2011-06-20,90.25,95.30999755859376,98.3499984741211,88.1500015258789,87.52999877929688,-0.05308989285707444,-0.05455111412111807,96.55199890136718,89.48714301699684,19.989999771118164,1278.3599853515625
2011-06-21,90.5500030517578,90.25,91.73999786376952,83.72000122070312,90.2300033569336,0.00332413353748251,0.0033186208188919998,96.31399993896484,89.50238109770275,18.860000610351562,1295.52001953125
2011-06-22,91.70999908447266,90.5500030517578,105.06999969482422,88.9800033569336,92.08000183105467,0.012810557632469743,0.012729196556118563,93.64199981689453,89.48476191929409,18.520000457763672,1287.1400146484375
2011-06-23,93.08999633789062,91.70999908447266,100.38999938964844,85.6500015258789,88.47000122070312,0.015047402324656733,0.014935313200947016,92.18199920654297,89.70476168677921,19.290000915527344,1283.5
2011-06-24,99.13999938964844,93.08999633789062,95.30999755859376,93.33999633789062,85.29000091552734,0.06499090439103683,0.06296625864701866,92.9479995727539,90.36428542364212,21.100000381469727,1268.449951171875
2011-06-27,94.29000091552734,99.13999938964844,90.25,98.3499984741211,81.4800033569336,-0.04892070308634178,-0.050157837248683626,93.75599975585938,90.97428530738468,20.559999465942383,1280.0999755859375
2011-06-28,90.33000183105467,94.29000091552734,90.5500030517578,91.73999786376952,81.45999908447266,-0.0419980808783782,-0.04290549775480515,93.71199951171874,91.39666639055524,19.170000076293945,1296.6700439453125
2011-06-29,85.9000015258789,90.33000183105467,91.70999908447266,105.06999969482422,80.91999816894531,-0.049042402472893265,-0.050285804678835234,92.55,91.63380940755208,17.270000457763672,1307.4100341796875
2011-06-30,81.08000183105469,85.9000015258789,93.08999633789062,100.38999938964844,87.58999633789062,-0.05611175330855034,-0.05774750258653466,90.14800109863282,91.32380966913132,16.520000457763672,1320.6400146484375
2011-07-01,78.63999938964844,81.08000183105469,99.13999938964844,95.30999755859376,85.22000122070312,-0.03009376401458952,-0.030555876089534084,86.04800109863281,91.01047624860492,15.869999885559082,1339.6700439453125
2011-07-05,81.33999633789062,78.63999938964844,94.29000091552734,90.25,85.54000091552734,0.03433363389112132,0.033757387379259124,83.45800018310547,90.81047603062221,16.059999465942383,1337.8800048828125
2011-07-06,82.69000244140625,81.33999633789062,90.33000183105467,90.5500030517578,88.1500015258789,0.016597076030193447,0.016460849802048556,81.93000030517578,90.55047607421875,16.34000015258789,1339.219970703125
2011-07-07,80.69999694824219,82.69000244140625,85.9000015258789,91.70999908447266,83.72000122070312,-0.024065853602727505,-0.024360167799060944,80.88999938964844,90.4066663469587,15.949999809265137,1353.219970703125
2011-07-08,80.81999969482422,80.69999694824219,81.08000183105469,93.08999633789062,88.9800033569336,0.0014870229382908384,0.0014859184145138856,80.83799896240234,90.01809474400112,15.949999809265137,1343.800048828125
2011-07-11,90.87000274658205,80.81999969482422,78.63999938964844,99.13999938964844,85.6500015258789,0.12435044654425353,0.1172054880583203,83.28399963378907,90.26666623070126,18.389999389648438,1319.489990234375
2011-07-12,88.38999938964844,90.87000274658205,81.33999633789062,94.29000091552734,93.33999633789062,-0.02729177156349205,-0.02767110976500865,84.69400024414062,90.03095209030877,19.8700008392334,1313.6400146484375
2011-07-13,88.91999816894531,88.38999938964844,82.69000244140625,90.33000183105467,98.3499984741211,0.00599613964200274,0.005978234336191579,85.93999938964843,89.58190445672898,19.90999984741211,1317.719970703125
2011-07-14,95.72000122070312,88.91999816894531,80.69999694824219,85.9000015258789,91.73999786376952,0.07647327026298423,0.07369020728918828,88.94400024414062,89.77142842610677,20.799999237060547,1308.8699951171875
2011-07-15,89.33000183105469,95.72000122070312,80.81999969482422,81.08000183105469,105.06999969482422,-0.06675720129709273,-0.06908987758163272,90.64600067138672,89.02190471830822,19.530000686645508,1316.1400146484375
2011-07-18,97.80999755859376,89.33000183105469,90.87000274658205,78.63999938964844,100.38999938964844,0.09492886548437407,0.09068939813030637,92.03399963378907,88.89904748825799,20.950000762939453,1305.43994140625
2011-07-19,91.01000213623048,97.80999755859376,88.38999938964844,81.33999633789062,95.30999755859376,-0.06952249864120175,-0.07205738227995459,92.55800018310548,88.6942858014788,19.209999084472656,1326.72998046875
2011-07-20,86.05999755859375,91.01000213623048,88.91999816894531,82.69000244140625,90.25,-0.05438967653497251,-0.05592471501994442,91.98600006103517,88.49476187569755,19.09000015258789,1325.8399658203125
2011-07-21,81.68000030517578,86.05999755859375,95.72000122070312,80.69999694824219,90.5500030517578,-0.05089469413981629,-0.05223552144915404,89.1779998779297,88.07238079252697,17.559999465942383,1343.800048828125
2011-07-22,82.44999694824219,81.68000030517578,89.33000183105469,80.81999969482422,91.70999908447266,0.009426991187432954,0.00938283439952472,87.8019989013672,87.63142830984933,17.520000457763672,1345.02001953125
2011-07-25,90.1999969482422,82.44999694824219,97.80999755859376,90.87000274658205,93.08999633789062,0.09399636491029906,0.08983738124317137,86.27999877929688,87.49380929129464,19.350000381469727,1337.4300537109375
2011-07-26,93.3499984741211,90.1999969482422,91.01000213623048,88.38999938964844,99.13999938964844,0.03492241277664787,0.034326460406605426,86.747998046875,87.21809496198382,20.229999542236328,1331.93994140625
2011-07-27,102.01000213623048,93.3499984741211,86.05999755859375,88.91999816894531,94.29000091552734,0.09276918911262921,0.08871501499386253,89.93799896240235,87.58571406773159,22.979999542236328,1304.8900146484375
2011-07-28,105.62000274658205,102.01000213623048,81.68000030517578,95.72000122070312,90.33000183105467,0.03538869262575384,0.03477690464735093,94.72599945068359,88.31380934942337,23.739999771118164,1300.6700439453125
2011-07-29,106.56999969482422,105.62000274658205,82.44999694824219,89.33000183105469,85.9000015258789,0.008994479488147133,0.008954270086085354,99.55,89.298094976516,25.25,1292.280029296875
2011-08-01,95.88999938964844,106.56999969482422,90.1999969482422,97.80999755859376,81.08000183105469,-0.1002158237380053,-0.10560034856877906,100.68800048828125,90.00333295549665,23.65999984741211,1286.93994140625
2011-08-02,102.01000213623048,95.88999938964844,93.3499984741211,91.01000213623048,78.63999938964844,0.06382315971985197,0.06186917383534265,102.42000122070313,91.11619022914341,24.790000915527344,1254.050048828125
2011-08-03,98.58000183105467,102.01000213623048,102.01000213623048,86.05999755859375,81.33999633789062,-0.033624156782147474,-0.034202448784277015,101.73400115966797,91.93714287167504,23.3799991607666,1260.3399658203125
2011-08-04,121.76000213623048,98.58000183105467,105.62000274658205,81.68000030517578,82.69000244140625,0.23513897215077595,0.21118349180644205,104.96200103759766,93.79761904761905,31.65999984741211,1200.0699462890625
2011-08-05,118.61000061035156,121.76000213623048,106.56999969482422,82.44999694824219,80.69999694824219,-0.025870577123960237,-0.026211106470921657,107.37000122070313,95.6028573172433,32.0,1199.3800048828125
2011-08-08,134.6300048828125,118.61000061035156,95.88999938964844,90.1999969482422,80.81999969482422,0.1350645324173685,0.12668950607247267,115.11800231933594,98.16523851667132,48.0,1119.4599609375
2011-08-09,112.8000030517578,134.6300048828125,102.01000213623048,93.3499984741211,90.87000274658205,-0.16214811735360501,-0.1769139451409779,117.2760025024414,99.2095242454892,35.060001373291016,1172.530029296875
2011-08-10,132.86000061035156,112.8000030517578,98.58000183105467,102.01000213623048,88.38999938964844,0.17783685297764862,0.16367958071249178,124.13200225830079,101.32714335123698,42.9900016784668,1120.760009765625
2011-08-11,128.75999450683594,132.86000061035156,121.76000213623048,105.62000274658205,88.91999816894531,-0.03085959720518161,-0.031345783062472266,125.53200073242188,103.22428603399368,39.0,1172.6400146484375
2011-08-12,120.19000244140624,128.75999450683594,118.61000061035156,106.56999969482422,95.72000122070312,-0.06655787846414296,-0.06887631949098097,125.8480010986328,104.3895241873605,36.36000061035156,1178.81005859375
2011-08-15,109.0,120.19000244140624,134.6300048828125,95.88999938964844,89.33000183105469,-0.0931026059913882,-0.0977259620484434,120.72200012207031,105.32619076683407,31.8700008392334,1204.489990234375
2011-08-16,104.66000366210938,109.0,112.8000030517578,102.01000213623048,97.80999755859376,-0.039816480164134194,-0.04063084629454775,119.09400024414063,105.65238153366815,32.849998474121094,1192.760009765625
2011-08-17,104.62000274658205,104.66000366210938,132.86000061035156,98.58000183105467,91.01000213623048,-0.00038219868266453627,-0.00038227173919638466,113.44600067138671,106.30047680082775,31.579999923706055,1193.8900146484375
2011-08-18,106.66000366210938,104.62000274658205,128.75999450683594,121.76000213623048,86.05999755859375,0.019499147982902976,0.01931147531147723,109.0260025024414,107.28142947242374,42.66999816894531,1140.6500244140625
2011-08-19,111.58000183105467,106.66000366210938,120.19000244140624,118.61000061035156,81.68000030517578,0.046127864241702676,0.045095599320746076,107.30400238037109,108.70523906889416,43.04999923706055,1123.530029296875
2011-08-22,111.25,111.58000183105467,109.0,134.6300048828125,82.44999694824219,-0.0029575356303931377,-0.0029619177812734224,107.75400238037109,110.07666778564453,42.439998626708984,1123.8199462890625
2011-08-23,103.43000030517578,111.25,104.66000366210938,112.8000030517578,90.1999969482422,-0.07029213208830754,-0.07288486270608346,107.50800170898438,110.70666794549851,36.27000045776367,1162.3499755859375
2011-08-24,104.54000091552734,103.43000030517578,104.62000274658205,132.86000061035156,93.3499984741211,0.010731901837730318,0.01067472370218467,107.49200134277343,111.2395252046131,35.900001525878906,1177.5999755859375
2011-08-25,112.4000015258789,104.54000091552734,106.66000366210938,128.75999450683594,102.01000213623048,0.0751865366511979,0.07249416899257495,108.64000091552734,111.73428708031064,39.7599983215332,1159.27001953125
2011-08-26,104.72000122070312,112.4000015258789,111.58000183105467,120.19000244140624,105.62000274658205,-0.06832740392274406,-0.07077381777655233,107.26800079345703,111.6914298647926,35.59000015258789,1176.800048828125
2011-08-29,96.51000213623048,104.72000122070312,111.25,109.0,106.56999969482422,-0.07839953197832394,-0.08164348120461919,104.32000122070312,111.21238236200242,32.279998779296875,1210.0799560546875
2011-08-30,96.16000366210938,96.51000213623048,103.43000030517578,104.66000366210938,95.88999938964844,-0.003626551304258152,-0.0036331431834571897,102.86600189208984,111.22523970831008,32.88999938964844,1212.9200439453125
2011-08-31,94.16000366210938,96.16000366210938,104.54000091552734,104.62000274658205,102.01000213623048,-0.020798668093105266,-0.021018007025965832,100.79000244140624,110.85143025716145,31.6200008392334,1218.8900146484375
2011-09-01,92.30999755859376,94.16000366210938,112.4000015258789,106.66000366210938,98.58000183105467,-0.019647472722646775,-0.01984305029027764,96.77200164794922,110.5528586251395,31.81999969482422,1204.4200439453125
2011-09-02,91.0,92.30999755859376,104.72000122070312,111.58000183105467,121.76000213623048,-0.01419128581129303,-0.014292945037303422,94.02800140380859,109.08809661865234,33.91999816894531,1173.969970703125
2011-09-06,97.01000213623048,91.0,96.51000213623048,111.25,118.61000061035156,0.0660439795190162,0.06395458147706629,94.1280014038086,108.05952526274181,37.0,1165.239990234375
2011-09-07,93.3000030517578,97.01000213623048,96.16000366210938,103.43000030517578,134.6300048828125,-0.03824346977400084,-0.03899394743153204,93.55600128173828,106.0914299374535,33.380001068115234,1198.6199951171875
2011-09-08,93.4499969482422,93.3000030517578,94.16000366210938,104.54000091552734,112.8000030517578,0.0016076515710421457,0.001606360682602566,93.41399993896485,105.17000107538132,34.31999969482422,1185.9000244140625
2011-09-09,99.06999969482422,93.4499969482422,92.30999755859376,112.4000015258789,132.86000061035156,0.06013914317936986,0.0584001666595462,94.76600036621093,103.56095341273716,38.52000045776367,1154.22998046875
2011-09-12,97.06999969482422,99.06999969482422,91.0,104.72000122070312,128.75999450683594,-0.02018774610034124,-0.02039430332427162,95.98000030517578,102.05190604073661,38.59000015258789,1162.27001953125
2011-09-13,96.13999938964844,97.06999969482422,97.01000213623048,96.51000213623048,120.19000244140624,-0.00958071812196959,-0.009626908463017489,95.80599975585938,100.9066678001767,36.90999984741211,1172.8699951171875
2011-09-14,100.22000122070312,96.13999938964844,93.3000030517578,96.16000366210938,109.0,0.04243813040312938,0.041562325594568995,97.18999938964843,100.48857262021019,34.599998474121094,1188.6800537109375
2011-09-15,96.69000244140624,100.22000122070312,93.4499969482422,94.16000366210938,104.66000366210938,-0.03522249786769782,-0.0358577719665256,97.83800048828125,100.10904875255767,31.969999313354492,1209.1099853515625
2011-09-16,93.66999816894533,96.69000244140624,99.06999969482422,92.30999755859376,104.62000274658205,-0.031233883506115556,-0.03173206207217941,96.75800018310547,99.5876199631464,30.979999542236328,1216.010009765625
2011-09-19,95.9499969482422,93.66999816894533,97.06999969482422,91.0,106.66000366210938,0.024340758234932647,0.02404924297489102,96.53399963378908,99.07761964343842,32.72999954223633,1204.0899658203125
2011-09-20,92.9000015258789,95.9499969482422,96.13999938964844,97.01000213623048,111.58000183105467,-0.03178734256769744,-0.03230352840324523,95.88600006103516,98.18809581938244,32.86000061035156,1202.0899658203125
2011-09-21,98.58000183105467,92.9000015258789,100.22000122070312,93.3000030517578,111.25,0.06114101412144213,0.05934475760677925,95.55800018310546,97.58476257324219,37.31999969482422,1166.760009765625
2011-09-22,103.91000366210938,98.58000183105467,96.69000244140624,93.4499969482422,103.43000030517578,0.05406777979360555,0.05265675525611029,97.00200042724609,97.6076198759533,41.349998474121094,1129.56005859375
2011-09-23,104.7699966430664,103.91000366210938,93.66999816894533,99.06999969482422,104.54000091552734,0.008276325191494793,0.008242264216248206,99.22200012207031,97.61857205345517,41.25,1136.4300537109375
2011-09-26,102.88999938964844,104.7699966430664,95.9499969482422,97.06999969482422,112.4000015258789,-0.017944042317981523,-0.018106988868251583,100.61000061035156,97.16571480887276,39.02000045776367,1162.949951171875
2011-09-27,100.30999755859376,102.88999938964844,92.9000015258789,96.13999938964844,104.72000122070312,-0.02507534110564147,-0.0253950838988595,102.09199981689453,96.95571463448661,37.709999084472656,1175.3800048828125
2011-09-28,104.3000030517578,100.30999755859376,98.58000183105467,100.22000122070312,96.51000213623048,0.03977674798400188,0.039006024709368245,103.23600006103516,97.32666705903553,41.08000183105469,1151.06005859375
2011-09-29,101.0500030517578,104.3000030517578,103.91000366210938,96.69000244140624,96.16000366210938,-0.0311601141410055,-0.03165591721604651,102.66399993896485,97.5595241728283,38.84000015258789,1160.4000244140625
2011-09-30,101.08000183105467,101.0500030517578,104.7699966430664,93.66999816894533,94.16000366210938,0.00029687064216621373,0.00029682658479646774,101.92600097656249,97.88904789515904,42.959999084472656,1131.4200439453125
2011-10-03,103.88999938964844,101.08000183105467,102.88999938964844,95.9499969482422,92.30999755859376,0.027799737907508115,0.027420340572562225,102.1260009765625,98.4404765537807,45.45000076293945,1099.22998046875
2011-10-04,99.30999755859376,103.88999938964844,100.30999755859376,92.9000015258789,91.0,-0.04408510788297326,-0.045086394875884304,101.92600097656249,98.83619072323754,40.81999969482422,1123.949951171875
2011-10-05,94.66000366210938,99.30999755859376,104.3000030517578,98.58000183105467,97.01000213623048,-0.04682301893866081,-0.04795468316649755,99.99800109863281,98.72428603399368,37.810001373291016,1144.030029296875
2011-10-06,93.5199966430664,94.66000366210938,101.0500030517578,103.91000366210938,93.3000030517578,-0.012043175311002963,-0.01211628189662215,98.49199981689453,98.73476191929409,36.27000045776367,1164.969970703125
2011-10-07,92.56999969482422,93.5199966430664,101.08000183105467,104.7699966430664,93.4499969482422,-0.010158222651226123,-0.010210169486040341,96.78999938964844,98.69285728817894,36.20000076293945,1155.4599609375
2011-10-10,89.38999938964844,92.56999969482422,103.88999938964844,102.88999938964844,99.06999969482422,-0.034352385391155815,-0.03495629951061825,93.88999938964844,98.23190489269439,33.02000045776367,1194.8900146484375
2011-10-11,90.9800033569336,89.38999938964844,99.30999755859376,100.30999755859376,97.06999969482422,0.01778726902496519,0.017630926767548013,92.2240005493164,97.94190506708054,32.86000061035156,1195.5400390625
2011-10-12,91.33999633789062,90.9800033569336,94.66000366210938,104.3000030517578,96.13999938964844,0.00395683631209276,0.003949028624343779,91.55999908447265,97.71333349318732,31.260000228881836,1207.25
2011-10-13,95.0999984741211,91.33999633789062,93.5199966430664,101.0500030517578,100.22000122070312,0.04116490351413238,0.04034018584266021,91.8759994506836,97.46952383858817,30.700000762939453,1203.6600341796875
2011-10-14,94.69000244140624,95.0999984741211,92.56999969482422,101.08000183105467,96.69000244140624,-0.004311209666595595,-0.004320529727794837,92.3,97.37428574335007,28.239999771118164,1224.5799560546875
2011-10-17,103.5500030517578,94.69000244140624,89.38999938964844,103.88999938964844,93.66999816894533,0.09356849067391337,0.08944619353438199,95.13200073242187,97.84476216634114,33.38999938964844,1200.8599853515625
2011-10-18,100.20999908447266,103.5500030517578,90.9800033569336,99.30999755859376,95.9499969482422,-0.0322549866620061,-0.03278664237878813,96.97799987792969,98.04761941092355,31.559999465942383,1225.3800048828125
2011-10-19,103.29000091552734,100.20999908447266,91.33999633789062,94.66000366210938,92.9000015258789,0.030735474096336146,0.030272599948051208,99.36800079345703,98.5423812866211,34.439998626708984,1209.8800048828125
2011-10-20,102.97000122070312,103.29000091552734,95.0999984741211,93.5199966430664,98.58000183105467,-0.003098070403600106,-0.0031028793586022115,100.94200134277344,98.75142887660435,34.779998779296875,1215.3900146484375
2011-10-21,98.0500030517578,102.97000122070312,94.69000244140624,92.56999969482422,103.91000366210938,-0.047780888711460134,-0.04896011175673832,101.61400146484375,98.47238122849237,31.31999969482422,1238.25
2011-10-24,97.12999725341795,98.0500030517578,103.5500030517578,89.38999938964844,104.7699966430664,-0.009383026718053245,-0.009427324630003175,100.33000030517577,98.10857173374721,29.260000228881836,1254.18994140625
2011-10-25,97.75,97.12999725341795,100.20999908447266,90.9800033569336,102.88999938964844,0.006383226234058403,0.006362939728617585,99.83800048828124,97.86380985804966,32.220001220703125,1229.050048828125
2011-10-26,97.73999786376952,97.75,103.29000091552734,91.33999633789062,100.30999755859376,-0.00010232364430162733,-0.0001023288797228602,98.72799987792968,97.74142892020089,29.860000610351562,1242.0
2011-10-27,94.44000244140624,97.73999786376952,102.97000122070312,95.0999984741211,104.3000030517578,-0.033762998715866854,-0.03434613191704024,97.0220001220703,97.27190508161273,25.459999084472656,1284.5899658203125
2011-10-28,94.19000244140624,94.44000244140624,98.0500030517578,94.69000244140624,101.0500030517578,-0.00264718332843239,-0.002650693313971428,96.25,96.9452383858817,24.530000686645508,1285.0899658203125
2011-10-31,104.83999633789062,94.19000244140624,97.12999725341795,103.5500030517578,101.08000183105467,0.11306926022334007,0.1071212987700049,97.79199981689453,97.12428574335007,29.959999084472656,1253.300048828125
2011-11-01,113.1500015258789,104.83999633789062,97.75,100.20999908447266,103.88999938964844,0.07926369208565998,0.07627904204025293,100.87200012207032,97.56523822602772,34.77000045776367,1218.280029296875
2011-11-02,107.4000015258789,113.1500015258789,97.73999786376952,103.29000091552734,99.30999755859376,-0.05081749820997483,-0.05215418928279559,102.80400085449219,97.95047651018415,32.7400016784668,1237.9000244140625
2011-11-03,104.27999877929688,107.4000015258789,94.44000244140624,102.97000122070312,94.66000366210938,-0.02905030449026802,-0.02948061892291577,104.77200012207031,98.4085715157645,30.5,1261.1500244140625
2011-11-04,103.33999633789062,104.27999877929688,94.19000244140624,98.0500030517578,93.5199966430664,-0.009014216076044579,-0.009055089937730958,106.60199890136718,98.87619054885138,30.15999984741211,1253.22998046875
2011-11-07,103.3499984741211,103.33999633789062,104.83999633789062,97.12999725341795,92.56999969482422,9.678862574924452e-05,9.678394203242521e-05,106.30399932861329,99.38952382405598,29.850000381469727,1261.1199951171875
2011-11-08,98.0500030517578,103.3499984741211,113.1500015258789,97.75,89.38999938964844,-0.05128200774662239,-0.052643687596727724,103.28399963378907,99.8019049508231,27.479999542236328,1275.9200439453125
2011-11-09,122.7300033569336,98.0500030517578,107.4000015258789,97.73999786376952,90.9800033569336,0.25170830736382466,0.2245092641947403,106.35,101.31380971272786,36.15999984741211,1229.0999755859375
2011-11-10,113.54000091552734,122.7300033569336,104.27999877929688,94.44000244140624,91.33999633789062,-0.07487983532990805,-0.07783164215554234,108.20200042724609,102.37095278785343,32.810001373291016,1239.699951171875
2011-11-11,112.0999984741211,113.54000091552734,103.33999633789062,94.19000244140624,95.0999984741211,-0.012682776376561788,-0.012763889339709936,109.9540008544922,103.18047659737724,30.040000915527344,1263.8499755859375
2011-11-14,112.3499984741211,112.0999984741211,103.3499984741211,104.83999633789062,94.69000244140624,0.002230151680668424,0.0022276685835126045,111.75400085449219,104.02142878941127,31.1299991607666,1251.780029296875
2011-11-15,107.5500030517578,112.3499984741211,98.0500030517578,113.1500015258789,103.5500030517578,-0.04272359134449777,-0.04366310096087591,113.65400085449218,104.21190497988746,31.219999313354492,1257.81005859375
2011-11-16,111.18000030517578,107.5500030517578,122.7300033569336,107.4000015258789,100.20999908447266,0.03375171687973899,0.03319462818121821,111.34400024414063,104.73428599039714,33.5099983215332,1236.9100341796875
2011-11-17,111.86000061035156,111.18000030517578,113.54000091552734,104.27999877929688,103.29000091552734,0.006116210679162348,0.006097582579626362,111.00800018310547,105.14238121396019,34.5099983215332,1216.1300048828125
2011-11-18,101.91999816894533,111.86000061035156,112.0999984741211,103.33999633789062,102.97000122070312,-0.08886109768612305,-0.09305992099158392,108.97200012207031,105.09238106863839,32.0,1215.6500244140625
2011-11-21,99.5999984741211,101.91999816894533,112.3499984741211,103.3499984741211,98.0500030517578,-0.022762948749062373,-0.02302602458776289,106.42200012207032,105.16619037446522,32.90999984741211,1192.97998046875
2011-11-22,98.52999877929688,99.5999984741211,107.5500030517578,98.0500030517578,97.12999725341795,-0.010742968988119328,-0.010801091325251725,104.61799926757813,105.23285711379279,31.969999313354492,1188.0400390625
2011-11-23,101.45999908447266,98.52999877929688,111.18000030517578,122.7300033569336,97.75,0.029737139363402054,0.0293035651697827,102.6739990234375,105.40952373686291,33.97999954223633,1161.7900390625
2011-11-25,98.9800033569336,101.45999908447266,111.86000061035156,113.54000091552734,97.73999786376952,-0.02444308840841103,-0.0247467796760029,100.0979995727539,105.46857161748977,34.470001220703125,1158.6700439453125
2011-11-28,96.2300033569336,98.9800033569336,101.91999816894533,112.0999984741211,94.44000244140624,-0.02778338964167515,-0.02817664918622142,98.96000061035156,105.5538097563244,32.130001068115234,1192.550048828125
2011-11-29,95.47000122070312,96.2300033569336,99.5999984741211,112.3499984741211,94.19000244140624,-0.007897766909676696,-0.007929119456599678,98.13400115966797,105.61476207914806,30.639999389648438,1195.18994140625
2011-11-30,92.22000122070312,95.47000122070312,98.52999877929688,107.5500030517578,104.83999633789062,-0.03404210703304378,-0.03463503478077171,96.87200164794922,105.01380993071056,27.799999237060547,1246.9599609375
2011-12-01,90.87999725341795,92.22000122070312,101.45999908447266,111.18000030517578,113.1500015258789,-0.01453051344120282,-0.014637115264651042,94.75600128173828,103.95333353678386,27.40999984741211,1244.5799560546875
2011-12-02,92.45999908447266,90.87999725341795,98.9800033569336,111.86000061035156,107.4000015258789,0.017385584053759118,0.017236183907437273,93.45200042724609,103.24190484909784,27.520000457763672,1244.280029296875
2011-12-05,92.97000122070312,92.45999908447266,96.2300033569336,101.91999816894533,104.27999877929688,0.00551592192602679,0.005500764939637403,92.8,102.70333353678386,27.84000015258789,1257.0799560546875
2011-12-06,92.20999908447266,92.97000122070312,95.47000122070312,99.5999984741211,103.33999633789062,-0.008174702874600204,-0.008208298975512974,92.1479995727539,102.17333366757347,28.1299991607666,1258.469970703125
2011-12-07,92.83999633789062,92.20999908447266,92.22000122070312,98.52999877929688,103.3499984741211,0.006832201059245646,0.006808967338523348,92.27199859619141,101.67285737537202,28.670000076293945,1261.010009765625
2011-12-08,94.97000122070312,92.83999633789062,90.87999725341795,101.45999908447266,98.0500030517578,0.022942750612143126,0.022683523147574387,93.08999938964844,101.52619062151227,30.59000015258789,1234.3499755859375
2011-12-09,90.91999816894533,94.97000122070312,92.45999908447266,98.9800033569336,122.7300033569336,-0.042645077389710684,-0.043581086263269155,92.78199920654296,100.0114284697033,26.3799991607666,1255.18994140625
2011-12-12,93.20999908447266,90.91999816894533,92.97000122070312,96.2300033569336,113.54000091552734,0.02518698813953013,0.024875023405707228,92.82999877929687,99.04333314441499,25.670000076293945,1236.469970703125
2011-12-13,94.5500030517578,93.20999908447266,92.20999908447266,95.47000122070312,112.0999984741211,0.014376182603228482,0.014273825130256861,93.29799957275391,98.20761907668341,25.40999984741211,1225.72998046875
2011-12-14,99.62999725341795,94.5500030517578,92.83999633789062,92.22000122070312,112.3499984741211,0.053728123085086565,0.05233446910782139,94.65599975585937,97.6019047328404,26.040000915527344,1211.8199462890625
2011-12-15,97.70999908447266,99.62999725341795,94.97000122070312,90.87999725341795,107.5500030517578,-0.019271285976869112,-0.01945939790253422,95.20399932861328,97.13333311535062,25.110000610351562,1215.75
2011-12-16,94.27999877929688,97.70999908447266,90.91999816894533,92.45999908447266,111.18000030517578,-0.03510388227729344,-0.03573483346611465,95.8759994506836,96.32857113792782,24.290000915527344,1219.6600341796875
2011-12-19,90.2699966430664,94.27999877929688,93.20999908447266,92.97000122070312,111.86000061035156,-0.042532903989716986,-0.04346392299793045,95.28799896240234,95.30047571091424,24.920000076293945,1205.3499755859375
2011-12-20,88.63999938964844,90.2699966430664,94.5500030517578,92.20999908447266,101.91999816894533,-0.01805691053543612,-0.018221926009125283,94.10599822998047,94.668094816662,23.219999313354492,1241.300048828125
2011-12-21,85.54000091552734,88.63999938964844,99.62999725341795,92.83999633789062,99.5999984741211,-0.03497290721420199,-0.03559910261156109,91.28799896240234,93.99857112339564,21.43000030517578,1243.719970703125
2011-12-22,86.18000030517578,85.54000091552734,97.70999908447266,94.97000122070312,98.52999877929688,0.00748187260695099,0.0074540222271584945,88.98199920654297,93.4104759579613,21.15999984741211,1254.0
2011-12-23,86.54000091552734,86.18000030517578,94.27999877929688,90.91999816894533,101.45999908447266,0.004177310386130673,0.004168609647141761,87.43399963378906,92.69999985467818,20.729999542236328,1265.3299560546875
2011-12-27,88.12999725341797,86.54000091552734,90.2699966430664,93.20999908447266,98.9800033569336,0.018372964190775054,0.018206220570470864,87.00599975585938,92.18333289736792,21.90999984741211,1265.4300537109375
2011-12-28,94.08000183105467,88.12999725341797,88.63999938964844,94.5500030517578,96.2300033569336,0.06751395396651905,0.06533253766660911,88.09400024414063,92.08095187232607,23.520000457763672,1249.6400146484375
2011-12-29,91.8000030517578,94.08000183105467,85.54000091552734,99.62999725341795,95.47000122070312,-0.02423468043071697,-0.0245331727430644,89.3460006713867,91.90619005475725,22.649999618530273,1263.02001953125
2011-12-30,91.6999969482422,91.8000030517578,86.18000030517578,97.70999908447266,92.22000122070312,-0.001089391069619139,-0.0010899848873761038,90.45,91.88142794654482,23.399999618530273,1257.5999755859375
2012-01-03,91.38999938964844,91.6999969482422,86.54000091552734,94.27999877929688,90.87999725341795,-0.00338056236543538,-0.0033862893770446045,91.41999969482421,91.9057137625558,22.969999313354492,1277.06005859375
2012-01-04,88.88999938964844,91.38999938964844,88.12999725341797,90.2699966430664,92.45999908447266,-0.02735529069587861,-0.027736413218358253,91.5720001220703,91.73571377708798,22.219999313354492,1277.300048828125
2012-01-05,87.69000244140625,88.88999938964844,94.08000183105467,88.63999938964844,92.97000122070312,-0.01349979701295767,-0.013591747754620137,90.29400024414062,91.48428526378814,21.479999542236328,1281.06005859375
2012-01-06,86.94999694824219,87.69000244140625,91.8000030517578,85.54000091552734,92.20999908447266,-0.008438880973444252,-0.008474689930149897,89.3239990234375,91.23380897158668,20.6299991607666,1277.81005859375
2012-01-09,87.80000305175781,86.94999694824219,91.6999969482422,86.18000030517578,92.83999633789062,0.009775803718792497,0.009728329696687747,88.54400024414062,90.99380929129464,21.06999969482422,1280.699951171875
2012-01-10,88.81999969482422,87.80000305175781,91.38999938964844,86.54000091552734,94.97000122070312,0.011617273435231112,0.011550311028933726,88.03000030517578,90.7009520757766,20.690000534057617,1292.0799560546875
2012-01-11,93.16999816894533,88.81999969482422,88.88999938964844,88.12999725341797,90.91999816894533,0.04897543896720591,0.04781391538143217,88.88600006103516,90.80809493291945,21.049999237060547,1292.47998046875
2012-01-12,90.51000213623048,93.16999816894533,87.69000244140625,94.08000183105467,93.20999908447266,-0.028549920414203123,-0.028965396368270058,89.45,90.67952364966983,20.469999313354492,1295.5
2012-01-13,93.5500030517578,90.51000213623048,86.94999694824219,91.8000030517578,94.5500030517578,0.03358745822314391,0.03303571990054621,90.77000122070312,90.63190460205077,20.90999984741211,1289.0899658203125
2012-01-17,93.66000366210938,93.5500030517578,87.80000305175781,91.6999969482422,99.62999725341795,0.0011758482818082783,0.0011751575136566992,91.94200134277344,90.34761919294085,22.200000762939453,1293.6700439453125
2012-01-18,90.08999633789062,93.66000366210938,88.81999969482422,91.38999938964844,97.70999908447266,-0.03811666863796004,-0.03886211284153787,92.19600067138671,89.98476191929409,20.889999389648438,1308.0400390625
2012-01-19,88.7300033569336,90.08999633789062,93.16999816894533,88.88999938964844,94.27999877929688,-0.015095937798201842,-0.015211041333517694,91.30800170898438,89.72047642299107,19.8700008392334,1314.5
2012-01-20,89.23999786376953,88.7300033569336,90.51000213623048,87.69000244140625,90.2699966430664,0.005747712020074847,0.005731256945918517,91.05400085449219,89.67142886207218,18.280000686645508,1315.3800048828125
2012-01-23,89.58999633789062,89.23999786376953,93.5500030517578,86.94999694824219,88.63999938964844,0.003921991063417396,0.003914320106873721,90.26199951171876,89.71666681198846,18.670000076293945,1316.0
2012-01-24,89.01000213623047,89.58999633789062,93.66000366210938,87.80000305175781,85.54000091552734,-0.0064738723670966225,-0.0064949187624349525,89.33199920654297,89.88190496535529,18.90999984741211,1314.6500244140625
2012-01-25,86.01000213623047,89.01000213623047,90.08999633789062,88.81999969482422,86.18000030517578,-0.033704077384567155,-0.03428515357034376,88.51600036621093,89.87380981445312,18.309999465942383,1326.06005859375
2012-01-26,88.91999816894531,86.01000213623047,88.7300033569336,93.16999816894533,86.54000091552734,0.03383322823438295,0.03327347510344872,88.55399932861329,89.98714301699684,18.56999969482422,1318.4300537109375
2012-01-27,87.44000244140625,88.91999816894531,89.23999786376953,90.51000213623048,88.12999725341797,-0.016644126833281203,-0.01678419671462336,88.19400024414062,89.95428612118675,18.530000686645508,1316.3299560546875
2012-01-30,89.86000061035156,87.44000244140625,89.58999633789062,93.5500030517578,94.08000183105467,0.027676099055085945,0.027300038645049433,88.24800109863281,89.75333368210565,19.399999618530273,1313.010009765625
2012-01-31,88.51000213623047,89.86000061035156,89.01000213623047,93.66000366210938,91.8000030517578,-0.01502335260351173,-0.015137346318008086,88.14800109863282,89.59666697184245,19.440000534057617,1312.4100341796875
2012-02-01,85.77999877929688,88.51000213623047,86.01000213623047,90.08999633789062,91.6999969482422,-0.030844009615226264,-0.031329699258147464,88.1020004272461,89.31476229713077,18.549999237060547,1324.0899658203125
2012-02-02,84.0999984741211,85.77999877929688,88.91999816894531,88.7300033569336,91.38999938964844,-0.01958498868131542,-0.019779316022831284,87.13800048828125,88.96761939639137,17.979999542236328,1325.5400390625
2012-02-03,84.04000091552734,84.0999984741211,87.44000244140625,89.23999786376953,88.88999938964844,-0.0007134073683986442,-0.0007136619645296589,86.45800018310547,88.73666708809989,17.100000381469727,1344.9000244140625
2012-02-06,85.37999725341797,84.04000091552734,89.86000061035156,89.58999633789062,87.69000244140625,0.015944744446606096,0.015818962290152633,85.56199951171875,88.62666684105282,17.760000228881836,1344.3299560546875
2012-02-07,83.79000091552734,85.37999725341797,88.51000213623047,89.01000213623047,86.94999694824219,-0.01862258595735633,-0.018798169609253467,84.61799926757813,88.47619083949498,17.649999618530273,1347.050048828125
2012-02-08,97.01000213623048,83.79000091552734,85.77999877929688,86.01000213623047,87.80000305175781,0.1577754037027741,0.14650040844227022,86.86399993896484,88.91476222446987,18.15999984741211,1349.9599609375
2012-02-09,100.76000213623048,97.01000213623048,84.0999984741211,88.91999816894531,88.81999969482422,0.03865580782828859,0.037927384691668606,90.19600067138671,89.48333376929875,18.6299991607666,1351.949951171875
2012-02-10,104.1500015258789,100.76000213623048,84.04000091552734,87.44000244140625,93.16999816894533,0.03364429652418077,0.033090709672177435,94.21800079345704,90.00619107200987,20.790000915527344,1342.6400146484375
2012-02-13,102.4499969482422,104.1500015258789,85.37999725341797,89.86000061035156,90.51000213623048,-0.016322655331063918,-0.016457337460631615,97.63200073242187,90.57476225353423,19.040000915527344,1351.77001953125
2012-02-14,107.81999969482422,102.4499969482422,83.79000091552734,88.51000213623047,93.5500030517578,0.05241584096185914,0.051088322295972745,102.43800048828125,91.25428590320406,19.540000915527344,1350.5
2012-02-15,114.6500015258789,107.81999969482422,97.01000213623048,85.77999877929688,93.66000366210938,0.06334633509911392,0.06142085541982773,105.96600036621093,92.25380961100261,21.139999389648438,1343.22998046875
2012-02-16,110.41000366210938,114.6500015258789,100.76000213623048,84.0999984741211,90.08999633789062,-0.03698210036929195,-0.03768327999360999,107.89600067138672,93.22142900739398,19.219999313354492,1358.0400390625
2012-02-17,108.55999755859376,110.41000366210938,104.1500015258789,84.04000091552734,88.7300033569336,-0.016755783372467192,-0.016897749581711502,108.77799987792969,94.16571444556828,17.780000686645508,1361.22998046875
2012-02-21,107.70999908447266,108.55999755859376,102.4499969482422,85.37999725341797,89.23999786376953,-0.007829757675356763,-0.007860571174859953,109.83000030517579,95.0452383132208,18.190000534057617,1362.2099609375
2012-02-22,100.80999755859376,107.70999908447266,107.81999969482422,83.79000091552734,89.58999633789062,-0.06406091899107247,-0.0662048890147974,108.4279998779297,95.57952408563524,18.190000534057617,1357.6600341796875
2012-02-23,94.44000244140624,100.80999755859376,114.6500015258789,97.01000213623048,89.01000213623047,-0.06318812887070147,-0.06527279477924038,104.38600006103516,95.83809552873885,16.799999237060547,1363.4599609375
2012-02-24,99.43000030517578,94.44000244140624,110.41000366210938,100.76000213623048,86.01000213623047,0.052837756615534914,0.05148914399252272,102.18999938964845,96.47714306059339,17.309999465942383,1365.739990234375
2012-02-27,101.68000030517578,99.43000030517578,108.55999755859376,104.1500015258789,88.91999816894531,0.022628985146275538,0.02237674782129917,100.81399993896484,97.0847622099377,18.190000534057617,1367.5899658203125
2012-02-28,99.12999725341795,101.68000030517578,107.70999908447266,102.4499969482422,87.44000244140625,-0.025078708144221196,-0.02539853754459847,99.0979995727539,97.6414286295573,17.959999084472656,1372.1800537109375
2012-02-29,101.5999984741211,99.12999725341795,100.80999755859376,107.81999969482422,89.86000061035156,0.024916788955302582,0.024611427787952736,99.25599975585938,98.20047614687965,18.43000030517578,1365.6800537109375
2012-03-01,97.43000030517578,101.5999984741211,94.44000244140624,114.6500015258789,88.51000213623047,-0.04104328968083071,-0.04190934555638153,99.85399932861328,98.62523796444847,17.260000228881836,1374.0899658203125
2012-03-02,96.94000244140624,97.43000030517578,99.43000030517578,110.41000366210938,85.77999877929688,-0.005029229828951487,-0.005041918967562409,99.35599975585936,99.15666671026321,17.290000915527344,1369.6300048828125
2012-03-05,98.18000030517578,96.94000244140624,101.68000030517578,108.55999755859376,84.0999984741211,0.012791395012797135,0.012710276136291603,98.65599975585937,99.82714298793248,18.049999237060547,1364.3299560546875
2012-03-06,105.11000061035156,98.18000030517578,99.12999725341795,107.70999908447266,84.04000091552734,0.07058464334523373,0.0682048949038158,99.8520004272461,100.83047630673363,20.8700008392334,1343.3599853515625
2012-03-07,100.45999908447266,105.11000061035156,101.5999984741211,100.80999755859376,85.37999725341797,-0.04423938254093174,-0.04524779743350518,99.6240005493164,101.54857163202195,19.06999969482422,1352.6300048828125
2012-03-08,97.19000244140624,100.45999908447266,97.43000030517578,94.44000244140624,83.79000091552734,-0.03255023564470483,-0.03309177857323518,99.5760009765625,102.18666694277809,17.950000762939453,1365.9100341796875
2012-03-09,97.9800033569336,97.19000244140624,96.94000244140624,99.43000030517578,97.01000213623048,0.008128417488245665,0.008095559836533409,99.78400115966797,102.23285747709728,17.110000610351562,1370.8699951171875
2012-03-12,98.61000061035156,97.9800033569336,98.18000030517578,101.68000030517578,100.76000213623048,0.006429855397360296,0.006409272061943281,99.87000122070313,102.13047645205543,15.640000343322754,1371.0899658203125
2012-03-13,98.47000122070312,98.61000061035156,105.11000061035156,99.12999725341795,104.1500015258789,-0.0014197281085275293,-0.001420736877376641,98.54200134277343,101.86000024704705,14.800000190734863,1395.949951171875
2012-03-14,106.62999725341795,98.47000122070312,100.45999908447266,101.5999984741211,102.4499969482422,0.08286783722512236,0.0796129266156154,99.7760009765625,102.05904788062686,15.3100004196167,1394.280029296875
2012-03-15,108.41999816894533,106.62999725341795,97.19000244140624,97.43000030517578,107.81999969482422,0.016787029556731836,0.01664768467163275,102.02200012207031,102.08761923653739,15.420000076293945,1402.5999755859375
2012-03-16,105.77999877929688,108.41999816894533,97.9800033569336,96.94000244140624,114.6500015258789,-0.024349745750176788,-0.024651102845844073,103.58199920654297,101.66523815336681,14.470000267028809,1404.1700439453125
2012-03-19,106.48999786376952,105.77999877929688,98.61000061035156,98.18000030517578,110.41000366210938,0.006712035287067986,0.006689609869090875,105.15799865722656,101.47857121058873,15.039999961853027,1409.75
2012-03-20,109.37999725341795,106.48999786376952,98.47000122070312,105.11000061035156,108.55999755859376,0.027138693282213744,0.026776968841260587,107.33999786376953,101.51761881510417,15.579999923706055,1405.52001953125
2012-03-21,104.6500015258789,109.37999725341795,106.62999725341795,100.45999908447266,107.70999908447266,-0.04324369945430073,-0.044206569335375666,106.94399871826172,101.37190464564732,15.130000114440918,1402.8900146484375
2012-03-22,102.52999877929688,104.6500015258789,108.41999816894533,97.19000244140624,100.80999755859376,-0.020258028816729445,-0.020466036696605693,105.76599884033203,101.4538094656808,15.569999694824219,1392.780029296875
2012-03-23,98.5999984741211,102.52999877929688,105.77999877929688,97.9800033569336,94.44000244140624,-0.0383302482392045,-0.03908418064304135,104.32999877929687,101.6519045148577,14.819999694824219,1397.1099853515625
2012-03-26,96.08000183105467,98.5999984741211,106.48999786376952,98.61000061035156,99.43000030517578,-0.02555777568016726,-0.02589004930381156,102.2479995727539,101.4923807779948,14.260000228881836,1416.510009765625
2012-03-27,101.1500015258789,96.08000183105467,109.37999725341795,98.47000122070312,101.68000030517578,0.05276852204623417,0.05142338186972956,100.6020004272461,101.46714274088542,15.59000015258789,1412.52001953125
2012-03-28,102.73999786376952,101.1500015258789,104.6500015258789,106.62999725341795,99.12999725341795,0.015719192426149498,0.015596925547471233,100.21999969482422,101.63904753185454,15.470000267028809,1405.5400390625
2012-03-29,101.94000244140624,102.73999786376952,102.52999877929688,108.41999816894533,101.5999984741211,-0.007786601508635971,-0.007817075385195158,100.1020004272461,101.65523819696335,15.479999542236328,1403.280029296875
2012-03-30,100.27999877929688,101.94000244140624,98.5999984741211,105.77999877929688,97.43000030517578,-0.016284124213784557,-0.016418167744192955,100.43800048828125,101.79095241001674,15.5,1408.469970703125
2012-04-02,100.37999725341795,100.27999877929688,96.08000183105467,106.48999786376952,96.94000244140624,0.0009971926140641685,0.0009966957477962105,101.29799957275391,101.95476168677921,15.640000343322754,1419.0400390625
2012-04-03,98.37000274658205,100.37999725341795,101.1500015258789,109.37999725341795,98.18000030517578,-0.020023854969446808,-0.020227049419343973,100.74199981689453,101.96380942208427,15.65999984741211,1413.3800048828125
2012-04-04,99.7300033569336,98.37000274658205,102.73999786376952,104.6500015258789,105.11000061035156,0.01382535907674165,0.013730660628396825,100.14000091552734,101.70761907668341,16.440000534057617,1398.9599609375
2012-04-05,99.47000122070312,99.7300033569336,101.94000244140624,102.52999877929688,100.45999908447266,-0.0026070603376991963,-0.0026104646375988095,99.64600067138672,101.6604763212658,16.700000762939453,1398.0799560546875
2012-04-09,104.58999633789062,99.47000122070312,100.27999877929688,98.5999984741211,97.19000244140624,0.05147275615114655,0.050191806315827196,100.50800018310547,102.01285698300316,18.809999465942383,1382.199951171875
2012-04-10,109.12999725341795,104.58999633789062,100.37999725341795,96.08000183105467,97.9800033569336,0.04340760182130898,0.04249189720479159,102.25800018310547,102.54380907331195,20.389999389648438,1358.5899658203125
2012-04-11,111.19000244140624,109.12999725341795,98.37000274658205,101.1500015258789,98.61000061035156,0.01887661724397005,0.018700664715209554,104.8220001220703,103.14285677955264,20.020000457763672,1368.7099609375
2012-04-12,104.2699966430664,111.19000244140624,99.7300033569336,102.73999786376952,98.47000122070312,-0.06223586335458953,-0.06425681506534844,105.72999877929688,103.41904703776042,17.200000762939453,1387.5699462890625
2012-04-13,110.76000213623048,104.2699966430664,99.47000122070312,101.94000244140624,106.62999725341795,0.06224231036834538,0.060382060982906376,107.98799896240234,103.61571393694196,19.549999237060547,1370.260009765625
2012-04-16,110.97000122070312,110.76000213623048,104.58999633789062,100.27999877929688,108.41999816894533,0.0018959830301767955,0.0018941879229884778,109.26399993896484,103.73714265369233,19.549999237060547,1369.5699462890625
2012-04-17,107.01000213623048,110.97000122070312,109.12999725341795,100.37999725341795,105.77999877929688,-0.03568531171408007,-0.03633759751095589,108.84000091552734,103.79571424211774,18.459999084472656,1390.780029296875
2012-04-18,106.05999755859376,107.01000213623048,111.19000244140624,98.37000274658205,106.48999786376952,-0.008877717584075073,-0.008917359311935828,107.81399993896484,103.77523803710938,18.639999389648438,1385.1400146484375
2012-04-19,103.95999908447266,106.05999755859376,104.2699966430664,99.7300033569336,109.37999725341795,-0.019800099212343936,-0.019998747723124283,107.75200042724609,103.51714288620721,18.360000610351562,1376.9200439453125
2012-04-20,101.08000183105467,103.95999908447266,110.76000213623048,99.47000122070312,104.6500015258789,-0.027702936502316033,-0.028093900331855704,105.81600036621094,103.3471429007394,17.440000534057617,1378.530029296875
2012-04-23,104.01000213623048,101.08000183105467,110.97000122070312,104.58999633789062,102.52999877929688,0.028986943530858067,0.02857476826884535,104.4240005493164,103.41761925106957,18.969999313354492,1366.93994140625
2012-04-24,99.83999633789062,104.01000213623048,107.01000213623048,109.12999725341795,98.5999984741211,-0.04009235374188391,-0.04091820096240889,102.98999938964843,103.47666676839192,18.100000381469727,1371.969970703125
2012-04-25,93.27999877929688,99.83999633789062,106.05999755859376,111.19000244140624,96.08000183105467,-0.06570510616198955,-0.06796315842559333,100.43399963378906,103.34333328973679,16.81999969482422,1390.68994140625
2012-04-26,89.6500015258789,93.27999877929688,103.95999908447266,104.2699966430664,101.1500015258789,-0.03891506540439227,-0.03969249244419989,97.5720001220703,102.79571424211774,16.239999771118164,1399.97998046875
2012-04-27,88.62000274658203,89.6500015258789,101.08000183105467,110.76000213623048,102.73999786376952,-0.011489110560690241,-0.01155562030739819,95.08000030517579,102.12333352225167,16.31999969482422,1403.3599853515625
2012-04-30,89.31999969482422,88.62000274658203,104.01000213623048,110.97000122070312,101.94000244140624,0.007898859473564945,0.007867826791156378,92.14199981689453,101.52238101050968,17.149999618530273,1397.9100341796875
2012-05-01,87.05999755859375,89.31999969482422,99.83999633789062,107.01000213623048,100.27999877929688,-0.025302307926020173,-0.02562791547395024,89.58600006103515,100.89285714285714,16.600000381469727,1405.8199462890625
2012-05-02,86.29000091552734,87.05999755859375,93.27999877929688,106.05999755859376,100.37999725341795,-0.00884443676383262,-0.008883780951244787,88.18800048828125,100.22190493629093,16.8799991607666,1402.31005859375
2012-05-03,88.3499984741211,86.29000091552734,89.6500015258789,103.95999908447266,98.37000274658205,0.02387295789474342,0.0235924543647578,87.9279998779297,99.74476187569755,17.559999465942383,1391.5699462890625
2012-05-04,91.30999755859376,88.3499984741211,88.62000274658203,101.08000183105467,99.7300033569336,0.033503102836381915,0.03295410239582926,88.46599884033203,99.34380921863374,19.15999984741211,1369.0999755859375
2012-05-07,90.91000366210938,91.30999755859376,89.31999969482422,104.01000213623048,99.47000122070312,-0.004380614469162714,-0.004390237474126065,88.78399963378907,98.93619028727214,18.940000534057617,1369.5799560546875
2012-05-08,91.33000183105467,90.91000366210938,87.05999755859375,99.83999633789062,104.58999633789062,0.004619933472957749,0.004609294335796534,89.63800048828125,98.3047619774228,19.049999237060547,1363.719970703125
2012-05-09,102.06999969482422,91.33000183105467,86.29000091552734,93.27999877929688,109.12999725341795,0.11759550693579057,0.11117950867317662,92.79400024414062,97.96857161748977,20.079999923706055,1354.5799560546875
2012-05-10,98.6500015258789,102.06999969482422,88.3499984741211,89.6500015258789,111.19000244140624,-0.03350639932566524,-0.034080601489313515,94.85400085449218,97.37142871675037,18.829999923706055,1357.989990234375
2012-05-11,100.12000274658205,98.6500015258789,91.30999755859376,88.62000274658203,104.2699966430664,0.01490117788105172,0.014791246060248203,96.61600189208984,97.17380995977493,19.889999389648438,1353.3900146484375
2012-05-14,105.8499984741211,100.12000274658205,90.91000366210938,89.31999969482422,110.76000213623048,0.057231278169682875,0.05565348916891673,99.60400085449218,96.94000026157924,21.8700008392334,1338.3499755859375
2012-05-15,109.61000061035156,105.8499984741211,91.33000183105467,87.05999755859375,110.97000122070312,0.03552198573861798,0.03490563363063425,103.26000061035157,96.87523832775298,21.969999313354492,1330.6600341796875
2012-05-16,109.22000122070312,109.61000061035156,102.06999969482422,86.29000091552734,107.01000213623048,-0.0035580639309986672,-0.0035644088954643926,104.69000091552735,96.98047637939453,22.270000457763672,1324.800048828125
2012-05-17,112.83999633789062,109.22000122070312,98.6500015258789,88.3499984741211,106.05999755859376,0.033144067723204884,0.032606645779234285,107.52799987792969,97.30333346412296,24.489999771118164,1304.8599853515625
2012-05-18,117.44000244140624,112.83999633789062,100.12000274658205,91.30999755859376,103.95999908447266,0.04076574133998778,0.039956731974951254,110.99199981689453,97.9452383858817,25.100000381469727,1295.219970703125
2012-05-21,108.5,117.44000244140624,105.8499984741211,90.91000366210938,101.08000183105467,-0.07612399740766884,-0.07917741267423178,111.52200012207031,98.29857163202195,22.010000228881836,1315.989990234375
2012-05-22,110.4800033569336,108.5,109.61000061035156,91.33000183105467,104.01000213623048,0.01824887886574733,0.01808436650551098,111.69600067138671,98.60666692824591,22.479999542236328,1316.6300048828125
2012-05-23,107.4800033569336,110.4800033569336,109.22000122070312,102.06999969482422,99.83999633789062,-0.02715423523574434,-0.027529724505635247,111.3480010986328,98.97047678629558,22.329999923706055,1318.8599853515625
2012-05-24,104.5199966430664,107.4800033569336,112.83999633789062,98.6500015258789,93.27999877929688,-0.027540069049283633,-0.027926406445598358,109.68400115966797,99.50571477980841,21.540000915527344,1320.6800537109375
2012-05-25,103.0999984741211,104.5199966430664,117.44000244140624,100.12000274658205,89.6500015258789,-0.013585899488636421,-0.013679032311866984,106.81600036621094,100.1461908249628,21.760000228881836,1317.8199462890625
2012-05-29,100.9800033569336,103.0999984741211,108.5,105.8499984741211,88.62000274658203,-0.020562513565115514,-0.020776865548606534,105.31200103759765,100.73476228259858,21.030000686645508,1332.4200439453125
2012-05-30,109.7300033569336,100.9800033569336,110.4800033569336,109.61000061035156,89.31999969482422,0.0866508190643589,0.08310032292105833,105.16200103759766,101.7066672188895,24.139999389648438,1313.3199462890625
2012-05-31,108.75,109.7300033569336,107.4800033569336,109.22000122070312,87.05999755859375,-0.008931042804635747,-0.008971163626583081,105.41600036621094,102.73952447800409,24.059999465942383,1310.3299560546875
2012-06-01,111.41000366210938,108.75,104.5199966430664,112.83999633789062,86.29000091552734,0.024459803789511403,0.024165452972993617,106.79400177001953,103.9357150849842,26.65999984741211,1278.0400390625
2012-06-04,107.04000091552734,111.41000366210938,103.0999984741211,117.44000244140624,88.3499984741211,-0.03922450949589429,-0.04001451800873597,107.58200225830078,104.82571520124164,26.1200008392334,1278.1800537109375
2012-06-05,102.77999877929688,107.04000091552734,100.9800033569336,108.5,91.30999755859376,-0.03979822589493742,-0.040611835245822354,107.94200134277344,105.37190573556083,24.68000030517578,1285.5
2012-06-06,97.70999908447266,102.77999877929688,109.7300033569336,110.4800033569336,90.91000366210938,-0.04932866078069531,-0.050586871100819795,105.53800048828126,105.69571504138764,22.15999984741211,1315.1300048828125
2012-06-07,98.36000061035156,97.70999908447266,108.75,107.4800033569336,91.33000183105467,0.006652354231596824,0.006630324966865193,103.46000061035156,106.03047688802083,21.719999313354492,1314.989990234375
2012-06-08,96.5999984741211,98.36000061035156,111.41000366210938,104.5199966430664,102.06999969482422,-0.017893474230471274,-0.01805549813064971,100.49799957275391,105.77000063941593,21.229999542236328,1325.6600341796875
2012-06-11,105.51000213623048,96.5999984741211,107.04000091552734,103.0999984741211,98.6500015258789,0.09223606421170238,0.08822702997808729,100.19199981689454,106.09666733514695,23.559999465942383,1308.9300537109375
2012-06-12,103.22000122070312,105.51000213623048,102.77999877929688,100.9800033569336,100.12000274658205,-0.02170411211413492,-0.02194311085390389,100.28000030517578,106.2442863101051,22.09000015258789,1324.1800537109375
2012-06-13,110.5999984741211,103.22000122070312,97.70999908447266,109.7300033569336,105.8499984741211,0.07149774429510214,0.06905743074505304,102.85800018310547,106.47047678629558,24.270000457763672,1314.8800048828125
2012-06-14,107.77999877929688,110.5999984741211,98.36000061035156,108.75,109.61000061035156,-0.0254972851150993,-0.025827974112388175,104.74199981689453,106.38333384195964,21.68000030517578,1329.0999755859375
2012-06-15,108.2300033569336,107.77999877929688,96.5999984741211,111.41000366210938,109.22000122070312,0.004175214165275776,0.004166522144246456,107.06800079345703,106.33619108654204,21.110000610351562,1342.8399658203125
2012-06-18,99.3000030517578,108.2300033569336,105.51000213623048,107.04000091552734,112.83999633789062,-0.08250947083245852,-0.08611302153988569,105.8260009765625,105.6914295014881,18.31999969482422,1344.780029296875
2012-06-19,98.12999725341795,99.3000030517578,103.22000122070312,102.77999877929688,117.44000244140624,-0.01178253537142393,-0.011852499554650339,104.80800018310546,104.77190544491722,18.3799991607666,1357.97998046875
2012-06-20,96.41000366210938,98.12999725341795,110.5999984741211,97.70999908447266,108.5,-0.017527704468051186,-0.01768313356814862,101.97000122070312,104.1961913335891,17.239999771118164,1355.68994140625
2012-06-21,105.47000122070312,96.41000366210938,107.77999877929688,98.36000061035156,110.4800033569336,0.09397362529252207,0.08981659520142524,101.50800170898438,103.95761980329242,20.079999923706055,1325.510009765625
2012-06-22,104.12999725341795,105.47000122070312,108.2300033569336,96.5999984741211,107.4800033569336,-0.012705072075244628,-0.012786471697127625,100.68800048828125,103.798095703125,18.110000610351562,1335.02001953125
2012-06-25,104.45999908447266,104.12999725341795,99.3000030517578,105.51000213623048,104.5199966430664,0.0031691331965715275,0.0031641220784386177,101.71999969482422,103.7952386765253,20.3799991607666,1313.719970703125
2012-06-26,100.66000366210938,104.45999908447266,98.12999725341795,103.22000122070312,103.0999984741211,-0.03637751728573513,-0.03705567651457806,102.2260009765625,103.67904844738189,19.719999313354492,1319.989990234375
2012-06-27,98.11000061035156,100.66000366210938,96.41000366210938,110.5999984741211,100.9800033569336,-0.025332832892769774,-0.025659233332798806,102.56600036621094,103.5423816499256,19.450000762939453,1331.8499755859375
2012-06-28,97.20999908447266,98.11000061035156,105.47000122070312,107.77999877929688,109.7300033569336,-0.009173392317601836,-0.009215726981452864,100.91399993896485,102.9461909702846,19.709999084472656,1329.0400390625
2012-06-29,89.58999633789062,97.20999908447266,104.12999725341795,108.2300033569336,108.75,-0.07838702621486981,-0.08162991168177319,98.00599975585938,102.03380984351749,17.079999923706055,1362.1600341796875
2012-07-02,85.61000061035156,89.58999633789062,104.45999908447266,99.3000030517578,111.41000366210938,-0.04442455508680254,-0.045441559849331015,94.23600006103516,100.80523826962425,16.799999237060547,1365.510009765625
2012-07-03,84.58999633789062,85.61000061035156,100.66000366210938,98.12999725341795,107.04000091552734,-0.01191454579124962,-0.011986092860376657,91.02199859619141,99.73619043259393,16.65999984741211,1374.02001953125
2012-07-05,89.43000030517578,84.58999633789062,98.11000061035156,96.41000366210938,102.77999877929688,0.05721721452678641,0.055640186747084035,89.28599853515625,99.10047621954055,17.5,1367.5799560546875
2012-07-06,90.0999984741211,89.43000030517578,97.20999908447266,105.47000122070312,97.70999908447266,0.007491872600458249,0.007463947908355211,87.86399841308594,98.73809523809524,17.100000381469727,1354.6800537109375
2012-07-09,92.8499984741211,90.0999984741211,89.58999633789062,104.12999725341795,98.36000061035156,0.030521643136207866,0.030065123686009308,88.51599884033203,98.47571418398903,17.979999542236328,1352.4599609375
2012-07-10,94.91000366210938,92.8499984741211,85.61000061035156,104.45999908447266,96.5999984741211,0.022186378264318796,0.02194384136256556,90.3759994506836,98.39523824055989,18.719999313354492,1341.469970703125
2012-07-11,96.25,94.91000366210938,84.58999633789062,100.66000366210938,105.51000213623048,0.014118599580515978,0.01401986044041953,92.70800018310547,97.95428575788226,17.950000762939453,1341.449951171875
2012-07-12,95.22000122070312,96.25,89.43000030517578,98.11000061035156,103.22000122070312,-0.01070128601866882,-0.010758956581702393,93.86600036621094,97.57333337692987,18.329999923706055,1334.760009765625
2012-07-13,91.0999984741211,95.22000122070312,90.0999984741211,97.20999908447266,110.5999984741211,-0.04326824925188344,-0.0442322290697727,94.06600036621094,96.64476194835845,16.739999771118164,1356.780029296875
2012-07-16,94.20999908447266,91.0999984741211,92.8499984741211,89.58999633789062,107.77999877929688,0.034138316821542336,0.03356853582621565,94.33800048828125,95.99857148670014,17.110000610351562,1353.6400146484375
2012-07-17,93.48999786376952,94.20999908447266,94.91000366210938,85.61000061035156,108.2300033569336,-0.0076425138276199345,-0.0076718674892387205,94.05399932861327,95.29666646321614,16.479999542236328,1363.6700439453125
2012-07-18,94.02999877929688,93.48999786376952,96.25,84.58999633789062,99.3000030517578,0.0057760287503079155,0.005759411453529841,93.60999908447266,95.04571387881325,16.15999984741211,1372.780029296875
2012-07-19,93.7300033569336,94.02999877929688,95.22000122070312,89.43000030517578,98.12999725341795,-0.0031904224849286233,-0.003195522733599201,93.31199951171875,94.83619035993304,15.449999809265137,1376.510009765625
2012-07-20,100.61000061035156,93.7300033569336,91.0999984741211,90.0999984741211,96.41000366210938,0.07340229389748587,0.07083331779714332,95.21399993896485,95.03619021461124,16.270000457763672,1362.6600341796875
2012-07-23,107.31999969482422,100.61000061035156,94.20999908447266,92.8499984741211,105.47000122070312,0.06669316214855758,0.06456336034334828,97.83600006103515,95.12428538004558,18.6200008392334,1350.52001953125
2012-07-24,111.6500015258789,107.31999969482422,93.48999786376952,94.91000366210938,104.12999725341795,0.04034664408654032,0.03955396923897629,101.46800079345704,95.48238082159133,20.469999313354492,1338.31005859375
2012-07-25,106.52999877929688,111.6500015258789,94.02999877929688,96.25,104.45999908447266,-0.04585761465838656,-0.046942367788460955,103.96800079345704,95.58095223563058,19.34000015258789,1337.8900146484375
2012-07-26,98.58999633789062,106.52999877929688,93.7300033569336,95.22000122070312,100.66000366210938,-0.07453301917196042,-0.0774568247222195,104.93999938964843,95.48238045828683,17.530000686645508,1360.02001953125
2012-07-27,93.08000183105467,98.58999633789062,100.61000061035156,91.0999984741211,98.11000061035156,-0.055887967456169974,-0.057510441336184596,103.43399963378906,95.24285670689174,16.700000762939453,1385.969970703125
2012-07-30,94.73999786376952,93.08000183105467,107.31999969482422,94.20999908447266,97.20999908447266,0.017834078212931592,0.017676916841328844,100.91799926757812,95.12523760114398,18.030000686645508,1385.300048828125
2012-07-31,96.11000061035156,94.73999786376952,111.6500015258789,93.48999786376952,89.58999633789062,0.014460658406938443,0.014357100238487564,97.80999908447265,95.43571399507069,18.93000030517578,1379.3199462890625
2012-08-01,94.2300033569336,96.11000061035156,106.52999877929688,94.02999877929688,85.61000061035156,-0.019560891077712528,-0.019754737342188643,95.35,95.84619031633649,18.959999084472656,1375.3199462890625
2012-08-02,89.62999725341797,94.2300033569336,98.58999633789062,93.7300033569336,84.58999633789062,-0.04881678806792855,-0.05004858311784378,93.55800018310546,96.08619035993304,17.56999969482422,1365.0
2012-08-03,84.5,89.62999725341797,93.08000183105467,100.61000061035156,89.43000030517578,-0.05723527179091081,-0.05893852036258448,91.84199981689453,95.85142844063895,15.640000343322754,1390.989990234375
2012-08-06,84.47000122070312,84.5,94.73999786376952,107.31999969482422,90.0999984741211,-0.0003550151396080059,-0.00035507817240152013,89.78800048828126,95.58333333333333,15.949999809265137,1394.22998046875
2012-08-07,86.87000274658203,84.47000122070312,96.11000061035156,111.6500015258789,92.8499984741211,0.02841247177927908,0.028016323698254304,87.94000091552735,95.29857163202195,15.989999771118164,1401.3499755859375
2012-08-08,85.18000030517578,86.87000274658203,94.2300033569336,106.52999877929688,94.91000366210938,-0.01945438457434312,-0.01964611181119727,86.13000030517578,94.83523813883464,15.319999694824219,1402.219970703125
2012-08-09,83.91000366210938,85.18000030517578,89.62999725341797,98.58999633789062,96.25,-0.0149095637299409,-0.015021828552505816,84.98600158691406,94.24761926560174,15.279999732971191,1402.800048828125
2012-08-10,84.83000183105469,83.91000366210938,84.5,93.08000183105467,95.22000122070312,0.010964105932470103,0.010904435879355127,85.052001953125,93.75285738990421,14.739999771118164,1405.8699951171875
2012-08-13,89.58000183105469,84.83000183105469,84.47000122070312,94.73999786376952,91.0999984741211,0.0559943404157881,0.05448282581496169,86.07400207519531,93.68047659737724,13.699999809265137,1404.1099853515625
2012-08-14,94.33000183105467,89.58000183105469,86.87000274658203,96.11000061035156,94.20999908447266,0.053025227761865246,0.051667190853326446,87.56600189208984,93.68619101388114,14.850000381469727,1403.9300537109375
2012-08-15,97.9499969482422,94.33000183105467,85.18000030517578,94.2300033569336,93.48999786376952,0.03837586183525099,0.03765782116134639,90.12000122070313,93.89857192266555,14.630000114440918,1405.530029296875
2012-08-16,95.6500015258789,97.9499969482422,83.91000366210938,89.62999725341797,94.02999877929688,-0.02348132204208886,-0.023761401395272823,92.46800079345704,93.97571491059803,14.289999961853027,1415.510009765625
2012-08-17,95.0199966430664,95.6500015258789,84.83000183105469,84.5,93.7300033569336,-0.006586564273520112,-0.00660835140892551,94.50599975585938,94.03714316231864,13.449999809265137,1418.1600341796875
2012-08-20,96.63999938964844,95.0199966430664,89.58000183105469,84.47000122070312,100.61000061035156,0.017049071814508876,0.016905367440711676,95.91799926757812,93.8480954851423,14.020000457763672,1418.1300048828125
2012-08-21,97.41000366210938,96.63999938964844,94.33000183105467,86.87000274658203,107.31999969482422,0.007967759492177873,0.007936184506881744,96.53399963378907,93.37619091215588,15.020000457763672,1413.1700439453125
2012-08-22,99.13999938964844,97.41000366210938,97.9499969482422,85.18000030517578,111.6500015258789,0.017759939046301465,0.017604074058304033,96.77200012207031,92.78047652471633,15.109999656677246,1413.489990234375
2012-08-23,98.4000015258789,99.13999938964844,95.6500015258789,83.91000366210938,106.52999877929688,-0.007464170549982829,-0.007492166870859532,97.3220001220703,92.3933337983631,15.960000038146973,1402.0799560546875
2012-08-24,94.98999786376952,98.4000015258789,95.0199966430664,84.83000183105469,98.58999633789062,-0.03465450822389027,-0.03526921915202014,97.31600036621094,92.22190529959542,15.180000305175781,1411.1300048828125
2012-08-27,94.88999938964844,94.98999786376952,96.63999938964844,89.58000183105469,93.08000183105467,-0.0010527263540367482,-0.0010532808596209104,96.96600036621093,92.30809565952846,16.350000381469727,1410.43994140625
2012-08-28,94.43000030517578,94.88999938964844,97.41000366210938,94.33000183105467,94.73999786376952,-0.004847708793671246,-0.004859497046720998,96.36999969482422,92.29333387102399,16.489999771118164,1409.300048828125
2012-08-29,94.70999908447266,94.43000030517578,99.13999938964844,97.9499969482422,96.11000061035156,0.002965146440664812,0.0029607590646261854,95.48399963378907,92.22666713169643,17.059999465942383,1410.489990234375
2012-08-30,96.33000183105467,94.70999908447266,98.4000015258789,95.6500015258789,94.2300033569336,0.017104875538401343,0.016960234206306372,95.0699996948242,92.32666705903553,17.829999923706055,1399.47998046875
2012-08-31,93.3000030517578,96.33000183105467,94.98999786376952,95.0199966430664,89.62999725341797,-0.03145436231394394,-0.031959675215293366,94.73200073242188,92.50142923990886,17.469999313354492,1406.5799560546875
2012-09-04,93.70999908447266,93.3000030517578,94.88999938964844,96.63999938964844,84.5,0.004394383915372613,0.004384756803554379,94.49600067138672,92.94000062488374,17.979999542236328,1404.93994140625
2012-09-05,90.1500015258789,93.70999908447266,94.43000030517578,97.41000366210938,84.47000122070312,-0.03798951652304117,-0.03872993079061252,93.64000091552734,93.21047682989212,17.739999771118164,1403.43994140625
2012-09-06,83.6500015258789,90.1500015258789,94.70999908447266,99.13999938964844,86.87000274658203,-0.07210205091493072,-0.07483352090126322,91.4280014038086,93.05714343843006,15.600000381469727,1432.1199951171875
2012-09-07,82.23999786376953,83.6500015258789,96.33000183105467,98.4000015258789,85.18000030517578,-0.016855990871358917,-0.016999669942773403,88.61000061035156,92.91714332217262,14.380000114440918,1437.9200439453125
2012-09-10,92.7699966430664,82.23999786376953,93.3000030517578,94.98999786376952,83.91000366210938,0.12803987175121057,0.12048149974833866,88.50399932861328,93.33904774983723,16.280000686645508,1429.0799560546875
2012-09-11,92.38999938964844,92.7699966430664,93.70999908447266,94.88999938964844,84.83000183105469,-0.0040961223150628445,-0.004104534403225794,88.23999938964843,93.6990476335798,16.40999984741211,1433.56005859375
2012-09-12,93.94000244140624,92.38999938964844,90.1500015258789,94.43000030517578,89.58000183105469,0.01677674057795775,0.01663756551144188,88.99799957275391,93.90666671026321,15.800000190734863,1436.56005859375
2012-09-13,87.80999755859375,93.94000244140624,83.6500015258789,94.70999908447266,94.33000183105467,-0.06525446799552714,-0.06748094501922304,89.82999877929687,93.59619031633649,14.050000190734863,1459.989990234375
2012-09-14,93.04000091552734,87.80999755859375,82.23999786376953,96.33000183105467,97.9499969482422,0.05956045441686442,0.05785415648193558,91.98999938964843,93.36238098144531,14.510000228881836,1465.77001953125
2012-09-17,92.9499969482422,93.04000091552734,92.7699966430664,93.3000030517578,95.6500015258789,-0.0009673685124622633,-0.0009678367153558935,92.0259994506836,93.23380933489118,14.59000015258789,1461.18994140625
2012-09-18,90.12999725341795,92.9499969482422,92.38999938964844,93.70999908447266,95.0199966430664,-0.030338889590222573,-0.030808639240443702,91.5739990234375,93.0009522210984,14.180000305175781,1459.3199462890625
2012-09-19,88.61000061035156,90.12999725341795,93.94000244140624,90.1500015258789,96.63999938964844,-0.016864492282104737,-0.017008317147479586,90.50799865722657,92.61857132684617,13.880000114440918,1461.050048828125
2012-09-20,88.72000122070312,88.61000061035156,87.80999755859375,83.6500015258789,97.41000366210938,0.0012414017559403412,0.0012406318538864844,90.68999938964843,92.20476168677921,14.069999694824219,1460.260009765625
2012-09-21,87.9000015258789,88.72000122070312,93.04000091552734,82.23999786376953,99.13999938964844,-0.009242557298712817,-0.009285534750773247,89.66199951171875,91.66952369326637,13.979999542236328,1460.1500244140625
2012-09-24,85.87999725341797,87.9000015258789,92.9499969482422,92.7699966430664,98.4000015258789,-0.02298070804772645,-0.02324888102143668,88.24799957275391,91.07333301362537,14.149999618530273,1456.8900146484375
2012-09-25,92.79000091552734,85.87999725341797,90.12999725341795,92.38999938964844,94.98999786376952,0.08046115373896745,0.0773879442027935,88.78000030517578,90.96857125418526,15.430000305175781,1441.5899658203125
2012-09-26,95.0500030517578,92.79000091552734,88.61000061035156,93.94000244140624,94.88999938964844,0.024356095634570307,0.02406421580955807,90.06800079345703,90.97619047619048,16.809999465942383,1433.3199462890625
2012-09-27,88.23999786376953,95.0500030517578,88.72000122070312,87.80999755859375,94.43000030517578,-0.07164655412246546,-0.07434275030537973,89.97200012207031,90.68142845517113,14.84000015258789,1447.1500244140625
2012-09-28,90.48999786376952,88.23999786376953,87.9000015258789,93.04000091552734,94.70999908447266,0.025498640689834096,0.025178973019750424,90.48999938964843,90.48047601609002,15.729999542236328,1440.6700439453125
2012-10-01,92.51000213623048,90.48999786376952,85.87999725341797,92.9499969482422,96.33000183105467,0.022322956350402823,0.022077446119437877,91.81600036621094,90.29857126871745,16.31999969482422,1444.489990234375
2012-10-02,90.25,92.51000213623048,92.79000091552734,90.12999725341795,93.3000030517578,-0.024429813901662212,-0.024733172662123857,91.30800018310546,90.15333302815755,15.710000038146973,1445.75
2012-10-03,87.55999755859375,90.25,95.0500030517578,88.61000061035156,93.70999908447266,-0.02980612123441828,-0.03025935244099467,89.80999908447265,89.8604758126395,15.430000305175781,1450.989990234375
2012-10-04,83.51000213623047,87.55999755859375,88.23999786376953,88.72000122070312,90.1500015258789,-0.0462539462687066,-0.04735783402632296,88.86399993896484,89.54428536551339,14.550000190734863,1461.4000244140625
2012-10-05,83.0999984741211,83.51000213623047,90.48999786376952,87.9000015258789,83.6500015258789,-0.004909635392423173,-0.004921727246230602,87.38600006103516,89.51809474400112,14.329999923706055,1460.9300537109375
2012-10-08,85.8499984741211,83.0999984741211,92.51000213623048,85.87999725341797,82.23999786376953,0.03309266005409617,0.03255688607026364,86.05399932861329,89.68999953497024,15.109999656677246,1455.8800048828125
2012-10-09,88.52999877929688,85.8499984741211,90.25,92.79000091552734,92.7699966430664,0.031217243480599954,0.030739894264670366,85.70999908447266,89.48809487479073,16.3700008392334,1441.47998046875
2012-10-10,94.36000061035156,88.52999877929688,87.55999755859375,95.0500030517578,92.38999938964844,0.06585340462489708,0.06377579717342752,87.06999969482422,89.58190445672898,16.290000915527344,1432.56005859375
2012-10-11,90.73999786376952,94.36000061035156,83.51000213623047,88.23999786376953,93.94000244140624,-0.03836374229723061,-0.039119010314310185,88.51599884033203,89.42952328636532,15.59000015258789,1432.8399658203125
2012-10-12,91.87000274658205,90.73999786376952,83.0999984741211,90.48999786376952,87.80999755859375,0.012453216987166282,0.012376313486278665,90.26999969482422,89.62285686674572,16.139999389648438,1428.5899658203125
2012-10-15,92.91999816894533,91.87000274658205,85.8499984741211,92.51000213623048,93.04000091552734,0.011429143256473262,0.011364324016724877,91.68399963378907,89.61714245024181,15.270000457763672,1440.1300048828125
2012-10-16,90.30999755859376,92.91999816894533,88.52999877929688,90.25,92.9499969482422,-0.02808868555513866,-0.02849071896741027,92.03999938964844,89.49142819359189,15.220000267028809,1454.9200439453125
2012-10-17,85.5999984741211,90.30999755859376,94.36000061035156,87.55999755859375,90.12999725341795,-0.0521536841080833,-0.05356290390707881,90.28799896240234,89.27571396600632,15.069999694824219,1460.9100341796875
2012-10-18,86.51000213623047,85.5999984741211,90.73999786376952,83.51000213623047,88.61000061035156,0.010630884092649673,0.010574773563725732,89.44199981689454,89.17571403866722,15.029999732971191,1457.3399658203125
2012-10-19,92.62999725341795,86.51000213623047,91.87000274658205,83.0999984741211,88.72000122070312,0.07074320848530435,0.06835299472909467,89.59399871826172,89.36190432593936,17.059999465942383,1433.18994140625
2012-10-22,92.4800033569336,92.62999725341795,92.91999816894533,85.8499984741211,87.9000015258789,-0.0016192799409677772,-0.0016205923917395435,89.50599975585938,89.57999965122768,16.6200008392334,1433.8199462890625
2012-10-23,99.66000366210938,92.4800033569336,90.30999755859376,88.52999877929688,85.87999725341797,0.07763840878621098,0.0747719883761989,91.3760009765625,90.23619043259393,18.829999923706055,1413.1099853515625
2012-10-24,96.38999938964844,99.66000366210938,85.5999984741211,94.36000061035156,92.79000091552734,-0.03281160096629809,-0.03336197413551594,93.53400115966797,90.40761893136161,18.329999923706055,1408.75
2012-10-25,91.86000061035156,96.38999938964844,86.51000213623047,90.73999786376952,95.0500030517578,-0.046996564041719036,-0.04813676992175765,94.60400085449218,90.2557140531994,18.1200008392334,1412.969970703125
2012-10-26,89.43000030517578,91.86000061035156,92.62999725341795,91.87000274658205,88.23999786376953,-0.026453301644132066,-0.026809485771470534,93.96400146484375,90.31238083612351,17.809999465942383,1411.93994140625
2012-10-31,90.2300033569336,89.43000030517578,92.4800033569336,92.91999816894533,90.48999786376952,0.008945578094910367,0.008905803440049388,93.51400146484374,90.3000001453218,18.600000381469727,1412.1600341796875
2012-11-01,81.69999694824219,90.2300033569336,99.66000366210938,90.30999755859376,92.51000213623048,-0.09453625281324929,-0.09930803869785372,89.92200012207032,89.78523799351284,16.690000534057617,1427.5899658203125
2012-11-02,87.83999633789062,81.69999694824219,96.38999938964844,85.5999984741211,90.25,0.07515299411257259,0.0724629715577995,88.21199951171874,89.67047591436477,17.59000015258789,1414.199951171875
2012-11-05,90.75,87.83999633789062,91.86000061035156,86.51000213623047,87.55999755859375,0.03312845837237499,0.0325915370744211,87.98999938964843,89.82238079252697,18.420000076293945,1417.260009765625
2012-11-06,87.55999755859375,90.75,89.43000030517578,92.62999725341795,83.51000213623047,-0.035151542054063345,-0.035784228372964515,87.61599884033203,90.01523771740142,17.579999923706055,1428.3900146484375
2012-11-07,94.75,87.55999755859375,90.2300033569336,92.4800033569336,83.0999984741211,0.08211515123210011,0.07891759919054002,88.5199981689453,90.56999969482422,19.079999923706055,1394.530029296875
2012-11-08,93.38999938964844,94.75,81.69999694824219,99.66000366210938,85.8499984741211,-0.014353568446982212,-0.014457577376422318,90.85799865722656,90.92904735746838,18.489999771118164,1377.510009765625
2012-11-09,94.0199966430664,93.38999938964844,87.83999633789062,96.38999938964844,88.52999877929688,0.006745874906685101,0.0067232233054075495,92.09399871826172,91.1904758271717,18.610000610351562,1379.8499755859375
2012-11-12,90.54000091552734,94.0199966430664,90.75,91.86000061035156,94.36000061035156,-0.03701335728345512,-0.03771573777185368,92.05199890136718,91.00857107979911,16.68000030517578,1380.030029296875
2012-11-13,87.83999633789062,90.54000091552734,87.55999755859375,89.43000030517578,90.73999786376952,-0.029821123816375805,-0.03027481604912827,92.10799865722656,90.87047576904297,16.649999618530273,1374.530029296875
2012-11-14,94.66000366210938,87.83999633789062,94.75,90.2300033569336,91.87000274658205,0.07764125237419739,0.07477462709454034,92.08999938964844,91.00333295549665,17.920000076293945,1355.489990234375
2012-11-15,94.54000091552734,94.66000366210938,93.38999938964844,81.69999694824219,92.91999816894533,-0.0012677238742815344,-0.0012685281159683592,92.31999969482422,91.08047594342914,17.989999771118164,1353.3299560546875
2012-11-16,90.2699966430664,94.54000091552734,94.0199966430664,87.83999633789062,90.30999755859376,-0.04516611202782028,-0.04621789292674747,91.56999969482422,91.07857113792782,16.40999984741211,1359.8800048828125
2012-11-19,88.43000030517578,90.2699966430664,90.54000091552734,90.75,85.5999984741211,-0.020383254750369506,-0.020593860083676484,91.1479995727539,91.21333312988281,15.239999771118164,1386.8900146484375
2012-11-20,85.93000030517578,88.43000030517578,87.83999633789062,87.55999755859375,86.51000213623047,-0.028270948675476526,-0.02867826716210931,90.76600036621093,91.18571399507069,15.079999923706055,1387.81005859375
2012-11-21,85.8499984741211,85.93000030517578,94.66000366210938,94.75,92.62999725341795,-0.000931011646346569,-0.0009314453068722786,89.00399932861328,90.86285691034226,15.3100004196167,1391.030029296875
2012-11-23,82.86000061035156,85.8499984741211,94.54000091552734,93.38999938964844,92.4800033569336,-0.03482816443696091,-0.035449125554391954,86.66799926757812,90.4047615414574,15.140000343322754,1409.1500244140625
2012-11-26,82.44999694824219,82.86000061035156,90.2699966430664,94.0199966430664,99.66000366210938,-0.00494814939764987,-0.004960432023142681,85.10399932861328,89.58523741222564,15.5,1406.2900390625
2012-11-27,84.16999816894531,82.44999694824219,88.43000030517578,90.54000091552734,96.38999938964844,0.020861143533854154,0.020646529477069707,84.25199890136719,89.00333259219215,15.920000076293945,1398.93994140625
2012-11-28,80.38999938964844,84.16999816894531,85.93000030517578,87.83999633789062,91.86000061035156,-0.044909098984529994,-0.045948758721753066,83.14399871826171,88.45714205787296,15.510000228881836,1409.9300537109375
2012-11-29,78.41999816894531,80.38999938964844,85.8499984741211,94.66000366210938,89.43000030517578,-0.024505550885186245,-0.02481080923263532,81.65799865722656,87.93285624186198,15.0600004196167,1415.949951171875
2012-11-30,78.58999633789062,78.41999816894531,82.86000061035156,94.54000091552734,90.2300033569336,0.002167791034361821,0.0021654447655792713,80.80399780273437,87.37857019333612,15.869999885559082,1416.1800537109375
2012-12-03,84.06999969482422,78.58999633789062,82.44999694824219,90.2699966430664,81.69999694824219,0.0697290191155222,0.0674053632367538,81.12799835205078,87.49142746698288,16.639999389648438,1409.4599609375
2012-12-04,86.18000030517578,84.06999969482422,84.16999816894531,88.43000030517578,87.83999633789062,0.025098139859770496,0.02478835421165035,81.52999877929688,87.4123800368536,17.1200008392334,1407.050048828125
2012-12-05,82.9800033569336,86.18000030517578,80.38999938964844,85.93000030517578,90.75,-0.03713154951160991,-0.03783848036938368,82.04799957275391,87.04238019670758,16.459999084472656,1409.280029296875
2012-12-06,84.1500015258789,82.9800033569336,78.41999816894531,85.8499984741211,87.55999755859375,0.014099760443641252,0.01400128341020761,83.19400024414062,86.87999943324498,16.579999923706055,1413.93994140625
2012-12-07,80.73999786376953,84.1500015258789,78.58999633789062,82.86000061035156,94.75,-0.04052291860102564,-0.04136684980300846,83.6240005493164,86.21285647437686,15.899999618530273,1418.0699462890625
2012-12-10,81.55999755859375,80.73999786376953,84.06999969482422,82.44999694824219,93.38999938964844,0.01015605296655786,0.010104826805734818,83.12200012207032,85.64952305385044,16.049999237060547,1418.550048828125
2012-12-11,78.69999694824219,81.55999755859375,86.18000030517578,84.16999816894531,94.0199966430664,-0.035066217459078564,-0.03569579912613006,81.6259994506836,84.91999925885882,15.569999694824219,1427.8399658203125
2012-12-12,83.0199966430664,78.69999694824219,82.9800033569336,80.38999938964844,90.54000091552734,0.05489199316825011,0.05343838554339595,81.63399810791016,84.56190381731305,15.949999809265137,1428.47998046875
2012-12-13,86.73999786376953,83.0199966430664,84.1500015258789,78.41999816894531,87.83999633789062,0.0448084963999309,0.04383361158959347,82.15199737548828,84.509522937593,16.559999465942383,1419.449951171875
2012-12-14,86.38999938964844,86.73999786376953,80.73999786376953,78.58999633789062,94.66000366210938,-0.00403502977566117,-0.0040431924735249945,83.28199768066406,84.11571321033296,17.0,1413.5799560546875
2012-12-17,82.0999984741211,86.38999938964844,81.55999755859375,84.06999969482422,94.54000091552734,-0.049658536240728246,-0.05093392343295251,83.38999786376954,83.52333214169457,16.34000015258789,1430.3599853515625
2012-12-18,79.36000061035156,82.0999984741211,78.69999694824219,86.18000030517578,90.2699966430664,-0.033373908826968,-0.03394352720522915,83.52199859619141,83.0038085210891,15.569999694824219,1446.7900390625
2012-12-19,83.33000183105469,79.36000061035156,83.0199966430664,82.9800033569336,88.43000030517578,0.05002521661000703,0.04881417970011115,83.58399963378906,82.76095145089286,17.360000610351562,1435.81005859375
2012-12-20,83.05999755859375,83.33000183105469,86.73999786376953,84.1500015258789,85.93000030517578,-0.0032401808055680936,-0.003245441558328284,82.8479995727539,82.62428465343658,17.670000076293945,1443.68994140625
2012-12-21,87.69999694824219,83.05999755859375,86.38999938964844,80.73999786376953,85.8499984741211,0.055863225692671215,0.05435865577112018,83.10999908447266,82.71237981887091,17.84000015258789,1430.1500244140625
2012-12-24,89.2699966430664,87.69999694824219,82.0999984741211,81.55999755859375,82.86000061035156,0.01790193556963038,0.01774358300655312,84.54399871826172,83.01761772519066,17.84000015258789,1426.6600341796875
2012-12-26,92.16999816894533,89.2699966430664,79.36000061035156,78.69999694824219,82.44999694824219,0.03248573580073244,0.03196923055251819,87.10599822998047,83.48047492617653,19.479999542236328,1419.8299560546875
2012-12-27,90.88999938964844,92.16999816894533,83.33000183105469,83.0199966430664,84.16999816894531,-0.013887369043348419,-0.01398470072411193,88.61799774169921,83.80047498430524,19.469999313354492,1418.0999755859375
2012-12-28,104.72000122070312,90.88999938964844,83.05999755859375,86.73999786376953,80.38999938964844,0.15216197517798413,0.14164015584307166,92.94999847412109,84.95904650006976,22.719999313354492,1402.4300537109375
2012-12-31,92.5,104.72000122070312,87.69999694824219,86.38999938964844,78.41999816894531,-0.11669214169458231,-0.1240814887400938,93.90999908447266,85.62952277773903,18.020000457763672,1426.18994140625
2013-01-02,78.7699966430664,92.5,89.2699966430664,82.0999984741211,78.58999633789062,-0.14843246872360638,-0.16067647342005226,91.80999908447265,85.63809422084263,14.680000305175781,1462.4200439453125
2013-01-03,77.0199966430664,78.7699966430664,92.16999816894533,79.36000061035156,84.06999969482422,-0.022216580863013702,-0.022467086296784705,88.77999877929688,85.30237978980655,14.5600004196167,1459.3699951171875
2013-01-04,75.18000030517578,77.0199966430664,90.88999938964844,83.33000183105469,86.18000030517578,-0.02388985222133566,-0.02417984260624244,85.63799896240235,84.77857026599702,13.829999923706055,1466.469970703125
2013-01-07,76.7699966430664,75.18000030517578,104.72000122070312,83.05999755859375,82.9800033569336,0.02114919302256446,0.020928652917352228,80.047998046875,84.48285566057477,13.789999961853027,1461.8900146484375
2013-01-08,78.37000274658203,76.7699966430664,92.5,87.69999694824219,84.1500015258789,0.020841554949581065,0.020627340998464826,77.22199859619141,84.2076176234654,13.619999885559082,1457.1500244140625
2013-01-09,78.51000213623047,78.37000274658203,78.7699966430664,89.2699966430664,80.73999786376953,0.0017863900056396265,0.0017847963087074081,77.16999969482421,84.10142735072544,13.8100004196167,1461.02001953125
2013-01-10,77.48999786376953,78.51000213623047,77.0199966430664,92.16999816894533,81.55999755859375,-0.012992029610329525,-0.013077164211787458,77.26399993896484,83.9076178414481,13.489999771118164,1472.1199951171875
2013-01-11,78.5199966430664,77.48999786376953,75.18000030517578,90.88999938964844,78.69999694824219,0.013292022295672945,0.013204458447629307,77.93199920654297,83.8990463983445,13.359999656677246,1472.050048828125
2013-01-14,78.27999877929688,78.5199966430664,76.7699966430664,104.72000122070312,83.0199966430664,-0.003056519027382354,-0.003061199721852531,78.23399963378907,83.67333221435547,13.520000457763672,1470.6800537109375
2013-01-15,77.83999633789062,78.27999877929688,78.37000274658203,92.5,86.73999786376953,-0.005620879512872712,-0.0056367361026915625,78.12799835205078,83.24952261788505,13.550000190734863,1472.3399658203125
2013-01-16,77.26000213623047,77.83999633789062,78.51000213623047,78.7699966430664,86.38999938964844,-0.007451107771671683,-0.007479005943097929,77.87799835205078,82.81476084391277,13.420000076293945,1472.6300048828125
2013-01-17,78.7699966430664,77.26000213623047,77.48999786376953,77.0199966430664,82.0999984741211,0.019544323907387584,0.019355786210302865,78.13399810791016,82.65618932814826,13.569999694824219,1480.93994140625
2013-01-18,73.43000030517578,78.7699966430664,78.5199966430664,75.18000030517578,79.36000061035156,-0.06779226311368225,-0.07019959547879856,77.11599884033203,82.37380836123512,12.460000038146973,1485.97998046875
2013-01-22,73.87000274658203,73.43000030517578,78.27999877929688,76.7699966430664,83.33000183105469,0.0059921345441589224,0.005974253102408849,76.23399963378907,81.92333221435547,12.430000305175781,1492.56005859375
2013-01-23,71.86000061035156,73.87000274658203,77.83999633789062,78.37000274658203,83.05999755859375,-0.0272099913563828,-0.02758703854294457,75.03800048828126,81.38999902634393,12.460000038146973,1494.81005859375
2013-01-24,76.16999816894531,71.86000061035156,77.26000213623047,78.51000213623047,87.69999694824219,0.05997769999980895,0.058247870166650215,74.81999969482422,80.84095146542504,12.6899995803833,1494.8199462890625
2013-01-25,76.91999816894531,76.16999816894531,78.7699966430664,77.48999786376953,89.2699966430664,0.00984639645568186,0.009798236570272335,74.45,80.2528562999907,12.890000343322754,1502.9599609375
2013-01-28,78.16000366210938,76.91999816894531,73.43000030517578,78.5199966430664,92.16999816894533,0.01612071662353065,0.01599215767262005,75.39600067138672,79.58571370442708,13.569999694824219,1500.1800537109375
2013-01-29,73.61000061035156,78.16000366210938,73.87000274658203,78.27999877929688,90.88999938964844,-0.05821395648121719,-0.05997716022622751,75.34400024414063,78.76285661969867,13.3100004196167,1507.8399658203125
2013-01-30,77.33999633789062,73.61000061035156,71.86000061035156,77.83999633789062,104.72000122070312,0.050672404518558256,0.04943034446606107,76.43999938964843,77.45904686337425,14.319999694824219,1501.9599609375
2013-01-31,76.72000122070312,77.33999633789062,76.16999816894531,77.26000213623047,92.5,-0.00801648754260087,-0.008048792342040513,76.55,76.7076183500744,14.279999732971191,1498.1099853515625
2013-02-01,73.29000091552734,76.72000122070312,76.91999816894531,78.7699966430664,78.7699966430664,-0.04470803246351074,-0.045738260056724635,75.82400054931641,76.44666617257255,12.899999618530273,1513.1700439453125
2013-02-04,77.79000091552734,73.29000091552734,78.16000366210938,73.43000030517578,77.0199966430664,0.06139991736644412,0.05958871355829491,75.75,76.48333304268974,14.670000076293945,1495.7099609375
2013-02-05,75.06999969482422,77.79000091552734,73.61000061035156,73.87000274658203,75.18000030517578,-0.03496594920543572,-0.035591892468204295,76.04199981689453,76.47809491838727,13.720000267028809,1511.2900390625
2013-02-06,77.23999786376953,75.06999969482422,77.33999633789062,71.86000061035156,76.7699966430664,0.028906329795748364,0.028496422383569555,76.02200012207031,76.50047592889695,13.40999984741211,1512.1199951171875
2013-02-07,76.86000061035156,77.23999786376953,76.72000122070312,76.16999816894531,78.37000274658203,-0.004919695286478176,-0.004931836825484447,76.05,76.42857106526692,13.5,1509.3900146484375
2013-02-08,74.41999816894531,76.86000061035156,73.29000091552734,76.91999816894531,78.51000213623047,-0.03174606325826168,-0.03226089476363977,76.2759994506836,76.23380897158668,13.020000457763672,1517.9300537109375
2013-02-11,76.0999984741211,74.41999816894531,77.79000091552734,78.16000366210938,77.48999786376953,0.02257458138284174,0.02232354650252878,75.93799896240235,76.16761852446056,12.9399995803833,1517.010009765625
2013-02-12,73.83000183105469,76.0999984741211,75.06999969482422,73.61000061035156,78.5199966430664,-0.029829128627884893,-0.030283066944637407,75.68999938964843,75.94428543817429,12.640000343322754,1519.4300537109375
2013-02-13,73.25,73.83000183105469,77.23999786376953,77.33999633789062,78.27999877929688,-0.007855909747664702,-0.007886929974854599,74.89199981689453,75.70476168677921,12.979999542236328,1520.3299560546875
2013-02-14,72.98999786376953,73.25,76.86000061035156,76.72000122070312,77.83999633789062,-0.003549517218163434,-0.0035558317010765347,74.11799926757813,75.47380937848773,12.65999984741211,1521.3800048828125
2013-02-15,72.55000305175781,72.98999786376953,74.41999816894531,73.29000091552734,77.26000213623047,-0.006028152142611876,-0.006046394801702806,73.74400024414062,75.24952370779855,12.460000038146973,1519.7900390625
2013-02-19,70.44999694824219,72.55000305175781,76.0999984741211,77.79000091552734,78.7699966430664,-0.028945637700627858,-0.029372826367776016,72.61399993896484,74.85333324614025,12.3100004196167,1530.93994140625
2013-02-20,79.6500015258789,70.44999694824219,73.83000183105469,75.06999969482422,73.43000030517578,0.13058914089656715,0.12273886048673555,73.77799987792969,75.14952378045945,14.680000305175781,1511.949951171875
2013-02-21,80.83000183105469,79.6500015258789,73.25,77.23999786376953,73.87000274658203,0.01481481836246279,0.014706150885552953,75.29400024414062,75.48095230829148,15.220000267028809,1502.4200439453125
2013-02-22,78.66000366210938,80.83000183105469,72.98999786376953,76.86000061035156,71.86000061035156,-0.02684644463426955,-0.027213392839064227,76.4280014038086,75.8047619774228,14.170000076293945,1515.5999755859375
2013-02-25,94.33999633789062,78.66000366210938,72.55000305175781,74.41999816894531,76.16999816894531,0.19933882463489283,0.1817704254780651,80.78600006103515,76.66999998546783,18.989999771118164,1487.8499755859375
2013-02-26,90.2300033569336,94.33999633789062,70.44999694824219,76.0999984741211,76.91999816894531,-0.043565753026283516,-0.04454323582731737,84.74200134277343,77.3038097563244,16.8700008392334,1496.93994140625
2013-02-27,82.29000091552734,90.2300033569336,79.6500015258789,73.83000183105469,78.16000366210938,-0.08799736391449564,-0.09211239846735102,85.27000122070312,77.50047629220145,14.729999542236328,1515.989990234375
2013-02-28,86.56999969482422,82.29000091552734,80.83000183105469,73.25,73.61000061035156,0.05201116456044752,0.05070372695924898,86.41800079345703,78.11761910574776,15.510000228881836,1514.6800537109375
2013-03-01,87.83000183105469,86.56999969482422,78.66000366210938,72.98999786376953,77.33999633789062,0.014554720349684747,0.0144498170742479,88.25200042724609,78.61714317685082,15.359999656677246,1518.199951171875
2013-03-04,82.2699966430664,87.83000183105469,94.33999633789062,72.55000305175781,76.72000122070312,-0.06330416796168603,-0.06539666839976167,85.83800048828125,78.88142867315383,14.010000228881836,1525.199951171875
2013-03-05,79.31999969482422,82.2699966430664,90.2300033569336,70.44999694824219,73.29000091552734,-0.03585750660767539,-0.03651618057278265,83.65599975585937,79.16857147216797,13.479999542236328,1539.7900390625
2013-03-06,78.77999877929688,79.31999969482422,82.29000091552734,79.6500015258789,77.79000091552734,-0.006807878436774328,-0.00683115775652448,82.95399932861328,79.21571422758556,13.529999732971191,1541.4599609375
2013-03-07,77.16000366210938,78.77999877929688,86.56999969482422,80.83000183105469,75.06999969482422,-0.02056353315929771,-0.020777906548902127,81.0720001220703,79.31523822602772,13.0600004196167,1544.260009765625
2013-03-08,76.6500015258789,77.16000366210938,87.83000183105469,78.66000366210938,77.23999786376953,-0.006609669673731666,-0.006631610273849548,78.83600006103515,79.28714316231864,12.59000015258789,1551.1800537109375
2013-03-11,77.31999969482422,76.6500015258789,82.2699966430664,94.33999633789062,76.86000061035156,0.008741006596315604,0.00870302516829213,77.84600067138672,79.30904788062686,11.5600004196167,1556.219970703125
2013-03-12,79.98999786376953,77.31999969482422,79.31999969482422,90.2300033569336,74.41999816894531,0.0345317922850954,0.03394894976129989,77.98000030517578,79.57428596133278,12.270000457763672,1552.47998046875
2013-03-13,84.36000061035156,79.98999786376953,78.77999877929688,82.29000091552734,76.0999984741211,0.054631864774200345,0.05319176269114534,79.09600067138672,79.96761939639137,11.829999923706055,1554.52001953125
2013-03-14,83.5,84.36000061035156,77.16000366210938,86.56999969482422,73.83000183105469,-0.010194412092572103,-0.0102467309888465,80.36399993896484,80.42809549967448,11.300000190734863,1563.22998046875
2013-03-15,85.72000122070312,83.5,76.6500015258789,87.83000183105469,73.25,0.026586840966504433,0.026239552989153397,82.1779998779297,81.02190508161273,11.300000190734863,1560.699951171875
2013-03-18,93.06999969482422,85.72000122070312,77.31999969482422,82.2699966430664,72.98999786376953,0.08574426469263652,0.08226571007266391,85.32799987792968,81.97809564499627,13.359999656677246,1552.0999755859375
2013-03-19,94.38999938964844,93.06999969482422,79.98999786376953,79.31999969482422,72.55000305175781,0.014182869873777593,0.014083233951952228,88.20800018310547,83.01809547061012,14.390000343322754,1548.3399658203125
2013-03-20,89.44999694824219,94.38999938964844,84.36000061035156,78.77999877929688,70.44999694824219,-0.052336078751453075,-0.05375535303276423,89.22599945068359,83.92285737537202,12.670000076293945,1558.7099609375
2013-03-21,93.9800033569336,89.44999694824219,83.5,77.16000366210938,79.6500015258789,0.05064289058961702,0.049402253556513245,91.3220001220703,84.60523841494606,13.989999771118164,1545.800048828125
2013-03-22,91.77999877929688,93.9800033569336,85.72000122070312,76.6500015258789,80.83000183105469,-0.023409283880116094,-0.02368763372795847,92.53399963378907,85.12666684105282,13.569999694824219,1556.8900146484375
2013-03-25,88.86000061035156,91.77999877929688,93.06999969482422,77.31999969482422,78.66000366210938,-0.03181519075814132,-0.03233229128992017,91.69199981689454,85.61238098144531,13.739999771118164,1551.68994140625
2013-03-26,85.13999938964844,88.86000061035156,94.38999938964844,79.98999786376953,94.33999633789062,-0.041863619121670026,-0.042765151145242694,89.84199981689453,85.17428588867188,12.770000457763672,1563.77001953125
2013-03-27,85.31999969482422,85.13999938964844,89.44999694824219,84.36000061035156,90.2300033569336,0.0021141685044181457,0.0021119367951050886,89.01600036621093,84.94047619047619,13.149999618530273,1562.8499755859375
2013-03-28,83.19999694824219,85.31999969482422,93.9800033569336,83.5,82.29000091552734,-0.024847664722983276,-0.025161578878931366,86.85999908447266,84.98380933489118,12.699999809265137,1569.18994140625
2013-04-01,84.2300033569336,83.19999694824219,91.77999877929688,85.72000122070312,86.56999969482422,0.012379885173940064,0.012303881034260755,85.35,84.87238093784877,13.579999923706055,1562.1700439453125
2013-04-02,80.48999786376953,84.2300033569336,88.86000061035156,93.06999969482422,87.83000183105469,-0.04440229543047025,-0.04541826561632097,83.67599945068359,84.52285693940662,12.779999732971191,1570.25
2013-04-03,85.2300033569336,80.48999786376953,85.13999938964844,94.38999938964844,82.2699966430664,0.05888937282849227,0.05722059735564531,83.69400024414062,84.66380964006696,14.210000038146973,1553.68994140625
2013-04-04,83.12000274658203,85.2300033569336,85.31999969482422,89.44999694824219,79.31999969482422,-0.0247565473101663,-0.02506814408641856,83.25400085449219,84.84476216634114,13.890000343322754,1559.97998046875
2013-04-05,84.48999786376953,83.12000274658203,83.19999694824219,93.9800033569336,78.77999877929688,0.016482135128945696,0.01634777904637969,83.51200103759766,85.11666688464936,13.920000076293945,1553.280029296875
2013-04-08,82.12000274658203,84.48999786376953,84.2300033569336,91.77999877929688,77.16000366210938,-0.028050599800095277,-0.02845153328423727,83.09000091552734,85.3528573172433,13.1899995803833,1563.0699462890625
2013-04-09,82.04000091552734,82.12000274658203,80.48999786376953,88.86000061035156,76.6500015258789,-0.0009742063855205929,-0.0009746812329860595,83.4000015258789,85.60952395484561,12.84000015258789,1568.6099853515625
2013-04-10,82.75,82.04000091552734,85.2300033569336,85.13999938964844,77.31999969482422,0.008654303712206213,0.008617069893468462,82.90400085449218,85.86809539794922,12.359999656677246,1587.72998046875
2013-04-11,83.37000274658203,82.75,83.12000274658203,85.31999969482422,79.98999786376953,0.007492480321233064,0.007464551109838074,82.9540008544922,86.02904801141648,12.239999771118164,1593.3699951171875
2013-04-12,82.38999938964844,83.37000274658203,84.48999786376953,83.19999694824219,84.36000061035156,-0.011754867753962839,-0.011824502447589827,82.53400115966797,85.93523842947823,12.0600004196167,1588.8499755859375
2013-04-15,104.62000274658205,82.38999938964844,82.12000274658203,84.2300033569336,83.5,0.26981434059491693,0.23887070127597904,87.03400115966797,86.94095284598214,17.270000457763672,1552.3599853515625
2013-04-16,88.19000244140625,104.62000274658205,82.04000091552734,80.48999786376953,85.72000122070312,-0.15704454094666487,-0.1708411586118288,88.26400146484374,87.05857195172992,13.960000038146973,1574.5699462890625
2013-04-17,105.26000213623048,88.19000244140625,82.75,85.2300033569336,93.06999969482422,0.19355935165287708,0.17693989463686047,92.76600189208985,87.63904825846355,16.510000228881836,1552.010009765625
2013-04-18,107.6500015258789,105.26000213623048,83.37000274658203,83.12000274658203,94.38999938964844,0.022705674911114082,0.0224517377643849,97.62200164794922,88.27047693161737,17.559999465942383,1541.6099853515625
2013-04-19,95.5199966430664,107.6500015258789,82.38999938964844,84.48999786376953,89.44999694824219,-0.11268002518231701,-0.11954962348430184,100.24800109863281,88.55952453613281,14.970000267028809,1555.25
2013-04-22,90.91000366210938,95.5199966430664,104.62000274658205,82.12000274658203,93.9800033569336,-0.04826207226726975,-0.0494655680839479,97.50600128173828,88.41333407447452,14.390000343322754,1562.5
2013-04-23,85.16000366210938,90.91000366210938,88.19000244140625,82.04000091552734,91.77999877929688,-0.06324936495846345,-0.06533816338859512,96.9000015258789,88.0980962117513,13.479999542236328,1578.780029296875
2013-04-24,84.98999786376953,85.16000366210938,105.26000213623048,82.75,88.86000061035156,-0.001996310369059895,-0.001998305652516972,92.84600067138672,87.91381036667596,13.609999656677246,1578.7900390625
2013-04-25,85.88999938964844,84.98999786376953,107.6500015258789,83.37000274658203,85.13999938964844,0.010589499335222019,0.010533823296478525,88.49400024414062,87.94952465239025,13.619999885559082,1585.1600341796875
2013-04-26,85.08999633789062,85.88999938964844,95.5199966430664,82.38999938964844,85.31999969482422,-0.00931427474028168,-0.009357923848537763,86.40800018310547,87.9385721115839,13.609999656677246,1582.239990234375
2013-04-29,84.41999816894531,85.08999633789062,90.91000366210938,104.62000274658205,83.19999694824219,-0.007873994567878073,-0.007905158158863624,85.10999908447266,87.99666740780785,13.710000038146973,1593.6099853515625
2013-04-30,83.45999908447266,84.41999816894531,85.16000366210938,88.19000244140625,84.2300033569336,-0.011371702265989825,-0.01143685447077919,84.7699981689453,87.96000053769066,13.520000457763672,1597.5699462890625
2013-05-01,88.11000061035156,83.45999908447266,84.98999786376953,105.26000213623048,80.48999786376953,0.05571533161859343,0.05421857661204032,85.39399871826171,88.32285781133743,14.489999771118164,1582.699951171875
2013-05-02,83.81999969482422,88.11000061035156,85.88999938964844,107.6500015258789,85.2300033569336,-0.048689148630233214,-0.04991440194971406,84.97999877929688,88.25571477980841,13.59000015258789,1597.5899658203125
2013-05-03,80.91000366210938,83.81999969482422,85.08999633789062,95.5199966430664,83.12000274658203,-0.034717204048075545,-0.03533416777481391,84.14400024414063,88.15047672816685,12.850000381469727,1614.4200439453125
2013-05-06,79.77999877929688,80.91000366210938,84.41999816894531,90.91000366210938,84.48999786376953,-0.01396619492852269,-0.01406463990487074,83.21600036621093,87.92619105747768,12.65999984741211,1617.5
2013-05-07,78.86000061035156,79.77999877929688,83.45999908447266,85.16000366210938,82.12000274658203,-0.01153168943371874,-0.011598694987227862,82.29600067138672,87.77095286051433,12.829999923706055,1625.9599609375
2013-05-08,79.80999755859375,78.86000061035156,88.11000061035156,84.98999786376953,82.04000091552734,0.012046626184244458,0.011974643108521088,80.63600006103516,87.66476222446987,12.65999984741211,1632.68994140625
2013-05-09,81.13999938964844,79.80999755859375,83.81999969482422,85.88999938964844,82.75,0.01666460182608387,0.01652727095841092,80.1,87.58809552873883,13.130000114440918,1626.6700439453125
2013-05-10,80.44999694824219,81.13999938964844,80.91000366210938,85.08999633789062,83.37000274658203,-0.008503850709842053,-0.008540214751302637,80.00799865722657,87.4490476335798,12.59000015258789,1633.699951171875
2013-05-13,80.44999694824219,80.44999694824219,79.77999877929688,84.41999816894531,82.38999938964844,0.0,0.0,80.14199829101562,87.3566665649414,12.550000190734863,1633.77001953125
2013-05-14,80.44999694824219,80.44999694824219,78.86000061035156,83.45999908447266,104.62000274658205,0.0,0.0,80.45999755859376,86.20571390787761,12.770000457763672,1650.3399658203125
2013-05-15,83.1500015258789,80.44999694824219,79.80999755859375,88.11000061035156,88.19000244140625,0.03356127632141215,0.033010388485060105,81.12799835205078,85.96571386428107,12.8100004196167,1658.780029296875
2013-05-16,84.5,83.1500015258789,81.13999938964844,83.81999969482422,105.26000213623048,0.01623569993201901,0.01610531037327274,81.7999984741211,84.97714233398438,13.069999694824219,1650.469970703125
2013-05-17,84.0,84.5,80.44999694824219,80.91000366210938,107.6500015258789,-0.00591715976331364,-0.005934735519814578,82.50999908447265,83.85095178513299,12.449999809265137,1667.469970703125
2013-05-20,85.01000213623047,84.0,80.44999694824219,79.77999877929688,95.5199966430664,0.012023834955124713,0.011952122915120432,83.42200012207032,83.35047585623605,13.020000457763672,1666.2900390625
2013-05-21,88.04000091552734,85.01000213623047,80.44999694824219,78.86000061035156,90.91000366210938,0.035642850290031,0.03502234529881994,84.94000091552735,83.21380905877976,13.369999885559082,1669.1600341796875
2013-05-22,88.2300033569336,88.04000091552734,83.1500015258789,79.80999755859375,85.16000366210938,0.002158137658228254,0.002155812224289005,85.95600128173828,83.35999952043805,13.819999694824219,1655.3499755859375
2013-05-23,87.4000015258789,88.2300033569336,84.5,81.13999938964844,84.98999786376953,-0.009407251495808344,-0.009451779161484543,86.53600158691407,83.47476159958612,14.069999694824219,1650.510009765625
2013-05-24,83.87999725341797,87.4000015258789,84.0,80.44999694824219,85.88999938964844,-0.04027464772318878,-0.041108126830522194,86.51200103759766,83.37904721214657,13.989999771118164,1649.5999755859375
2013-05-28,82.6500015258789,83.87999725341797,85.01000213623047,80.44999694824219,85.08999633789062,-0.01466375498109529,-0.014772330560568423,86.04000091552734,83.26285698300316,14.479999542236328,1660.06005859375
2013-05-29,81.72000122070312,82.6500015258789,88.04000091552734,80.44999694824219,84.41999816894531,-0.011252272087189041,-0.011316057841916511,84.7760009765625,83.13428569975353,14.829999923706055,1648.3599853515625
2013-05-30,80.22000122070312,81.72000122070312,88.2300033569336,83.1500015258789,83.45999908447266,-0.018355359490865863,-0.018525909328202087,83.1740005493164,82.98000008719308,14.529999732971191,1654.4100341796875
2013-05-31,84.87000274658203,80.22000122070312,87.4000015258789,84.5,88.11000061035156,0.057965612753927864,0.05634783078496067,82.66800079345703,82.82571447463263,16.299999237060547,1630.739990234375
2013-06-03,86.98999786376953,84.87000274658203,83.87999725341797,84.0,83.81999969482422,0.02497932188735419,0.02467243861844336,83.29000091552734,82.97666676839192,16.280000686645508,1640.4200439453125
2013-06-04,87.38999938964844,86.98999786376953,82.6500015258789,85.01000213623047,80.91000366210938,0.00459824733534675,0.004587707692972989,84.23800048828124,83.28523799351284,16.270000457763672,1631.3800048828125
2013-06-05,93.18000030517578,87.38999938964844,81.72000122070312,88.04000091552734,79.77999877929688,0.06625473115878266,0.0641522570085454,86.53000030517578,83.92333330426898,17.5,1608.9000244140625
2013-06-06,91.91000366210938,93.18000030517578,80.22000122070312,88.2300033569336,78.86000061035156,-0.01362949816384429,-0.013723232449239392,88.86800079345703,84.54476202101935,16.6299991607666,1622.56005859375
2013-06-07,84.19000244140625,91.91000366210938,84.87000274658203,87.4000015258789,79.80999755859375,-0.0839952226428401,-0.08773369886619248,88.73200073242188,84.75333368210565,15.140000343322754,1643.3800048828125
2013-06-10,82.94000244140625,84.19000244140625,86.98999786376953,83.87999725341797,81.13999938964844,-0.014847368615649614,-0.014958694094293014,87.92200164794922,84.83904811314174,15.4399995803833,1642.81005859375
2013-06-11,92.31999969482422,82.94000244140625,87.38999938964844,82.6500015258789,80.44999694824219,0.11309376630467982,0.1071433152001124,88.90800170898437,85.40428633916946,17.06999969482422,1626.1300048828125
2013-06-12,101.7699966430664,92.31999969482422,93.18000030517578,81.72000122070312,80.44999694824219,0.102361319101824,0.09745453276418779,90.6260009765625,86.41952441987537,18.59000015258789,1612.52001953125
2013-06-13,95.08000183105467,101.7699966430664,91.91000366210938,80.22000122070312,80.44999694824219,-0.0657364157677559,-0.06799667046831155,91.26000061035157,87.11619131905692,16.40999984741211,1636.3599853515625
2013-06-14,93.87000274658205,95.08000183105467,84.19000244140625,84.87000274658203,83.1500015258789,-0.012726115494009371,-0.012807786141712248,93.19600067138671,87.62666756766183,17.149999618530273,1626.72998046875
2013-06-17,90.4499969482422,93.87000274658205,82.94000244140625,86.98999786376953,84.5,-0.03643342599629751,-0.03711369750674089,94.69799957275391,87.91000075567337,16.799999237060547,1639.0400390625
2013-06-18,89.98999786376953,90.4499969482422,92.31999969482422,87.38999938964844,84.0,-0.005085672747295877,-0.005098648794257029,94.23199920654297,88.1952387491862,16.610000610351562,1651.81005859375
2013-06-19,88.58999633789062,89.98999786376953,101.7699966430664,93.18000030517578,85.01000213623047,-0.015557301468084095,-0.015679586221113616,91.59599914550782,88.36571466355096,16.639999389648438,1628.9300537109375
2013-06-20,100.9800033569336,88.58999633789062,95.08000183105467,91.91000366210938,88.04000091552734,0.13985785676958717,0.1309035675881066,92.7759994506836,88.98190525599888,20.489999771118164,1588.18994140625
2013-06-21,96.0999984741211,100.9800033569336,93.87000274658205,84.19000244140625,88.2300033569336,-0.048326448015288404,-0.04953321057610388,93.22199859619141,89.35666692824591,18.899999618530273,1592.4300537109375
2013-06-24,100.93000030517578,96.0999984741211,90.4499969482422,82.94000244140625,87.4000015258789,0.050260165533253076,0.049037910176191815,95.31799926757813,90.0009525844029,20.110000610351562,1573.0899658203125
2013-06-25,94.83000183105467,100.93000030517578,89.98999786376953,92.31999969482422,83.87999725341797,-0.06043791197539805,-0.06234137606995796,96.28600006103515,90.52238137381417,18.469999313354492,1588.030029296875
2013-06-26,90.76000213623048,94.83000183105467,88.58999633789062,101.7699966430664,82.6500015258789,-0.042918903471868886,-0.04386715075567122,96.72000122070312,90.90857187906902,17.209999084472656,1603.260009765625
2013-06-27,86.05000305175781,90.76000213623048,100.9800033569336,95.08000183105467,81.72000122070312,-0.05189509666827663,-0.053290125326292355,93.73400115966797,91.11476244245257,16.860000610351562,1613.199951171875
2013-06-28,86.54000091552734,86.05000305175781,96.0999984741211,93.87000274658205,80.22000122070312,0.00569433871460534,0.005678187253493086,91.82200164794922,91.41571480887276,16.860000610351562,1606.280029296875
2013-07-01,84.88999938964844,86.54000091552734,100.93000030517578,90.4499969482422,84.87000274658203,-0.019066345140087204,-0.019250451816012495,88.61400146484375,91.41666702997117,16.3700008392334,1614.9599609375
2013-07-02,83.69999694824219,84.88999938964844,94.83000183105467,89.98999786376953,86.98999786376953,-0.014018169984241546,-0.014117352525203075,86.38800048828125,91.26000031970796,16.440000534057617,1614.0799560546875
2013-07-03,82.72000122070312,83.69999694824219,90.76000213623048,88.58999633789062,87.38999938964844,-0.011708432058188278,-0.011777515517593849,84.78000030517578,91.03761945452008,16.200000762939453,1615.4100341796875
2013-07-05,77.41000366210938,82.72000122070312,86.05000305175781,100.9800033569336,93.18000030517578,-0.064192426018301,-0.06634540699258491,83.0520004272461,90.2866672334217,14.890000343322754,1631.8900146484375
2013-07-08,75.48999786376953,77.41000366210938,86.54000091552734,96.0999984741211,91.91000366210938,-0.024803070759698786,-0.02511584967124169,80.84199981689453,89.5047621954055,14.779999732971191,1640.4599609375
2013-07-09,75.91999816894531,75.48999786376953,84.88999938964844,100.93000030517578,84.19000244140625,0.005696122895006095,0.005679961330117997,79.04799957275391,89.11095246814546,14.350000381469727,1652.3199462890625
2013-07-10,79.54000091552734,75.91999816894531,83.69999694824219,94.83000183105467,82.94000244140625,0.04768180761182861,0.04657992110636067,78.21600036621093,88.9490476335798,14.210000038146973,1652.6199951171875
2013-07-11,77.16000366210938,79.54000091552734,82.72000122070312,90.76000213623048,92.31999969482422,-0.029922016922599215,-0.030378815791051898,77.10400085449218,88.22714306059338,14.010000228881836,1675.02001953125
2013-07-12,76.13999938964844,77.16000366210938,77.41000366210938,86.05000305175781,101.7699966430664,-0.013219339347463333,-0.013307492560592164,76.85,87.0066670009068,13.84000015258789,1680.18994140625
2013-07-15,76.22000122070312,76.13999938964844,75.48999786376953,86.54000091552734,95.08000183105467,0.0010507201431046997,0.0010501685230601841,76.99600067138672,86.10857173374721,13.789999961853027,1682.5
2013-07-16,80.83999633789062,76.22000122070312,75.91999816894531,84.88999938964844,93.87000274658205,0.060613947037468696,0.058847935773472956,77.98000030517578,85.48809523809524,14.420000076293945,1676.260009765625
2013-07-17,77.05999755859375,80.83999633789062,79.54000091552734,83.69999694824219,90.4499969482422,-0.046759017201057795,-0.04788753971858599,77.48399963378907,84.85047621954055,13.779999732971191,1680.9100341796875
2013-07-18,74.68000030517578,77.05999755859375,77.16000366210938,82.72000122070312,89.98999786376953,-0.030884989992483458,-0.03137198475615575,76.98799896240234,84.12142871675037,13.770000457763672,1689.3699951171875
2013-07-19,73.63999938964844,74.68000030517578,76.13999938964844,77.41000366210938,88.58999633789062,-0.01392609683017454,-0.014023974683406304,76.48799896240234,83.40952410016742,12.539999961853027,1692.0899658203125
2013-07-22,72.48999786376953,73.63999938964844,76.22000122070312,75.48999786376953,100.9800033569336,-0.015616533615025574,-0.015739756233088084,75.74199829101562,82.0528571719215,12.289999961853027,1695.530029296875
2013-07-23,75.05000305175781,72.48999786376953,80.83999633789062,75.91999816894531,96.0999984741211,0.03531528850089494,0.03470600689899222,74.58399963378906,81.05047643752326,12.65999984741211,1692.3900146484375
2013-07-24,76.80000305175781,75.05000305175781,77.05999755859375,79.54000091552734,100.93000030517578,0.023317787193068096,0.023050081147589906,74.53200073242188,79.90142894926525,13.180000305175781,1685.93994140625
2013-07-25,76.73999786376953,76.80000305175781,74.68000030517578,77.16000366210938,94.83000183105467,-0.0007813175208839507,-0.0007816229084983279,74.94400024414062,79.04000018891834,12.970000267028809,1690.25
2013-07-26,76.54000091552734,76.73999786376953,73.63999938964844,76.13999938964844,90.76000213623048,-0.002606163067625178,-0.0026095650225777495,75.52400054931641,78.36285727364677,12.720000267028809,1691.6500244140625
2013-07-29,76.6500015258789,76.54000091552734,72.48999786376953,76.22000122070312,86.05000305175781,0.0014371649991611335,0.0014361332659393457,76.35600128173829,77.91523815336681,13.390000343322754,1685.3299560546875
2013-07-30,74.3499984741211,76.6500015258789,75.05000305175781,80.83999633789062,86.54000091552734,-0.030006562374056522,-0.03046597284167241,76.21600036621093,77.33476184663319,13.390000343322754,1685.9599609375
2013-07-31,73.08000183105469,74.3499984741211,76.80000305175781,77.05999755859375,84.88999938964844,-0.017081327089851328,-0.017228895817958036,75.47200012207031,76.77238101050968,13.449999809265137,1685.72998046875
2013-08-01,71.0999984741211,73.08000183105469,76.73999786376953,74.68000030517578,83.69999694824219,-0.027093641315320993,-0.027467441217119002,74.34400024414063,76.17238108317058,12.9399995803833,1706.8699951171875
2013-08-02,70.36000061035156,71.0999984741211,76.54000091552734,73.63999938964844,82.72000122070312,-0.010407846408588495,-0.010462386804116822,73.10800018310547,75.58380962553478,11.979999542236328,1709.6700439453125
2013-08-05,69.73999786376953,70.36000061035156,76.6500015258789,72.48999786376953,77.41000366210938,-0.008811863860200386,-0.008850917927899826,71.72599945068359,75.21857125418526,11.84000015258789,1707.1400146484375
2013-08-06,75.52999877929688,69.73999786376953,74.3499984741211,75.05000305175781,75.48999786376953,0.08302267124867946,0.07975590154737218,71.96199951171874,75.22047605968658,12.720000267028809,1697.3699951171875
2013-08-07,76.56999969482422,75.52999877929688,73.08000183105469,76.80000305175781,75.91999816894531,0.013769375510865434,0.013675438975928064,72.65999908447266,75.25142851329986,12.979999542236328,1690.9100341796875
2013-08-08,75.41000366210938,76.56999969482422,71.0999984741211,76.73999786376953,79.54000091552734,-0.015149484619800146,-0.015265410362249415,73.52200012207031,75.0547619774228,12.729999542236328,1697.47998046875
2013-08-09,77.33000183105469,75.41000366210938,70.36000061035156,76.54000091552734,77.16000366210938,0.025460788697853287,0.02514206152219203,74.91600036621094,75.06285712832496,13.40999984741211,1691.4200439453125
2013-08-12,78.7699966430664,77.33000183105469,69.73999786376953,76.6500015258789,76.13999938964844,0.018621424775829176,0.018450168798931466,76.72200012207031,75.18809509277344,12.8100004196167,1689.469970703125
2013-08-13,78.94000244140625,78.7699966430664,75.52999877929688,74.3499984741211,76.22000122070312,0.0021582557519990164,0.0021559300637390543,77.40400085449218,75.31761896042596,12.3100004196167,1694.1600341796875
2013-08-14,80.22000122070312,78.94000244140625,76.56999969482422,73.08000183105469,80.83999633789062,0.01621483075386232,0.01608477439678294,78.13400115966797,75.28809538341704,13.039999961853027,1685.3900146484375
2013-08-15,86.20999908447266,80.22000122070312,75.41000366210938,71.0999984741211,77.05999755859375,0.07466963067339916,0.07201329404324955,80.29400024414062,75.72380974179222,14.729999542236328,1661.3199462890625
2013-08-16,84.08999633789062,86.20999908447266,77.33000183105469,70.36000061035156,74.68000030517578,-0.02459114684022623,-0.024898559307172705,81.64599914550782,76.17190479096912,14.369999885559082,1655.8299560546875
2013-08-19,86.91000366210938,84.08999633789062,78.7699966430664,69.73999786376953,73.63999938964844,0.03353558624128583,0.03298553229124267,83.27400054931641,76.8038097563244,15.100000381469727,1646.06005859375
2013-08-20,89.08000183105469,86.91000366210938,78.94000244140625,75.52999877929688,72.48999786376953,0.024968335951081944,0.024661720358169402,85.3020004272461,77.59380994524274,14.90999984741211,1652.3499755859375
2013-08-21,90.37999725341795,89.08000183105469,80.22000122070312,76.56999969482422,75.05000305175781,0.014593572021122991,0.014488110649526816,87.33399963378906,78.32380966913132,15.9399995803833,1642.800048828125
2013-08-22,84.5199966430664,90.37999725341795,86.20999908447266,75.41000366210938,76.80000305175781,-0.06483736212029967,-0.06703482056363413,86.99599914550781,78.69142841157459,14.760000228881836,1656.9599609375
2013-08-23,80.0199966430664,84.5199966430664,84.08999633789062,77.33000183105469,76.73999786376953,-0.05324183836641405,-0.05471159155232504,86.18199920654297,78.84761882963635,13.979999542236328,1663.5
2013-08-26,83.05999755859375,80.0199966430664,86.91000366210938,78.7699966430664,76.54000091552734,0.03799051540938492,0.03728664733141611,85.41199798583985,79.15809486025856,14.989999771118164,1656.780029296875
2013-08-27,92.36000061035156,83.05999755859375,89.08000183105469,78.94000244140625,76.6500015258789,0.11196729262118299,0.10613078228536967,86.06799774169922,79.90619005475726,16.770000457763672,1630.47998046875
2013-08-28,91.45999908447266,92.36000061035156,90.37999725341795,80.22000122070312,74.3499984741211,-0.009744494585657626,-0.00979228287492201,86.28399810791015,80.72095198858352,16.489999771118164,1634.9599609375
2013-08-29,91.48999786376952,91.45999908447266,84.5199966430664,86.20999908447266,73.08000183105469,0.00032799890222112715,0.00032794512234070447,87.67799835205076,81.59761846633185,16.809999465942383,1638.1700439453125
2013-08-30,92.5999984741211,91.48999786376952,80.0199966430664,84.08999633789062,71.0999984741211,0.012132480448894478,0.01205947183184914,90.19399871826172,82.62142799014137,17.010000228881836,1632.969970703125
2013-09-03,90.66000366210938,92.5999984741211,83.05999755859375,86.91000366210938,70.36000061035156,-0.020950268293512875,-0.021172839267374892,91.71399993896485,83.58809480212983,16.610000610351562,1639.77001953125
2013-09-04,88.27999877929688,90.66000366210938,92.36000061035156,89.08000183105469,69.73999786376953,-0.026251983087082098,-0.02660271834567857,90.8979995727539,84.47095198858352,15.880000114440918,1653.0799560546875
2013-09-05,85.80000305175781,88.27999877929688,91.45999908447266,90.37999725341795,75.52999877929688,-0.02809238515894341,-0.028494525498717293,89.76600036621093,84.95999981108166,15.770000457763672,1655.0799560546875
2013-09-06,86.51000213623047,85.80000305175781,91.48999786376952,84.5199966430664,76.56999969482422,0.008275047310247308,0.008240996823545087,88.77000122070312,85.43333326067243,15.850000381469727,1655.1700439453125
2013-09-09,83.45999908447266,86.51000213623047,92.5999984741211,80.0199966430664,75.41000366210938,-0.03525607416995391,-0.03589257469198166,86.94200134277344,85.81666637602306,15.630000114440918,1671.7099609375
2013-09-10,79.25,83.45999908447266,90.66000366210938,83.05999755859375,77.33000183105469,-0.05044331572795224,-0.051760051436362274,84.66000061035156,85.90809486025856,14.529999732971191,1683.989990234375
2013-09-11,78.4000015258789,79.25,88.27999877929688,92.36000061035156,78.7699966430664,-0.010725532796480697,-0.010783465938286888,82.68400115966797,85.89047604515439,13.819999694824219,1689.1300048828125
2013-09-12,80.97000122070312,78.4000015258789,85.80000305175781,91.45999908447266,78.94000244140625,0.03278060771434932,0.032254783954912464,81.71800079345704,85.98714265369233,14.289999961853027,1683.4200439453125
2013-09-13,79.7300033569336,80.97000122070312,86.51000213623047,91.48999786376952,80.22000122070312,-0.01531428732957063,-0.015432762155842192,80.36200103759765,85.96380942208427,14.15999984741211,1687.989990234375
2013-09-16,80.08999633789062,79.7300033569336,83.45999908447266,92.5999984741211,86.20999908447266,0.004515150706132731,0.004504987992489775,79.68800048828125,85.67238071986607,14.380000114440918,1697.5999755859375
2013-09-17,79.48999786376953,80.08999633789062,79.25,90.66000366210938,84.08999633789062,-0.0074915532720187805,-0.007519755899846241,79.73600006103516,85.45333317347935,14.529999732971191,1704.760009765625
2013-09-18,74.6500015258789,79.48999786376953,78.4000015258789,88.27999877929688,86.91000366210938,-0.060888117599215974,-0.06282065628517702,78.98600006103516,84.86952354794457,13.59000015258789,1725.52001953125
2013-09-19,73.22000122070312,74.6500015258789,80.97000122070312,85.80000305175781,89.08000183105469,-0.019156065317427307,-0.01934192006183294,77.43600006103516,84.11428542364212,13.15999984741211,1722.3399658203125
2013-09-20,76.88999938964844,73.22000122070312,79.7300033569336,86.51000213623047,90.37999725341795,0.05012289139251758,0.04890719674229859,76.86799926757813,83.47190457298642,13.119999885559082,1709.9100341796875
2013-09-23,77.55999755859375,76.88999938964844,80.08999633789062,83.45999908447266,84.5199966430664,0.008713723166390297,0.008675977790698503,76.36199951171875,83.14047604515439,14.3100004196167,1701.8399658203125
2013-09-24,74.77999877929688,77.55999755859375,79.48999786376953,79.25,80.0199966430664,-0.03584320354312398,-0.03650134567176187,75.41999969482421,82.89095233735584,14.079999923706055,1697.4200439453125
2013-09-25,73.08000183105469,74.77999877929688,74.6500015258789,78.4000015258789,83.05999755859375,-0.022733310724696643,-0.022995696659753886,75.10599975585937,82.41571444556827,14.010000228881836,1692.77001953125
2013-09-26,69.95999908447266,73.08000183105469,73.22000122070312,80.97000122070312,92.36000061035156,-0.04269297575819453,-0.043631119501327274,74.45399932861328,81.3490477062407,14.0600004196167,1698.6700439453125
2013-09-27,74.93000030517578,69.95999908447266,76.88999938964844,79.7300033569336,91.45999908447266,0.07104061300375575,0.06863071138506989,74.06199951171875,80.56190490722656,15.460000038146973,1691.75
2013-09-30,81.66999816894531,74.93000030517578,77.55999755859375,80.08999633789062,91.48999786376952,0.08995059170317354,0.08613236650099036,74.88399963378906,80.0942858741397,16.600000381469727,1681.550048828125
2013-10-01,76.43000030517578,81.66999816894531,74.77999877929688,79.48999786376953,92.5999984741211,-0.06416062178585946,-0.06631142170234919,75.21399993896485,79.32428596133278,15.539999961853027,1695.0
2013-10-02,85.7300033569336,76.43000030517578,73.08000183105469,74.6500015258789,90.66000366210938,0.12168000804165935,0.11482756860003808,77.74400024414062,79.08952404203869,16.600000381469727,1693.8699951171875
2013-10-03,93.79000091552734,85.7300033569336,69.95999908447266,73.22000122070312,88.27999877929688,0.09401606488963088,0.08985538843459683,82.51000061035157,79.3519050961449,17.670000076293945,1678.6600341796875
2013-10-04,88.70999908447266,93.79000091552734,74.93000030517578,76.88999938964844,85.80000305175781,-0.05416357587660148,-0.05568563807026423,85.26600036621093,79.490476335798,16.739999771118164,1690.5
2013-10-07,103.08000183105467,88.70999908447266,81.66999816894531,77.55999755859375,86.51000213623047,0.16198853449314554,0.1501327913355541,89.54800109863281,80.27952394031342,19.40999984741211,1676.1199951171875
2013-10-08,106.5500030517578,103.08000183105467,76.43000030517578,74.77999877929688,83.45999908447266,0.03366318547791991,0.033108983638584576,95.57200164794922,81.37904793875558,20.34000015258789,1655.449951171875
2013-10-09,111.43000030517578,106.5500030517578,85.7300033569336,73.08000183105469,79.25,0.04580006676346571,0.044782206611502645,100.71200103759766,82.91142890566871,19.600000381469727,1656.4000244140625
2013-10-10,95.30999755859376,111.43000030517578,93.79000091552734,69.95999908447266,78.4000015258789,-0.14466483624189008,-0.15626188246357614,101.01600036621093,83.71666681198846,16.479999542236328,1692.56005859375
2013-10-11,90.8499984741211,95.30999755859376,88.70999908447266,74.93000030517578,80.97000122070312,-0.0467946616170124,-0.0479249332875134,101.44400024414062,84.18714287167504,15.720000267028809,1703.199951171875
2013-10-14,91.8000030517578,90.8499984741211,103.08000183105467,81.66999816894531,79.7300033569336,0.010456847480380782,0.010402552823398348,99.18800048828125,84.76190476190476,16.06999969482422,1710.1400146484375
2013-10-15,103.37000274658205,91.8000030517578,106.5500030517578,76.43000030517578,80.08999633789062,0.1260348508735991,0.11870248028079776,98.5520004272461,85.87047649565197,18.65999984741211,1698.06005859375
2013-10-16,85.69999694824219,103.37000274658205,111.43000030517578,85.7300033569336,79.48999786376953,-0.17093939565483973,-0.18746202115683372,93.40599975585937,86.16619073776971,14.710000038146973,1721.5400390625
2013-10-17,72.69999694824219,85.69999694824219,95.30999755859376,93.79000091552734,74.6500015258789,-0.15169195405982616,-0.16451144743189597,88.88399963378906,86.07333337692987,13.479999542236328,1733.1500244140625
2013-10-18,73.41999816894531,72.69999694824219,90.8499984741211,88.70999908447266,73.22000122070312,0.009903731099407231,0.009855010567172808,85.3979995727539,86.08285704113189,13.039999961853027,1744.5
2013-10-21,75.0199966430664,73.41999816894531,91.8000030517578,103.08000183105467,76.88999938964844,0.021792406892184424,0.02155834677732398,82.04199829101563,85.99380929129464,13.15999984741211,1744.6600341796875
2013-10-22,74.12999725341797,75.0199966430664,103.37000274658205,106.5500030517578,77.55999755859375,-0.011863495460855855,-0.0119344282888146,76.19399719238281,85.83047594342914,13.329999923706055,1754.6700439453125
2013-10-23,72.43000030517578,74.12999725341797,85.69999694824219,111.43000030517578,74.77999877929688,-0.02293264550423013,-0.02319968919711981,73.53999786376953,85.71857125418526,13.420000076293945,1746.3800048828125
2013-10-24,70.83999633789062,72.43000030517578,72.69999694824219,95.30999755859376,73.08000183105469,-0.0219522844206248,-0.022196821201494684,73.16799774169922,85.61190432593936,13.199999809265137,1752.0699462890625
2013-10-25,70.02999877929688,70.83999633789062,73.41999816894531,90.8499984741211,69.95999908447266,-0.011434184083384813,-0.011500056982848603,72.48999786376953,85.61523764474052,13.09000015258789,1759.77001953125
2013-10-28,70.16000366210938,70.02999877929688,75.0199966430664,91.8000030517578,74.93000030517578,0.0018564170366790478,0.0018546960241874386,71.51799926757812,85.38809494745163,13.3100004196167,1762.1099853515625
2013-10-29,68.5199966430664,70.16000366210938,74.12999725341797,103.37000274658205,81.66999816894531,-0.02337524135462199,-0.023652775796575716,70.39599914550782,84.76190439860027,13.40999984741211,1771.949951171875
2013-10-30,69.55999755859375,68.5199966430664,72.43000030517578,85.69999694824219,76.43000030517578,0.015178064309385508,0.015064029924342082,69.8219985961914,84.43476141066779,13.649999618530273,1763.31005859375
2013-10-31,69.44000244140625,69.55999755859375,70.83999633789062,72.69999694824219,85.7300033569336,-0.0017250592495553496,-0.0017265488776402231,69.54199981689453,83.65904708135696,13.75,1756.5400390625
2013-11-01,68.94000244140625,69.44000244140625,70.02999877929688,73.41999816894531,93.79000091552734,-0.007200460576335721,-0.007226509008381979,69.32400054931641,82.47571382068452,13.279999732971191,1761.6400146484375
2013-11-04,67.08999633789062,68.94000244140625,70.16000366210938,75.0199966430664,88.70999908447266,-0.026835016507114173,-0.02720164951244287,68.70999908447266,81.4461898803711,12.930000305175781,1767.9300537109375
2013-11-05,67.41000366210938,67.08999633789062,68.5199966430664,74.12999725341797,103.08000183105467,0.004769821757137471,0.004758482201483213,68.48800048828124,79.74761853899274,13.270000457763672,1762.969970703125
2013-11-06,67.41000366210938,67.41000366210938,69.55999755859375,72.43000030517578,106.5500030517578,0.0,0.0,68.05800170898438,77.88380904424758,12.670000076293945,1770.489990234375
2013-11-07,71.73999786376953,67.41000366210938,69.44000244140625,70.83999633789062,111.43000030517578,0.06423370370018255,0.062255013135486155,68.51800079345703,75.99380892799014,13.90999984741211,1747.1500244140625
2013-11-08,69.38999938964844,71.73999786376953,68.94000244140625,70.02999877929688,95.30999755859376,-0.03275715840671778,-0.033305686211240026,68.60800018310547,74.75952330089751,12.899999618530273,1770.6099853515625
2013-11-11,69.38999938964844,69.38999938964844,67.08999633789062,70.16000366210938,90.8499984741211,0.0,0.0,69.06800079345703,73.73761858258929,12.529999732971191,1771.8900146484375
2013-11-12,69.38999938964844,69.38999938964844,67.41000366210938,68.5199966430664,91.8000030517578,0.0,0.0,69.46399993896485,72.67047555106026,12.819999694824219,1767.68994140625
2013-11-13,71.37000274658203,69.38999938964844,67.41000366210938,69.55999755859375,103.37000274658205,0.028534419575581893,0.028134895351181487,70.25599975585938,71.14666602725075,12.520000457763672,1782.0
2013-11-14,71.91000366210938,71.37000274658203,71.73999786376953,69.44000244140625,85.69999694824219,0.007566216824241412,0.0075377365740091325,70.29000091552734,70.48999968029204,12.369999885559082,1790.6199951171875
2013-11-15,73.58000183105469,71.91000366210938,69.38999938964844,68.94000244140625,72.69999694824219,0.023223447140849895,0.02295788652116135,71.1280014038086,70.53190467471168,12.1899995803833,1798.1800537109375
2013-11-18,75.05999755859375,73.58000183105469,69.38999938964844,67.08999633789062,73.41999816894531,0.020114102890854024,0.019914486618961037,72.26200103759766,70.60999988374256,13.100000381469727,1791.530029296875
2013-11-19,74.44999694824219,75.05999755859375,69.38999938964844,67.41000366210938,75.0199966430664,-0.008126840263688817,-0.008160043041497282,73.27400054931641,70.58285704113189,13.390000343322754,1787.8699951171875
2013-11-20,69.05000305175781,74.44999694824219,71.37000274658203,67.41000366210938,74.12999725341797,-0.07253182159615756,-0.07529679408766662,72.81000061035157,70.34095255533855,13.399999618530273,1781.3699951171875
2013-11-21,64.94999694824219,69.05000305175781,71.91000366210938,71.73999786376953,72.43000030517578,-0.05937734862143862,-0.061213227921303924,71.41799926757812,69.98476191929409,12.65999984741211,1795.8499755859375
2013-11-22,63.77000045776367,64.94999694824219,73.58000183105469,69.38999938964844,70.83999633789062,-0.01816776822051025,-0.018334828624809098,69.45599899291992,69.64809544881184,12.260000228881836,1804.760009765625
2013-11-25,64.87999725341797,63.77000045776367,75.05999755859375,69.38999938964844,70.02999877929688,0.017406253531226934,0.017256499968359807,67.41999893188476,69.40285728091285,12.789999961853027,1802.47998046875
2013-11-26,65.13999938964844,64.87999725341797,74.44999694824219,69.38999938964844,70.16000366210938,0.0040074313692541885,0.003999423004349913,65.55799942016601,69.16380945841472,12.8100004196167,1802.75
2013-11-27,64.80999755859375,65.13999938964844,69.05000305175781,71.37000274658203,68.5199966430664,-0.005066039824174862,-0.005078915708829673,64.7099983215332,68.98714283534459,12.979999542236328,1807.22998046875
2013-11-29,64.80999755859375,64.80999755859375,64.94999694824219,71.91000366210938,69.55999755859375,0.0,0.0,64.68199844360352,68.76095235915412,13.699999809265137,1805.81005859375
2013-12-02,69.58999633789062,64.80999755859375,63.77000045776367,73.58000183105469,69.44000244140625,0.07375403424410476,0.07116095146326744,65.8459976196289,68.76809492565337,14.229999542236328,1800.9000244140625
2013-12-03,73.20999908447266,69.58999633789062,64.87999725341797,75.05999755859375,68.94000244140625,0.052019010448072,0.050711184920373034,67.51199798583984,68.97142809913272,14.550000190734863,1795.1500244140625
2013-12-04,72.7300033569336,73.20999908447266,65.13999938964844,74.44999694824219,67.08999633789062,-0.006556423078017293,-0.006578010830501143,69.02999877929688,69.23999986194428,14.699999809265137,1792.81005859375
2013-12-05,75.80000305175781,72.7300033569336,64.80999755859375,69.05000305175781,67.41000366210938,0.042210910946308244,0.041344332586428056,71.22799987792969,69.63952364240374,15.079999923706055,1785.030029296875
2013-12-06,70.44999694824219,75.80000305175781,64.80999755859375,64.94999694824219,67.41000366210938,-0.07058055261373186,-0.07319513788236097,72.35599975585937,69.78428522745769,13.789999961853027,1805.0899658203125
2013-12-09,70.44999694824219,70.44999694824219,69.58999633789062,63.77000045776367,71.73999786376953,0.0,0.0,72.52799987792969,69.72285661243257,13.489999771118164,1808.3699951171875
2013-12-10,70.44999694824219,70.44999694824219,73.20999908447266,64.87999725341797,69.38999938964844,0.0,0.0,71.97599945068359,69.77333268665132,13.90999984741211,1802.6199951171875
2013-12-11,80.55000305175781,70.44999694824219,72.7300033569336,65.13999938964844,69.38999938964844,0.1433641808520707,0.13397495248286417,73.53999938964844,70.30476143246605,15.420000076293945,1782.219970703125
2013-12-12,83.37999725341797,80.55000305175781,75.80000305175781,64.80999755859375,69.38999938964844,0.03513338416438949,0.034530292002626965,75.05599822998047,70.97095180693127,15.539999961853027,1775.5
2013-12-13,85.38999938964844,83.37999725341797,70.44999694824219,64.80999755859375,71.37000274658203,0.024106526774298587,0.02382055125959129,78.04399871826172,71.63857069469634,15.760000228881836,1775.3199462890625
2013-12-16,83.19999694824219,85.38999938964844,70.44999694824219,69.58999633789062,71.91000366210938,-0.02564706004286188,-0.025981679624323174,80.59399871826172,72.17618942260742,16.030000686645508,1786.5400390625
2013-12-17,82.2300033569336,83.19999694824219,70.44999694824219,73.20999908447266,73.58000183105469,-0.01165857724624697,-0.011727071340868521,82.95,72.58809425717308,16.209999084472656,1781.0
2013-12-18,67.16999816894531,82.2300033569336,80.55000305175781,72.7300033569336,75.05999755859375,-0.18314489326502537,-0.20229354778774677,80.2739990234375,72.21238000052315,13.800000190734863,1810.6500244140625
2013-12-19,67.02999877929688,67.16999816894531,83.37999725341797,75.80000305175781,74.44999694824219,-0.002084254778395467,-0.002086429860194706,77.00399932861328,71.8590467543829,14.149999618530273,1809.5999755859375
2013-12-20,68.0,67.02999877929688,85.38999938964844,70.44999694824219,69.05000305175781,0.014471150803641697,0.014367443017535847,73.5259994506836,71.8090466090611,13.789999961853027,1818.3199462890625
2013-12-23,63.4900016784668,68.0,83.19999694824219,70.44999694824219,64.94999694824219,-0.0663235047284294,-0.06862526555703721,69.58400039672851,71.73952302478608,13.039999961853027,1827.989990234375
2013-12-24,63.4900016784668,63.4900016784668,82.2300033569336,70.44999694824219,63.77000045776367,0.0,0.0,65.83600006103515,71.72618974958148,12.479999542236328,1833.3199462890625
2013-12-26,62.709999084472656,63.4900016784668,67.16999816894531,80.55000305175781,64.87999725341797,-0.012285439807425358,-0.012361529663523625,64.94400024414062,71.62285650344123,12.329999923706055,1842.02001953125
2013-12-27,66.66999816894531,62.709999084472656,67.02999877929688,83.37999725341797,65.13999938964844,0.0631478096362017,0.061234139209975495,64.87200012207032,71.69571358816964,12.460000038146973,1841.4000244140625
2013-12-30,69.70999908447266,66.66999816894531,68.0,85.38999938964844,64.80999755859375,0.045597735098534375,0.0445887171994143,65.21399993896485,71.92904699416388,13.5600004196167,1841.0699462890625
2013-12-31,70.83000183105469,69.70999908447266,63.4900016784668,83.19999694824219,64.80999755859375,0.016066601080066523,0.015938899251995646,66.68199996948242,72.21571386428107,13.720000267028809,1848.3599853515625
2014-01-02,73.13999938964844,70.83000183105469,63.4900016784668,82.2300033569336,69.58999633789062,0.03261326413775345,0.03209273875932757,68.61199951171875,72.38476162865048,14.229999542236328,1831.97998046875
2014-01-03,70.02999877929688,73.13999938964844,62.709999084472656,67.16999816894531,73.20999908447266,-0.04252120093388634,-0.04345170013997829,70.0759994506836,72.23333304268974,13.760000228881836,1831.3699951171875
2014-01-06,68.33000183105469,70.02999877929688,66.66999816894531,67.02999877929688,72.7300033569336,-0.024275267426461244,-0.024574768646364608,70.40800018310547,72.02380916050502,13.550000190734863,1826.77001953125
2014-01-07,68.33000183105469,68.33000183105469,69.70999908447266,68.0,75.80000305175781,0.0,0.0,70.13200073242187,71.66809481666202,12.920000076293945,1837.8800048828125
2014-01-08,68.33000183105469,68.33000183105469,70.83000183105469,63.4900016784668,70.44999694824219,0.0,0.0,69.63200073242187,71.56714266822452,12.869999885559082,1837.489990234375
2014-01-09,68.33000183105469,68.33000183105469,73.13999938964844,63.4900016784668,70.44999694824219,0.0,0.0,68.67000122070313,71.46619051978702,12.890000343322754,1838.1300048828125
2014-01-10,67.73999786376953,68.33000183105469,70.02999877929688,62.709999084472656,70.44999694824219,-0.00863462536915971,-0.008672119736022567,68.21200103759766,71.33714294433594,12.140000343322754,1842.3699951171875
2014-01-13,75.70999908447266,67.73999786376953,68.33000183105469,66.66999816894531,80.55000305175781,0.11765576427580382,0.11123342416876669,69.68800048828125,71.1066665649414,13.279999732971191,1819.199951171875
2014-01-14,69.30999755859375,75.70999908447266,68.33000183105469,69.70999908447266,83.37999725341797,-0.0845331079549766,-0.08832107931721195,69.88399963378906,70.43666657947358,12.279999732971191,1838.8800048828125
2014-01-15,69.55999755859375,69.30999755859375,68.33000183105469,70.83000183105469,85.38999938964844,0.0036069832463729856,0.0036004936827863055,70.12999877929687,69.68285696847099,12.279999732971191,1848.3800048828125
2014-01-16,73.9800033569336,69.55999755859375,68.33000183105469,73.13999938964844,83.19999694824219,0.06354235125751195,0.061605177392303666,71.25999908447265,69.24380965459915,12.529999732971191,1845.8900146484375
2014-01-17,75.72000122070312,73.9800033569336,67.73999786376953,70.02999877929688,82.2300033569336,0.023519840292173466,0.02324751068186119,72.85599975585937,68.93380955287388,12.4399995803833,1838.699951171875
2014-01-21,77.77999877929688,75.72000122070312,75.70999908447266,68.33000183105469,67.16999816894531,0.027205461243845264,0.02684197057089574,73.26999969482422,69.43904767717633,12.869999885559082,1843.800048828125
2014-01-22,74.45999908447266,77.77999877929688,69.30999755859375,68.33000183105469,67.02999877929688,-0.04268449147504905,-0.04362225688428361,74.3,69.79285721551804,12.84000015258789,1844.8599853515625
2014-01-23,78.25,74.45999908447266,69.55999755859375,68.33000183105469,68.0,0.050899824900987545,0.0496467732712512,76.03800048828126,70.28095245361328,13.770000457763672,1828.4599609375
2014-01-24,97.70999908447266,78.25,73.9800033569336,68.33000183105469,63.4900016784668,0.2486900841466153,0.22209506916614624,80.78399963378907,71.91047613961356,18.139999389648438,1790.2900390625
2014-01-27,93.5,97.70999908447266,75.72000122070312,67.73999786376953,63.4900016784668,-0.0430866761223998,-0.0440424622917676,84.33999938964844,73.3395236787342,17.420000076293945,1781.56005859375
2014-01-28,83.95999908447266,93.5,77.77999877929688,75.70999908447266,62.709999084472656,-0.10203209535323365,-0.10762095224653676,85.5759994506836,74.35142844063895,15.800000190734863,1792.5
2014-01-29,92.47000122070312,83.95999908447266,74.45999908447266,69.30999755859375,66.66999816894531,0.10135781597220483,0.09654379674251451,89.1779998779297,75.58000001453217,17.350000381469727,1774.199951171875
2014-01-30,92.3499984741211,92.47000122070312,78.25,69.55999755859375,69.70999908447266,-0.0012977478641490459,-0.001298590668152138,91.99799957275391,76.65809522356305,17.290000915527344,1794.18994140625
2014-01-31,99.66000366210938,92.3499984741211,97.70999908447266,73.9800033569336,70.83000183105469,0.07915544459956592,0.0761787394768212,92.38800048828125,78.03095245361328,18.40999984741211,1782.5899658203125
2014-02-03,106.77999877929688,99.66000366210938,93.5,75.72000122070312,73.13999938964844,0.0714428542600436,0.06900620204080658,95.04400024414062,79.63285718645368,21.440000534057617,1741.8900146484375
2014-02-04,100.4000015258789,106.77999877929688,83.95999908447266,77.77999877929688,70.02999877929688,-0.05974899163095848,-0.061608409184468936,98.33200073242188,81.07904779343377,19.110000610351562,1755.199951171875
2014-02-05,102.87000274658205,100.4000015258789,92.47000122070312,74.45999908447266,68.33000183105469,0.02460160541000067,0.02430385938685608,100.41200103759766,82.72380974179222,19.950000762939453,1751.6400146484375
2014-02-06,92.58000183105467,102.87000274658205,92.3499984741211,78.25,68.33000183105469,-0.10002916925040395,-0.10539292646127732,100.45800170898437,83.87857164655414,17.229999542236328,1773.4300537109375
2014-02-07,83.16999816894531,92.58000183105467,99.66000366210938,97.70999908447266,68.33000183105469,-0.10164186083384696,-0.10718647151641585,97.16000061035156,84.58523813883464,15.289999961853027,1797.02001953125
2014-02-10,79.88999938964844,83.16999816894531,106.77999877929688,93.5,68.33000183105469,-0.03943728329335938,-0.04023600301073756,91.78200073242188,85.13571421305339,15.260000228881836,1799.8399658203125
2014-02-11,78.63999938964844,79.88999938964844,100.4000015258789,83.95999908447266,67.73999786376953,-0.01564651407622819,-0.015770212776477263,87.43000030517578,85.6547619047619,14.510000228881836,1819.75
2014-02-12,79.55999755859375,78.63999938964844,102.87000274658205,92.47000122070312,75.70999908447266,0.011698857783389194,0.011630955221844064,82.76799926757812,85.83809516543434,14.300000190734863,1819.260009765625
2014-02-13,78.41000366210938,79.55999755859375,92.58000183105467,92.3499984741211,69.30999755859375,-0.014454423476288225,-0.014559906351966839,79.93399963378906,86.27142878941127,14.140000343322754,1829.8299560546875
2014-02-14,77.48999786376953,78.41000366210938,83.16999816894531,99.66000366210938,69.55999755859375,-0.011733270697249387,-0.01180264873941386,78.79799957275391,86.6490478515625,13.569999694824219,1838.6300048828125
2014-02-18,75.81999969482422,77.48999786376953,79.88999938964844,106.77999877929688,73.9800033569336,-0.021551144857188342,-0.02178676214485212,77.98399963378907,86.73666672479538,13.869999885559082,1840.760009765625
2014-02-19,86.2300033569336,75.81999969482422,78.63999938964844,100.4000015258789,75.72000122070312,0.1372989145873078,0.12865607783104369,79.50200042724609,87.23714301699684,15.5,1828.75
2014-02-20,79.83000183105469,86.2300033569336,79.55999755859375,102.87000274658205,77.77999877929688,-0.07422012381684884,-0.07711878729959692,79.55600128173828,87.33476220993768,14.789999961853027,1839.780029296875
2014-02-21,78.95999908447266,79.83000183105469,78.41000366210938,92.58000183105467,74.45999908447266,-0.010898192742413215,-0.010958013064230273,79.66600036621094,87.5490479242234,14.680000305175781,1836.25
2014-02-24,77.83999633789062,78.95999908447266,77.48999786376953,83.16999816894531,78.25,-0.014184432112060108,-0.01428599269927913,79.73600006103516,87.52952394031342,14.229999542236328,1847.6099853515625
2014-02-25,76.45999908447266,77.83999633789062,75.81999969482422,79.88999938964844,97.70999908447266,-0.01772863975259742,-0.017887674536794296,79.86399993896484,86.51761917840867,13.670000076293945,1845.1199951171875
2014-02-26,79.41999816894531,76.45999908447266,86.2300033569336,78.63999938964844,93.5,0.03871304106611961,0.037982486353442306,78.50199890136719,85.8471429007394,14.350000381469727,1845.1600341796875
2014-02-27,78.94000244140625,79.41999816894531,79.83000183105469,79.55999755859375,83.95999908447266,-0.006043764021726572,-0.006062101485704065,78.3239990234375,85.60809544154576,14.039999961853027,1854.2900390625
2014-02-28,81.44999694824219,78.94000244140625,78.95999908447266,78.41000366210938,92.47000122070312,0.03179623041814561,0.031301196418119494,78.8219985961914,85.08333333333333,14.0,1859.449951171875
2014-03-03,92.83999633789062,81.44999694824219,77.83999633789062,77.48999786376953,92.3499984741211,0.13984039062501474,0.13088824438066654,81.8219985961914,85.1066665649414,16.0,1845.72998046875
2014-03-04,82.13999938964844,92.83999633789062,76.45999908447266,75.81999969482422,99.66000366210938,-0.11525201820667474,-0.12245244086306513,82.95799865722657,84.27238064720517,14.100000381469727,1873.9100341796875
2014-03-05,80.5199966430664,82.13999938964844,79.41999816894531,86.2300033569336,106.77999877929688,-0.01972245871219458,-0.019919542016877796,83.17799835205078,83.02190435500373,13.890000343322754,1873.81005859375
2014-03-06,79.55000305175781,80.5199966430664,78.94000244140625,79.83000183105469,100.4000015258789,-0.012046617383858482,-0.012119765934350988,83.2999984741211,82.02904728480748,14.210000038146973,1877.030029296875
2014-03-07,83.06999969482422,79.55000305175781,81.44999694824219,78.95999908447266,102.87000274658205,0.044248856166305695,0.043297829030703554,83.6239990234375,81.08618999662853,14.109999656677246,1878.0400390625
2014-03-10,82.3499984741211,83.06999969482422,92.83999633789062,77.83999633789062,92.58000183105467,-0.008667403675793994,-0.00870518408280402,81.5259994506836,80.5990469796317,14.199999809265137,1877.1700439453125
2014-03-11,85.12000274658203,82.3499984741211,82.13999938964844,76.45999908447266,83.16999816894531,0.033636968109130194,0.03308361976605195,82.12200012207032,80.69190434047154,14.800000190734863,1867.6300048828125
2014-03-12,83.44999694824219,85.12000274658203,80.5199966430664,79.41999816894531,79.88999938964844,-0.019619428388786164,-0.01981444432256238,82.70800018310547,80.86142803373791,14.470000267028809,1868.199951171875
2014-03-13,92.13999938964844,83.44999694824219,79.55000305175781,78.94000244140625,78.63999938964844,0.10413424516715097,0.09906153934564756,85.22599945068359,81.50428517659505,16.219999313354492,1846.3399658203125
2014-03-14,97.11000061035156,92.13999938964844,83.06999969482422,81.44999694824219,79.55999755859375,0.05393967064928673,0.05253521000782417,88.03399963378907,82.33999960763114,17.81999969482422,1841.1300048828125
2014-03-17,87.79000091552734,97.11000061035156,82.3499984741211,92.83999633789062,78.41000366210938,-0.09597363439652518,-0.10089675352469571,89.12200012207032,82.78666614350819,15.640000343322754,1858.8299560546875
2014-03-18,81.88999938964844,87.79000091552734,85.12000274658203,82.13999938964844,77.48999786376953,-0.067205848779475,-0.06957073353793676,88.47599945068359,82.9961900256929,14.520000457763672,1872.25
2014-03-19,81.3499984741211,81.88999938964844,83.44999694824219,80.5199966430664,75.81999969482422,-0.0065942229765800775,-0.006616060920702782,88.05599975585938,83.25952330089751,15.119999885559082,1860.77001953125
2014-03-20,77.02999877929688,81.3499984741211,92.13999938964844,79.55000305175781,86.2300033569336,-0.05310386940201961,-0.054565874390322906,85.03399963378907,82.82142784481957,14.520000457763672,1872.010009765625
2014-03-21,78.63999938964844,77.02999877929688,97.11000061035156,83.06999969482422,79.83000183105469,0.0209009559374973,0.02068552755981255,81.33999938964844,82.76476106189546,15.0,1866.52001953125
2014-03-24,77.29000091552734,78.63999938964844,87.79000091552734,82.3499984741211,78.95999908447266,-0.01716681694556066,-0.017315875113441164,79.23999938964843,82.68523733956474,15.09000015258789,1857.43994140625
2014-03-25,74.7699966430664,77.29000091552734,81.88999938964844,85.12000274658203,77.83999633789062,-0.03260453153849907,-0.03314790284910757,77.81599884033203,82.53904687790643,14.020000457763672,1865.6199951171875
2014-03-26,76.2699966430664,74.7699966430664,81.3499984741211,83.44999694824219,76.45999908447266,0.02006152290150065,0.01986294204730722,76.7999984741211,82.52999914260138,14.930000305175781,1852.56005859375
2014-03-27,74.70999908447266,76.2699966430664,77.02999877929688,92.13999938964844,79.41999816894531,-0.02045362039144083,-0.02066569242903739,76.33599853515625,82.3057134719122,14.619999885559082,1849.0400390625
2014-03-28,74.86000061035156,74.70999908447266,78.63999938964844,97.11000061035156,78.94000244140625,0.0020077838002554582,0.002005770896228254,75.57999877929687,82.11142767043341,14.40999984741211,1857.6199951171875
2014-03-31,72.19999694824219,74.86000061035156,77.29000091552734,87.79000091552734,81.44999694824219,-0.03553304355358977,-0.03617970699885724,74.56199798583984,81.67095147995721,13.880000114440918,1872.3399658203125
2014-04-01,67.51000213623047,72.19999694824219,74.7699966430664,81.88999938964844,92.83999633789062,-0.0649583796433374,-0.06716423693371636,73.10999908447266,80.46476127987816,13.100000381469727,1885.52001953125
2014-04-02,67.33000183105469,67.51000213623047,76.2699966430664,81.3499984741211,82.13999938964844,-0.002666276099540843,-0.0026698369445326098,71.3220001220703,79.75952330089751,13.09000015258789,1890.9000244140625
2014-04-03,67.7300033569336,67.33000183105469,74.70999908447266,77.02999877929688,80.5199966430664,0.005940910663905674,0.005923333037860658,69.9260009765625,79.15047600155785,13.369999885559082,1888.77001953125
2014-04-04,69.52999877929688,67.7300033569336,74.86000061035156,78.63999938964844,79.55000305175781,0.026576042125339816,0.026229033764153135,68.86000061035156,78.67333294096447,13.960000038146973,1865.0899658203125
2014-04-07,74.51000213623047,69.52999877929688,72.19999694824219,77.29000091552734,83.06999969482422,0.07162380906608656,0.0691750766815909,69.32200164794922,78.26571400960286,15.569999694824219,1845.0400390625
2014-04-08,71.43000030517578,74.51000213623047,67.51000213623047,74.7699966430664,82.3499984741211,-0.04133675671386183,-0.0422154197967652,70.10600128173829,77.74571409679595,14.890000343322754,1851.9599609375
2014-04-09,69.19000244140625,71.43000030517578,67.33000183105469,76.2699966430664,85.12000274658203,-0.031359342771936416,-0.03186157464300129,70.47800140380859,76.98714265369233,13.819999694824219,1872.1800537109375
2014-04-10,78.55999755859375,69.19000244140625,67.7300033569336,74.70999908447266,83.44999694824219,0.13542411889813866,0.12700625417299127,72.64400024414063,76.75428553989956,15.890000343322754,1833.0799560546875
2014-04-11,83.94000244140625,78.55999755859375,69.52999877929688,74.86000061035156,92.13999938964844,0.0684827526732017,0.06623965402133317,75.5260009765625,76.36380949474517,17.030000686645508,1815.68994140625
2014-04-14,82.19999694824219,83.94000244140625,74.51000213623047,72.19999694824219,97.11000061035156,-0.020729157047364444,-0.020947022054453538,77.06399993896484,75.653809320359,16.110000610351562,1830.6099853515625
2014-04-15,80.66999816894531,82.19999694824219,71.43000030517578,67.51000213623047,87.79000091552734,-0.01861312452675945,-0.018788528685330517,78.91199951171875,75.31476157052177,15.609999656677246,1842.97998046875
2014-04-16,72.08000183105469,80.66999816894531,69.19000244140625,67.33000183105469,81.88999938964844,-0.10648316019421245,-0.11259009754762407,79.48999938964843,74.84761882963635,14.180000305175781,1862.31005859375
2014-04-17,70.08000183105469,72.08000183105469,78.55999755859375,67.7300033569336,81.3499984741211,-0.027746947130879884,-0.028139165946972473,77.79400024414062,74.31095232282367,13.359999656677246,1864.8499755859375
2014-04-21,68.62000274658203,70.08000183105469,83.94000244140625,69.52999877929688,77.02999877929688,-0.02083331972496727,-0.021053395299926673,74.73000030517578,73.9104763212658,13.25,1871.8900146484375
2014-04-22,66.73999786376953,68.62000274658203,82.19999694824219,74.51000213623047,78.63999938964844,-0.027397330334647085,-0.02777963614129291,71.63800048828125,73.34380958193825,13.1899995803833,1879.550048828125
2014-04-23,66.22000122070312,66.73999786376953,80.66999816894531,71.43000030517578,77.29000091552734,-0.007791379378342622,-0.007821890761824365,68.74800109863281,72.81666673932757,13.270000457763672,1875.3900146484375
2014-04-24,68.75,66.22000122070312,72.08000183105469,69.19000244140625,74.7699966430664,0.03820596092809936,0.037494185993525594,68.08200073242188,72.53000023251488,13.319999694824219,1878.6099853515625
2014-04-25,70.48999786376953,68.75,70.08000183105469,78.55999755859375,76.2699966430664,0.025309059836647663,0.02499408893366299,68.16399993896485,72.2547621954055,14.0600004196167,1863.4000244140625
2014-04-28,67.62999725341797,70.48999786376953,68.62000274658203,83.94000244140625,74.70999908447266,-0.040573140828843,-0.041419194505384664,67.96599884033203,71.91761925106957,13.970000267028809,1869.4300537109375
2014-04-29,65.47000122070312,67.62999725341797,66.73999786376953,82.19999694824219,74.86000061035156,-0.03193843147177833,-0.03245958987673056,67.71199951171874,71.47047642299107,13.710000038146973,1878.3299560546875
2014-04-30,64.48999786376953,65.47000122070312,66.22000122070312,80.66999816894531,72.19999694824219,-0.014968738943962223,-0.01508190120093097,67.36599884033203,71.10333360944476,13.40999984741211,1883.949951171875
2014-05-01,64.5,64.48999786376953,68.75,72.08000183105469,67.51000213623047,0.00015509593055962334,0.00015508390442923846,66.51599884033203,70.96000017438617,13.25,1883.6800537109375
2014-05-02,64.54000091552734,64.5,70.48999786376953,70.08000183105469,67.33000183105469,0.0006201692329821373,0.0006199770075141432,65.3259994506836,70.82714298793248,12.90999984741211,1881.1400146484375
2014-05-05,64.4000015258789,64.54000091552734,67.62999725341797,68.62000274658203,67.7300033569336,-0.002169187909242143,-0.0021715440051614182,64.68000030517578,70.66857147216797,13.289999961853027,1884.6600341796875
2014-05-06,64.93000030517578,64.4000015258789,65.47000122070312,66.73999786376953,69.52999877929688,0.008229794514583944,0.008196114416389537,64.5720001220703,70.44952392578125,13.800000190734863,1867.719970703125
2014-05-07,62.63999938964844,64.93000030517578,64.48999786376953,66.22000122070312,74.51000213623047,-0.035268764897030236,-0.035905729281720325,64.20200042724609,69.88428569975353,13.399999618530273,1878.2099609375
2014-05-08,62.15999984741211,62.63999938964844,64.5,68.75,71.43000030517578,-0.0076628280158580475,-0.007692338334116885,63.73400039672852,69.44285710652669,13.430000305175781,1875.6300048828125
2014-05-09,61.7599983215332,62.15999984741211,64.54000091552734,70.48999786376953,69.19000244140625,-0.006435030998404367,-0.006455825065358873,63.177999877929686,69.08904738653274,12.920000076293945,1878.47998046875
2014-05-12,61.7599983215332,61.7599983215332,64.4000015258789,67.62999725341797,78.55999755859375,0.0,0.0,62.64999923706055,68.28904742286319,12.229999542236328,1896.6500244140625
2014-05-13,61.7599983215332,61.7599983215332,64.93000030517578,65.47000122070312,83.94000244140625,0.0,0.0,62.01599884033203,67.23285675048828,12.130000114440918,1897.449951171875
2014-05-14,69.02999877929688,61.7599983215332,62.63999938964844,64.48999786376953,82.19999694824219,0.11771374118106026,0.11128529649245,63.29399871826172,66.60571398053851,12.170000076293945,1888.530029296875
2014-05-15,71.5999984741211,69.02999877929688,62.15999984741211,64.5,80.66999816894531,0.037230186010013266,0.036553877623718735,65.18199844360352,66.17380923316593,13.170000076293945,1870.8499755859375
2014-05-16,68.72000122070312,71.5999984741211,61.7599983215332,64.54000091552734,72.08000183105469,-0.040223426184274436,-0.04105475721600894,66.5739990234375,66.01380920410156,12.4399995803833,1877.8599853515625
2014-05-19,67.58000183105469,68.72000122070312,61.7599983215332,64.4000015258789,70.08000183105469,-0.016589047866678364,-0.016728187058665456,67.7379997253418,65.89476158505394,12.420000076293945,1885.0799560546875
2014-05-20,68.7699966430664,67.58000183105469,61.7599983215332,64.93000030517578,68.62000274658203,0.017608682742960236,0.017455446137051415,69.13999938964844,65.9019041515532,12.960000038146973,1872.8299560546875
2014-05-21,66.55999755859375,68.7699966430664,69.02999877929688,62.63999938964844,66.73999786376953,-0.03213609411591378,-0.032663794684647904,68.64599914550782,65.89333270844959,11.90999984741211,1888.030029296875
2014-05-22,68.05999755859375,66.55999755859375,71.5999984741211,62.15999984741211,66.22000122070312,0.022536058518925373,0.022285873368206057,67.93799896240235,65.98095158168248,12.029999732971191,1892.489990234375
2014-05-23,66.86000061035156,68.05999755859375,68.72000122070312,61.7599983215332,68.75,-0.017631457409458373,-0.017788743080624714,67.56599884033203,65.89095161074684,11.359999656677246,1900.530029296875
2014-05-27,64.94999694824219,66.86000061035156,67.58000183105469,61.7599983215332,70.48999786376953,-0.028567209761790835,-0.02898319399040848,67.03999786376953,65.62714204334077,11.510000228881836,1911.9100341796875
2014-05-28,67.37000274658203,64.94999694824219,68.7699966430664,61.7599983215332,67.62999725341797,0.03725952135561017,0.03658215961084521,66.75999908447265,65.61476135253906,11.680000305175781,1909.780029296875
2014-05-29,66.93000030517578,67.37000274658203,66.55999755859375,69.02999877929688,65.47000122070312,-0.0065311328999251295,-0.0065525540690121115,66.83399963378906,65.68428511846633,11.569999694824219,1920.030029296875
2014-05-30,67.94999694824219,66.93000030517578,68.05999755859375,71.5999984741211,64.48999786376953,0.015239752553647179,0.015124794013159977,66.81199951171875,65.8490469796317,11.399999618530273,1923.5699462890625
2014-06-02,68.76000213623047,67.94999694824219,66.86000061035156,68.72000122070312,64.5,0.011920606686785629,0.011850115897235244,67.19199981689454,66.0519042242141,11.579999923706055,1924.969970703125
2014-06-03,68.19000244140625,68.76000213623047,64.94999694824219,67.58000183105469,64.54000091552734,-0.00828969862006268,-0.008324249247016009,67.84000091552734,66.22571382068452,11.869999885559082,1924.239990234375
2014-06-04,67.66999816894531,68.19000244140625,67.37000274658203,68.7699966430664,64.4000015258789,-0.007625813958692329,-0.007655039150011007,67.9,66.38142794654483,12.079999923706055,1927.8800048828125
2014-06-05,65.47000122070312,67.66999816894531,66.93000030517578,66.55999755859375,64.93000030517578,-0.03251066953998816,-0.03305088208731662,67.60800018310547,66.40714227585565,11.680000305175781,1940.4599609375
2014-06-06,67.08000183105469,65.47000122070312,67.94999694824219,68.05999755859375,62.63999938964844,0.024591424779788262,0.02429392315336074,67.43400115966797,66.61857096354167,10.729999542236328,1949.43994140625
2014-06-09,70.87999725341797,67.08000183105469,68.76000213623047,66.86000061035156,62.15999984741211,0.056648707791240316,0.05510230329548905,67.85800018310547,67.03380893525623,11.149999618530273,1951.27001953125
2014-06-10,70.5,70.87999725341797,68.19000244140625,64.94999694824219,61.7599983215332,-0.005361135272894613,-0.005375557728855349,68.31999969482422,67.4499994913737,10.989999771118164,1950.7900390625
2014-06-11,74.20999908447266,70.5,67.66999816894531,67.37000274658203,61.7599983215332,0.05262410048897381,0.05128618982683832,69.62799987792968,68.04285667056129,11.600000381469727,1943.8900146484375
2014-06-12,79.97000122070312,74.20999908447266,65.47000122070312,66.93000030517578,61.7599983215332,0.07761760149968344,0.07475267996325038,72.52799987792969,68.90999966575986,12.5600004196167,1930.1099853515625
2014-06-13,79.80999755859375,79.97000122070312,67.08000183105469,67.94999694824219,69.02999877929688,-0.002000796044354103,-0.0020028003106245616,75.0739990234375,69.42333294096447,12.180000305175781,1936.1600341796875
2014-06-16,81.5,79.80999755859375,70.87999725341797,68.76000213623047,71.5999984741211,0.021175322554865428,0.020954240949129836,77.1979995727539,69.89476158505394,12.649999618530273,1937.780029296875
2014-06-17,78.41000366210938,81.5,70.5,68.19000244140625,68.72000122070312,-0.03791406549559051,-0.038651503299366015,78.78000030517578,70.35619027273995,12.0600004196167,1941.989990234375
2014-06-18,71.76000213623047,78.41000366210938,74.20999908447266,67.66999816894531,67.58000183105469,-0.08481062639067871,-0.08862426942781286,78.29000091552734,70.55523790631976,10.609999656677246,1956.97998046875
2014-06-19,73.41000366210938,71.76000213623047,79.97000122070312,65.47000122070312,68.7699966430664,0.02299333161593986,0.022732968488752354,76.97800140380859,70.77619062151227,10.619999885559082,1959.47998046875
2014-06-20,73.33000183105469,73.41000366210938,79.80999755859375,67.08000183105469,66.55999755859375,-0.0010897946746184495,-0.0010903889326202324,75.68200225830078,71.09857177734375,10.850000381469727,1962.8699951171875
2014-06-23,72.58000183105469,73.33000183105469,81.5,70.87999725341797,68.05999755859375,-0.01022773736905025,-0.010280400062757619,73.89800262451172,71.31381007603237,10.979999542236328,1962.6099853515625
2014-06-24,75.23999786376953,72.58000183105469,78.41000366210938,70.5,66.86000061035156,0.03664915907423838,0.03599354902759853,73.26400146484374,71.71285756429036,12.130000114440918,1949.97998046875
2014-06-25,72.30999755859375,75.23999786376953,71.76000213623047,74.20999908447266,64.94999694824219,-0.03894205726162936,-0.039720577616802984,73.3740005493164,72.06333378383091,11.59000015258789,1959.530029296875
2014-06-26,72.86000061035156,72.30999755859375,73.41000366210938,79.97000122070312,67.37000274658203,0.0076061826901894225,0.007577401533655146,73.26399993896484,72.32476225353423,11.630000114440918,1957.219970703125
2014-06-27,72.72000122070312,72.86000061035156,73.33000183105469,79.80999755859375,66.93000030517578,-0.0019214848816312413,-0.0019233333018936673,73.14199981689453,72.60047658284505,11.260000228881836,1960.9599609375
2014-06-30,71.55999755859375,72.72000122070312,72.58000183105469,81.5,67.94999694824219,-0.015951645250785962,-0.016080242131964455,72.93799896240235,72.77238137381417,11.569999694824219,1960.22998046875
2014-07-01,69.27999877929688,71.55999755859375,75.23999786376953,78.41000366210938,68.76000213623047,-0.03186135909842647,-0.032379977889274714,71.74599914550781,72.7971431187221,11.149999618530273,1973.3199462890625
2014-07-02,68.1500015258789,69.27999877929688,72.30999755859375,71.76000213623047,68.19000244140625,-0.016310584199312195,-0.016445066101783413,70.91399993896485,72.79523831322079,10.819999694824219,1974.6199951171875
2014-07-03,68.3499984741211,68.1500015258789,72.86000061035156,73.41000366210938,67.66999816894531,0.0029346580156164315,0.002930360312920845,70.01199951171876,72.82761928013393,10.319999694824219,1985.43994140625
2014-07-07,71.66000366210938,68.3499984741211,72.72000122070312,73.33000183105469,65.47000122070312,0.0484272898592899,0.04729122213529283,69.8,73.12238130115327,11.329999923706055,1977.6500244140625
2014-07-08,73.20999908447266,71.66000366210938,71.55999755859375,72.58000183105469,67.08000183105469,0.021629854076924193,0.021399248172294567,70.13000030517578,73.41428593226841,11.979999542236328,1963.7099609375
2014-07-09,76.27999877929688,73.20999908447266,69.27999877929688,75.23999786376953,70.87999725341797,0.04193415835563563,0.04107875357623759,71.53000030517578,73.67142886207218,11.649999618530273,1972.8299560546875
2014-07-10,82.13999938964844,76.27999877929688,68.1500015258789,72.30999755859375,70.5,0.07682224310603969,0.07401433636849399,74.32799987792968,74.22571454729352,12.59000015258789,1964.6800537109375
2014-07-11,79.91000366210938,82.13999938964844,68.3499984741211,72.86000061035156,74.20999908447266,-0.027148718579368514,-0.027524053883493268,76.64000091552734,74.4971433367048,12.079999923706055,1967.5699462890625
2014-07-14,77.29000091552734,79.91000366210938,71.66000366210938,72.72000122070312,79.97000122070312,-0.03278691811428791,-0.033336454250161233,77.76600036621093,74.36952427455357,11.819999694824219,1977.0999755859375
2014-07-15,78.91999816894531,77.29000091552734,73.20999908447266,71.55999755859375,79.80999755859375,0.021089367759219435,0.020870064988879035,78.90800018310547,74.32714335123698,11.960000038146973,1973.280029296875
2014-07-16,75.80999755859375,78.91999816894531,76.27999877929688,69.27999877929688,81.5,-0.039407003072832514,-0.040204480089076934,78.81399993896484,74.05619085402716,11.0,1981.5699462890625
2014-07-17,89.95999908447266,75.80999755859375,82.13999938964844,68.1500015258789,78.41000366210938,0.1866508637589961,0.17113493905013083,80.37799987792968,74.60619063604446,14.539999961853027,1958.1199951171875
2014-07-18,80.37000274658203,89.95999908447266,79.91000366210938,68.3499984741211,71.76000213623047,-0.10660289501432296,-0.11272411051521965,80.46999969482422,75.01619066510882,12.0600004196167,1978.219970703125
2014-07-21,81.41000366210938,80.37000274658203,77.29000091552734,71.66000366210938,73.41000366210938,0.012940162747121065,0.012857154170571612,81.29400024414062,75.3971430460612,12.8100004196167,1973.6300048828125
2014-07-22,75.22000122070312,81.41000366210938,78.91999816894531,73.20999908447266,73.33000183105469,-0.0760349117179473,-0.07908099129878936,80.55400085449219,75.48714301699684,12.239999771118164,1983.530029296875
2014-07-23,76.63999938964844,75.22000122070312,75.80999755859375,76.27999877929688,72.58000183105469,0.018877933340879505,0.01870195642809919,80.72000122070312,75.68047623407273,11.520000457763672,1987.010009765625
2014-07-24,77.66000366210938,76.63999938964844,89.95999908447266,82.13999938964844,75.23999786376953,0.01330903288862384,0.013221245760463058,78.26000213623047,75.79571460542225,11.84000015258789,1987.97998046875
2014-07-25,81.08000183105469,77.66000366210938,80.37000274658203,79.91000366210938,72.30999755859375,0.04403808920516372,0.043095972707917284,78.402001953125,76.21333385649181,12.6899995803833,1978.3399658203125
2014-07-28,81.20999908447266,81.08000183105469,81.41000366210938,77.29000091552734,72.86000061035156,0.001603320800224406,0.0016020368536325,78.36200103759765,76.61095283144996,12.5600004196167,1978.9100341796875
2014-07-29,81.72000122070312,81.20999908447266,75.22000122070312,78.91999816894531,72.72000122070312,0.006280041152321392,0.006260403866310713,79.66200103759766,77.0395242600214,13.279999732971191,1969.949951171875
2014-07-30,83.58000183105469,81.72000122070312,76.63999938964844,75.80999755859375,71.55999755859375,0.022760653237488437,0.022505494040526933,81.05000152587891,77.61190541585286,13.329999923706055,1970.0699462890625
2014-07-31,97.41999816894533,83.58000183105469,77.66000366210938,89.95999908447266,69.27999877929688,0.16558980658873712,0.15322723065534835,85.00200042724609,78.95190538678851,16.950000762939453,1930.6700439453125
2014-08-01,101.11000061035156,97.41999816894533,81.08000183105469,80.37000274658203,68.1500015258789,0.037877258373655964,0.03717752955689145,89.00800018310547,80.52142915271577,17.030000686645508,1925.1500244140625
2014-08-04,93.12000274658205,101.11000061035156,81.20999908447266,81.41000366210938,68.3499984741211,-0.07902282480009704,-0.08232002566160868,91.39000091552734,81.70095316569011,15.119999885559082,1938.989990234375
2014-08-05,98.31999969482422,93.12000274658205,81.72000122070312,75.22000122070312,71.66000366210938,0.05584188997925077,0.054338448675666534,94.71000061035156,82.97047678629558,16.8700008392334,1920.2099609375
2014-08-06,96.37999725341795,98.31999969482422,83.58000183105469,76.63999938964844,73.20999908447266,-0.019731513907931708,-0.019928779439117045,97.26999969482422,84.07381003243583,16.3700008392334,1920.239990234375
2014-08-07,97.4000015258789,96.37999725341795,97.41999816894533,77.66000366210938,76.27999877929688,0.010583153159664294,0.010527543599838148,97.26600036621093,85.07952444893974,16.65999984741211,1909.5699462890625
2014-08-08,91.83999633789062,97.4000015258789,101.11000061035156,81.08000183105469,82.13999938964844,-0.057084241282183146,-0.058778333618225945,95.41199951171875,85.54142906552269,15.770000457763672,1931.5899658203125
2014-08-11,87.54000091552734,91.83999633789062,93.12000274658205,81.20999908447266,79.91000366210938,-0.046820509514646225,-0.04795205047523331,94.2959991455078,85.9047622680664,14.229999542236328,1936.9200439453125
2014-08-12,85.9800033569336,87.54000091552734,98.31999969482422,81.72000122070312,77.29000091552734,-0.017820396873185818,-0.017981092109811768,91.82799987792968,86.31857190813336,14.130000114440918,1933.75
2014-08-13,81.2699966430664,85.9800033569336,96.37999725341795,83.58000183105469,78.91999816894531,-0.05478025738513026,-0.05633784665215164,88.80599975585938,86.43047659737724,12.899999618530273,1946.719970703125
2014-08-14,78.4800033569336,81.2699966430664,97.4000015258789,97.41999816894533,75.80999755859375,-0.034329929880350774,-0.034933045427684495,85.02200012207031,86.55761973063152,12.420000076293945,1955.1800537109375
2014-08-15,82.19999694824219,78.4800033569336,91.83999633789062,101.11000061035156,89.95999908447266,0.047400527933080694,0.046311406904636206,83.09400024414063,86.18809581938244,13.149999618530273,1955.06005859375
2014-08-18,81.0199966430664,82.19999694824219,87.54000091552734,93.12000274658205,80.37000274658203,-0.014355235389105658,-0.014459268594976624,81.78999938964844,86.21904790969123,12.319999694824219,1971.739990234375
2014-08-19,80.83999633789062,81.0199966430664,85.9800033569336,98.31999969482422,81.41000366210938,-0.0022216775195482708,-0.0022241491064399414,80.76199798583984,86.19190470377605,12.210000038146973,1981.5999755859375
2014-08-20,79.9000015258789,80.83999633789062,81.2699966430664,96.37999725341795,75.22000122070312,-0.01162784332748823,-0.011695975365122619,80.48799896240234,86.41476186116536,11.779999732971191,1986.510009765625
2014-08-21,79.61000061035156,79.9000015258789,78.4800033569336,97.4000015258789,76.63999938964844,-0.003629548310251418,-0.0036361511023299442,80.71399841308593,86.55619049072266,11.760000228881836,1992.3699951171875
2014-08-22,79.58000183105469,79.61000061035156,82.19999694824219,91.83999633789062,77.66000366210938,-0.0003768217443396171,-0.0003768927594937172,80.18999938964843,86.64761897495815,11.470000267028809,1988.4000244140625
2014-08-25,79.33000183105469,79.58000183105469,81.0199966430664,87.54000091552734,81.08000183105469,-0.0031414927651137736,-0.003146437612360667,79.8520004272461,86.56428564162482,11.699999809265137,1997.9200439453125
2014-08-26,79.38999938964844,79.33000183105469,80.83999633789062,85.9800033569336,81.20999908447266,0.0007563035069824142,0.000756017653603939,79.56200103759765,86.47761898949032,11.630000114440918,2000.02001953125
2014-08-27,78.8499984741211,79.38999938964844,79.9000015258789,81.2699966430664,81.72000122070312,-0.006801875798952972,-0.00682511399162564,79.3520004272461,86.34095219203404,11.779999732971191,2000.1199951171875
2014-08-28,80.52999877929688,78.8499984741211,79.61000061035156,78.4800033569336,83.58000183105469,0.02130628202519458,0.021082476591707915,79.53600006103515,86.19571395147415,12.050000190734863,1996.739990234375
2014-08-29,81.11000061035156,80.52999877929688,79.58000183105469,82.19999694824219,97.41999816894533,0.0072023077095066945,0.007176494958150251,79.84199981689453,85.41904740106492,12.09000015258789,2003.3699951171875
2014-09-02,82.41000366210938,81.11000061035156,79.33000183105469,81.0199966430664,101.11000061035156,0.016027654320987628,0.015900567605734505,80.45800018310547,84.52857135591053,12.25,2002.280029296875
2014-09-03,80.7699966430664,82.41000366210938,79.38999938964844,80.83999633789062,93.12000274658205,-0.019900581800325945,-0.020101265320408276,80.73399963378907,83.9404758271717,12.359999656677246,2000.719970703125
2014-09-04,79.98999786376953,80.7699966430664,78.8499984741211,79.9000015258789,98.31999969482422,-0.00965703617326863,-0.009703967738053956,80.96199951171874,83.06761859712147,12.640000343322754,1997.6500244140625
2014-09-05,77.33000183105469,79.98999786376953,80.52999877929688,79.61000061035156,96.37999725341795,-0.033254108060423615,-0.03381959785511532,80.3220001220703,82.16047595796131,12.09000015258789,2007.7099609375
2014-09-08,77.83999633789062,77.33000183105469,81.11000061035156,79.58000183105469,97.4000015258789,0.006595040666753649,0.006573388531726726,79.66799926757812,81.22904713948567,12.65999984741211,2001.5400390625
2014-09-09,79.30000305175781,77.83999633789062,82.41000366210938,79.33000183105469,91.83999633789062,0.01875651056726091,0.01858277629338432,79.0459991455078,80.63190460205078,13.5,1988.43994140625
2014-09-10,82.12000274658203,79.30000305175781,80.7699966430664,79.38999938964844,87.54000091552734,0.035561154934428574,0.034943458472183136,79.31600036621094,80.37380945114862,12.880000114440918,1995.68994140625
2014-09-11,83.0999984741211,82.12000274658203,79.98999786376953,78.8499984741211,85.9800033569336,0.011933703053606637,0.011863057902752303,79.93800048828125,80.23666636149089,12.800000190734863,1997.449951171875
2014-09-12,89.25,83.0999984741211,77.33000183105469,80.52999877929688,81.2699966430664,0.07400723993748493,0.07139673716030653,82.3220001220703,80.61666652134487,13.3100004196167,1985.5400390625
2014-09-15,91.58000183105467,89.25,77.83999633789062,81.11000061035156,78.4800033569336,0.026106463093049648,0.025771506563246175,85.07000122070312,81.24047597249348,14.119999885559082,1984.1300048828125
2014-09-16,84.5199966430664,91.58000183105467,79.30000305175781,82.41000366210938,82.19999694824219,-0.07709112302719157,-0.08022477419276351,86.11399993896484,81.3509521484375,12.729999542236328,1998.97998046875
2014-09-17,81.5199966430664,84.5199966430664,82.12000274658203,80.7699966430664,81.0199966430664,-0.035494558910942664,-0.03613980529502635,85.99399871826172,81.37476167224702,12.649999618530273,2001.5699462890625
2014-09-18,77.47000122070312,81.5199966430664,83.0999984741211,79.98999786376953,80.83999633789062,-0.04968100575489598,-0.050957567334286025,84.86799926757813,81.21428571428571,12.029999732971191,2011.3599853515625
2014-09-19,77.69999694824219,77.47000122070312,89.25,77.33000183105469,79.9000015258789,0.0029688359870272407,0.0029644376965201097,82.55799865722656,81.1095235915411,12.109999656677246,2010.4000244140625
2014-09-22,87.41000366210938,77.69999694824219,91.58000183105467,77.83999633789062,79.61000061035156,0.12496791628364234,0.11775451639072848,81.7239990234375,81.48095230829148,13.6899995803833,1994.2900390625
2014-09-23,91.9000015258789,87.41000366210938,84.5199966430664,79.30000305175781,79.58000183105469,0.05136709387550176,0.05009131147716187,83.2,82.06761896042596,14.930000305175781,1982.77001953125
2014-09-24,86.20999908447266,91.9000015258789,81.5199966430664,82.12000274658203,79.33000183105469,-0.06191515067389797,-0.06391487636323025,84.13800048828125,82.3952378772554,13.270000457763672,1998.300048828125
2014-09-25,96.72000122070312,86.20999908447266,77.47000122070312,83.0999984741211,79.38999938964844,0.12191163725604803,0.11503404932543844,87.98800048828124,83.22047605968658,15.640000343322754,1965.989990234375
2014-09-26,90.62999725341795,96.72000122070312,77.69999694824219,89.25,78.8499984741211,-0.06296530076947093,-0.06503496516628753,90.57400054931641,83.78142838251023,14.850000381469727,1982.8499755859375
2014-09-29,95.0199966430664,90.62999725341795,87.41000366210938,91.58000183105467,80.52999877929688,0.048438701563382036,0.04730210666881946,92.09599914550782,84.47142828078498,15.979999542236328,1977.800048828125
2014-09-30,92.47000122070312,95.0199966430664,91.9000015258789,84.5199966430664,81.11000061035156,-0.026836408255644262,-0.02720307963944999,92.20999908447266,85.0123806908017,16.309999465942383,1972.2900390625
2014-10-01,98.12000274658205,92.47000122070312,86.20999908447266,81.5199966430664,82.41000366210938,0.061100913283149705,0.059306966591740506,94.59199981689453,85.76047588530041,16.709999084472656,1946.1600341796875
2014-10-02,93.75,98.12000274658205,96.72000122070312,77.47000122070312,80.7699966430664,-0.04453732800913801,-0.04555958253183938,93.99799957275391,86.37857128324963,16.15999984741211,1946.1700439453125
2014-10-03,87.7699966430664,93.75,90.62999725341795,77.69999694824219,79.98999786376953,-0.06378670247395835,-0.06591194649343095,93.42599945068359,86.7490474155971,14.550000190734863,1967.9000244140625
2014-10-06,88.7300033569336,87.7699966430664,95.0199966430664,87.41000366210938,77.33000183105469,0.010937754934311261,0.010878370323286014,92.16800079345703,87.29190463111514,15.460000038146973,1964.8199462890625
2014-10-07,99.1999969482422,88.7300033569336,92.47000122070312,91.9000015258789,77.83999633789062,0.11799834548851562,0.11153989484676374,93.51399993896484,88.30904751732236,17.200000762939453,1935.0999755859375
2014-10-08,89.08000183105469,99.1999969482422,98.12000274658205,86.20999908447266,79.30000305175781,-0.10201608294874887,-0.10760312058280083,91.70599975585938,88.77476174490792,15.109999656677246,1968.8900146484375
2014-10-09,102.12999725341795,89.08000183105469,93.75,96.72000122070312,82.12000274658203,0.1464974759106239,0.13671162175266938,93.38199920654297,89.72761862618583,18.760000228881836,1928.2099609375
2014-10-10,113.37999725341795,102.12999725341795,87.7699966430664,90.62999725341795,83.0999984741211,0.11015372860615158,0.10449849997457712,98.50399932861328,91.16952332996186,21.239999771118164,1906.1300048828125
2014-10-13,131.57000732421875,113.37999725341795,88.7300033569336,95.0199966430664,89.25,0.16043403167618653,0.1487941003740085,107.0720001220703,93.18476177397228,24.639999389648438,1874.739990234375
2014-10-14,120.61000061035156,131.57000732421875,99.1999969482422,92.47000122070312,91.58000183105467,-0.08330171090482053,-0.08697688038990306,111.35400085449218,94.56714266822452,22.790000915527344,1877.699951171875
2014-10-15,129.00999450683594,120.61000061035156,89.08000183105469,98.12000274658205,84.5199966430664,0.0696459153799509,0.0673276735019877,119.33999938964844,96.68571399507069,25.270000457763672,1862.489990234375
2014-10-16,121.94000244140624,129.00999450683594,102.12999725341795,93.75,81.5199966430664,-0.05480189416685144,-0.056360737656635004,123.3020004272461,98.61047617594402,25.200000762939453,1862.760009765625
2014-10-17,118.83999633789062,121.94000244140624,113.37999725341795,87.7699966430664,77.47000122070312,-0.025422388399616525,-0.025751120722097485,124.39400024414063,100.58047594342914,21.989999771118164,1886.760009765625
2014-10-20,108.83000183105467,118.83999633789062,131.57000732421875,88.7300033569336,77.69999694824219,-0.08423085505973205,-0.08799097124606796,119.84599914550782,102.06285712832496,18.56999969482422,1904.010009765625
2014-10-21,104.08999633789062,108.83000183105467,120.61000061035156,99.1999969482422,87.41000366210938,-0.04355421679145366,-0.04453117418764528,116.54199829101563,102.85714249383835,16.079999923706055,1941.280029296875
2014-10-22,108.81999969482422,104.08999633789062,129.00999450683594,89.08000183105469,91.9000015258789,0.045441478752476394,0.04443926390813808,112.50399932861328,103.66285669235955,17.8700008392334,1927.1099853515625
2014-10-23,102.0500030517578,108.81999969482422,121.94000244140624,102.12999725341795,86.20999908447266,-0.06221279785014022,-0.06423221909298196,108.5259994506836,104.41714259556362,16.530000686645508,1950.8199462890625
2014-10-24,104.37999725341795,102.0500030517578,118.83999633789062,113.37999725341795,96.72000122070312,0.022831887623544933,0.022575140741580412,105.63399963378906,104.78190431140717,16.110000610351562,1964.5799560546875
2014-10-27,100.75,104.37999725341795,108.83000183105467,131.57000732421875,90.62999725341795,-0.034776751762168545,-0.03539585907517643,104.01799926757812,105.26380920410156,16.040000915527344,1961.6300048828125
2014-10-28,95.88999938964844,100.75,104.08999633789062,120.61000061035156,95.0199966430664,-0.048238219457583775,-0.04944050602632474,102.37799987792968,105.30523790631976,14.390000343322754,1985.050048828125
2014-10-29,99.33999633789062,95.88999938964844,108.81999969482422,129.00999450683594,92.47000122070312,0.035978694026507885,0.035346578014337354,100.48199920654297,105.63238053094773,15.149999618530273,1982.300048828125
2014-10-30,98.5199966430664,99.33999633789062,102.0500030517578,121.94000244140624,98.12000274658205,-0.008254476797392996,-0.008288733636094047,99.77599792480468,105.65142785935174,14.520000457763672,1994.6500244140625
2014-10-31,94.0999984741211,98.5199966430664,104.37999725341795,118.83999633789062,93.75,-0.04486396995077835,-0.04590150880288098,97.71999816894531,105.66809445335751,14.029999732971191,2018.050048828125
2014-11-03,93.19000244140624,94.0999984741211,100.75,108.83000183105467,87.7699966430664,-0.00967052122710843,-0.00971758438010943,96.20799865722657,105.92618996756417,14.729999542236328,2017.81005859375
2014-11-04,92.44000244140624,93.19000244140624,95.88999938964844,104.08999633789062,88.7300033569336,-0.008048073616819251,-0.00808063417882882,95.51799926757812,106.1028565906343,14.890000343322754,2012.0999755859375
2014-11-05,87.08000183105469,92.44000244140624,99.33999633789062,108.81999969482422,99.1999969482422,-0.05798356197306487,-0.05973255442327515,93.06600036621094,105.52571396600632,14.170000076293945,2023.5699462890625
2014-11-06,83.41999816894531,87.08000183105469,98.5199966430664,102.0500030517578,89.08000183105469,-0.04203035812068778,-0.04293919057464615,90.04600067138672,105.25618998209636,13.670000076293945,2031.2099609375
2014-11-07,80.44000244140625,83.41999816894531,94.0999984741211,104.37999725341795,102.12999725341795,-0.035722797805675555,-0.036376471563870076,87.31400146484376,104.22333308628627,13.119999885559082,2031.9200439453125
2014-11-10,79.69999694824219,80.44000244140625,93.19000244140624,100.75,113.37999725341795,-0.009199471291700845,-0.009242047749494034,84.61600036621094,102.61952354794457,12.670000076293945,2038.260009765625
2014-11-11,79.79000091552734,79.69999694824219,92.44000244140624,95.88999938964844,131.57000732421875,0.001129284450833934,0.0011286472887948268,82.08600006103515,100.15380895705451,12.920000076293945,2039.6800537109375
2014-11-12,83.0999984741211,79.79000091552734,87.08000183105469,99.33999633789062,120.61000061035156,0.0414838641510733,0.04064648870504087,81.28999938964844,98.36761837913876,13.020000457763672,2038.25
2014-11-13,86.29000091552734,83.0999984741211,83.41999816894531,98.5199966430664,129.00999450683594,0.03838751504188864,0.037669043630663326,81.86399993896484,96.33333297002882,13.789999961853027,2039.3299560546875
2014-11-14,85.58000183105469,86.29000091552734,80.44000244140625,94.0999984741211,121.94000244140624,-0.008228057445122783,-0.00826209474560998,82.89199981689453,94.60190436953589,13.3100004196167,2039.8199462890625
2014-11-17,84.79000091552734,85.58000183105469,79.69999694824219,93.19000244140624,118.83999633789062,-0.009231139268808364,-0.00927401027099743,83.91000061035156,92.98047601609002,13.989999771118164,2041.3199462890625
2014-11-18,82.5999984741211,84.79000091552734,79.79000091552734,92.44000244140624,108.83000183105467,-0.02582854602853535,-0.02616796005967596,84.47200012207031,91.73142823718842,13.859999656677246,2051.800048828125
2014-11-19,81.05999755859375,82.5999984741211,83.0999984741211,87.08000183105469,104.08999633789062,-0.01864407922489042,-0.018820070972167795,84.06399993896484,90.63476162865047,13.960000038146973,2048.719970703125
2014-11-20,79.13999938964844,81.05999755859375,86.29000091552734,83.41999816894531,108.81999969482422,-0.023686136525694512,-0.023971162836677752,82.63399963378906,89.22142828078496,13.579999923706055,2052.75
2014-11-21,79.33999633789062,79.13999938964844,85.58000183105469,80.44000244140625,102.0500030517578,0.00252712850372272,0.0025239406840426954,81.38599853515625,88.13999938964842,12.899999618530273,2063.5
2014-11-24,79.25,79.33999633789062,84.79000091552734,79.69999694824219,104.37999725341795,-0.0011343123524653054,-0.0011349561716291856,80.27799835205079,86.9433328537714,12.619999885559082,2069.409912109375
2014-11-25,77.93000030517578,79.25,82.5999984741211,79.79000091552734,100.75,-0.016656147568759883,-0.016796420985896062,79.34399871826172,85.8566662016369,12.25,2067.030029296875
2014-11-26,77.04000091552734,77.93000030517578,81.05999755859375,83.0999984741211,95.88999938964844,-0.011420497705160737,-0.01148621239783178,78.53999938964844,84.95904722667876,12.069999694824219,2072.830078125
2014-11-28,79.83999633789062,77.04000091552734,79.13999938964844,86.29000091552734,99.33999633789062,0.03634469612005087,0.035699806761441945,78.67999877929688,84.03047579810733,13.329999923706055,2067.56005859375
2014-12-01,86.83999633789062,79.83999633789062,79.33999633789062,85.58000183105469,98.5199966430664,0.087675354722905,0.08404271670421944,80.17999877929688,83.47428530738468,14.15999984741211,2053.43994140625
2014-12-02,83.47000122070312,86.83999633789062,79.25,84.79000091552734,94.0999984741211,-0.03880694679068153,-0.03958000235222499,81.0239990234375,82.96809496198382,12.850000381469727,2066.550048828125
2014-12-03,86.44999694824219,83.47000122070312,77.93000030517578,82.5999984741211,93.19000244140624,0.03570139791491855,0.03507887634135802,82.72799835205078,82.6471423194522,12.5,2074.330078125
2014-12-04,85.16999816894531,86.44999694824219,77.04000091552734,81.05999755859375,92.44000244140624,-0.01480623278752935,-0.014916939174289571,84.35399780273437,82.3009516398112,12.380000114440918,2071.919921875
2014-12-05,85.41000366210938,85.16999816894531,79.83999633789062,79.13999938964844,87.08000183105469,0.00281795818156505,0.002813995180709951,85.46799926757812,82.22142791748047,11.890000343322754,2075.3701171875
2014-12-08,94.4499969482422,85.41000366210938,86.83999633789062,79.33999633789062,83.41999816894531,0.10584232406658067,0.10060732880181195,86.98999938964843,82.74666595458984,14.210000038146973,2060.31005859375
2014-12-09,97.12999725341795,94.4499969482422,83.47000122070312,79.25,80.44000244140625,0.028374805630161815,0.027979697500168408,89.72199859619141,83.54142761230469,15.350000381469727,2059.820068359375
2014-12-10,117.31999969482422,97.12999725341795,86.44999694824219,77.93000030517578,79.69999694824219,0.20786577795044447,0.18885498237116718,95.89599914550782,85.33285631452289,18.530000686645508,2026.1400146484375
2014-12-11,132.39999389648438,117.31999969482422,85.16999816894531,77.04000091552734,79.79000091552734,0.1285372846989996,0.12092235589582151,105.34199829101563,87.83809407552083,20.079999923706055,2035.3299560546875
2014-12-12,138.60000610351562,132.39999389648438,85.41000366210938,79.83999633789062,83.0999984741211,0.04682788891877654,0.04576453338886508,115.97999877929688,90.48095158168248,21.079999923706055,2002.3299560546875
2014-12-15,128.22000122070312,138.60000610351562,94.4499969482422,86.83999633789062,86.29000091552734,-0.07489180682329866,-0.07784458271321999,122.73399963378907,92.47761826288132,20.420000076293945,1989.6300048828125
2014-12-16,132.94000244140625,128.22000122070312,97.12999725341795,83.47000122070312,85.58000183105469,0.03681173900925683,0.03615036889866714,129.89600067138673,94.73285638718377,23.56999969482422,1972.739990234375
2014-12-17,114.37000274658205,132.94000244140625,117.31999969482422,86.44999694824219,84.79000091552734,-0.1396870720158817,-0.15045908617015144,129.30600128173828,96.1414279029483,19.440000534057617,2012.8900146484375
2014-12-18,107.23999786376952,114.37000274658205,132.39999389648438,85.16999816894531,82.5999984741211,-0.06234156432269222,-0.06436953736033896,124.27400207519531,97.31476120721726,16.809999465942383,2061.22998046875
2014-12-19,99.16999816894533,107.23999786376952,138.60000610351562,85.41000366210938,81.05999755859375,-0.0752517703802622,-0.07823376271343079,116.38800048828125,98.17714218866257,16.489999771118164,2070.64990234375
2014-12-22,99.69000244140624,99.16999816894533,128.22000122070312,94.4499969482422,79.13999938964844,0.0052435644051846975,0.005229864790356344,110.68200073242187,99.1557137625558,15.25,2078.5400390625
2014-12-23,94.7300033569336,99.69000244140624,132.94000244140625,97.12999725341795,79.33999633789062,-0.04975422773600524,-0.05103462020029277,103.04000091552734,99.88857123965309,14.800000190734863,2082.169921875
2014-12-24,95.29000091552734,94.7300033569336,114.37000274658205,117.31999969482422,79.25,0.005911512073780267,0.005894107643596904,99.2240005493164,100.65238080705915,14.369999885559082,2081.8798828125
2014-12-26,92.27999877929688,95.29000091552734,107.23999786376952,132.39999389648438,77.93000030517578,-0.0315878067720744,-0.03209746289059719,96.23200073242188,101.33571406773159,14.5,2088.77001953125
2014-12-29,94.86000061035156,92.27999877929688,99.16999816894533,138.60000610351562,77.04000091552734,0.027958407728474244,0.02757470680637045,95.37000122070313,102.18428548177083,15.0600004196167,2090.570068359375
2014-12-30,97.83999633789062,94.86000061035156,99.69000244140624,128.22000122070312,79.83999633789062,0.03141467118242747,0.030931327065672757,95.0,103.04142833891369,15.920000076293945,2080.35009765625
2014-12-31,113.08000183105467,97.83999633789062,94.7300033569336,132.94000244140625,86.83999633789062,0.15576457546597466,0.14476209506860566,98.66999969482421,104.29095241001674,19.200000762939453,2058.89990234375
2015-01-02,112.5500030517578,113.08000183105467,95.29000091552734,114.37000274658205,83.47000122070312,-0.004686936423017651,-0.004697954550523446,102.12200012207032,105.67571440197173,17.790000915527344,2058.199951171875
2015-01-05,121.87000274658205,112.5500030517578,92.27999877929688,107.23999786376952,86.44999694824219,0.08280763609165165,0.0795573309049672,108.04000091552734,107.36238134474982,19.920000076293945,2020.5799560546875
2015-01-06,118.4499969482422,121.87000274658205,94.86000061035156,99.16999816894533,85.16999816894531,-0.02806273669699877,-0.02846402053170033,112.75800018310547,108.94714319138299,21.1200008392334,2002.6099853515625
2015-01-07,107.69000244140624,118.4499969482422,97.83999633789062,99.69000244140624,85.41000366210938,-0.09083997284978951,-0.09523415282921703,114.72800140380859,110.00809551420666,19.309999465942383,2025.9000244140625
2015-01-08,98.44000244140624,107.69000244140624,113.08000183105467,94.7300033569336,94.4499969482422,-0.08589469579623132,-0.08980950168766373,111.80000152587891,110.1980957757859,17.010000228881836,2062.139892578125
2015-01-09,103.7699966430664,98.44000244140624,112.5500030517578,95.29000091552734,97.12999725341795,0.0541445963985292,0.05272962894362406,110.04400024414062,110.51428622291202,17.549999237060547,2044.81005859375
2015-01-12,109.04000091552734,103.7699966430664,121.87000274658205,92.27999877929688,117.31999969482422,0.050785433583350414,0.04953791651709327,107.47799987792969,110.12000056675502,19.600000381469727,2028.260009765625
2015-01-13,109.22000122070312,109.04000091552734,118.4499969482422,94.86000061035156,132.39999389648438,0.0016507731443915485,0.0016494121160312697,105.63200073242187,109.01619139171783,20.559999465942383,2023.030029296875
2015-01-14,113.5,109.22000122070312,107.69000244140624,97.83999633789062,138.60000610351562,0.03918695048032639,0.038438629020896786,106.79400024414062,107.82095300583612,21.479999542236328,2011.27001953125
2015-01-15,117.06999969482422,113.5,98.44000244140624,113.08000183105467,128.22000122070312,0.031453741804618573,0.030969206963343206,110.51999969482422,107.29000055222284,22.389999389648438,1992.6700439453125
2015-01-16,111.31999969482422,117.06999969482422,103.7699966430664,112.5500030517578,132.94000244140625,-0.04911591368402657,-0.050363109968538815,112.03000030517578,106.26047661190941,20.950000762939453,2019.4200439453125
2015-01-20,108.4000015258789,111.31999969482422,109.04000091552734,121.87000274658205,114.37000274658205,-0.02623066993307832,-0.02658083083434248,111.9020004272461,105.97619083949498,19.889999389648438,2022.550048828125
2015-01-21,98.62000274658205,108.4000015258789,109.22000122070312,118.4499969482422,107.23999786376952,-0.09022138968293303,-0.09455399443578713,109.78200073242188,105.56571488153367,18.850000381469727,2032.1199951171875
2015-01-22,93.25,98.62000274658205,113.5,107.69000244140624,99.16999816894533,-0.05445145606394908,-0.05599005012220735,105.73200073242188,105.28381020682198,16.399999618530273,2063.14990234375
2015-01-23,96.33000183105467,93.25,117.06999969482422,98.44000244140624,99.69000244140624,0.03302951025259704,0.03249575725375284,101.58400115966796,105.12381017775763,16.65999984741211,2051.820068359375
2015-01-26,91.94000244140624,96.33000183105467,111.31999969482422,103.7699966430664,94.7300033569336,-0.045572503957258315,-0.04664359884525385,97.70800170898437,104.99095299130394,15.520000457763672,2057.090087890625
2015-01-27,96.11000061035156,91.94000244140624,108.4000015258789,109.04000091552734,95.29000091552734,0.045355645619031604,0.04435715825332108,95.2500015258789,105.03000059581939,17.219999313354492,2029.550048828125
2015-01-28,108.68000030517578,96.11000061035156,98.62000274658205,109.22000122070312,92.27999877929688,0.13078763515760872,0.1229144121804234,97.26200103759766,105.81095304943267,20.440000534057617,2002.1600341796875
2015-01-29,100.6999969482422,108.68000030517578,93.25,113.5,94.86000061035156,-0.07342660410862678,-0.07626201794709228,98.75200042724609,106.08904811314174,18.760000228881836,2021.25
2015-01-30,108.98999786376952,100.6999969482422,96.33000183105467,117.06999969482422,97.83999633789062,0.08232374544944832,0.07911034588190083,101.28399963378907,106.62000056675502,20.969999313354492,1994.989990234375
2015-02-02,106.73999786376952,108.98999786376952,91.94000244140624,111.31999969482422,113.08000183105467,-0.020644096193233707,-0.020860164408580024,104.24399871826172,106.31809561593192,19.43000030517578,2020.8499755859375
2015-02-03,101.02999877929688,106.73999786376952,96.11000061035156,108.4000015258789,112.5500030517578,-0.05349446504355582,-0.05497846053533685,105.22799835205078,105.76952398390998,17.329999923706055,2050.030029296875
2015-02-04,103.73999786376952,101.02999877929688,108.68000030517578,98.62000274658205,121.87000274658205,0.026823706990165563,0.026470257974035676,104.23999786376953,104.90619041806175,18.329999923706055,2041.510009765625
2015-02-05,98.55999755859376,103.73999786376952,100.6999969482422,93.25,118.4499969482422,-0.0499325275866892,-0.05122227331664776,103.81199798583984,103.95904758998326,16.850000381469727,2062.52001953125
2015-02-06,101.69000244140624,98.55999755859376,108.98999786376952,96.33000183105467,107.69000244140624,0.031757355522981756,0.031263518796919534,102.35199890136718,103.67333330426898,17.290000915527344,2055.469970703125
2015-02-09,104.19000244140624,101.69000244140624,106.73999786376952,91.94000244140624,98.44000244140624,0.024584520994976877,0.024287185044975616,101.84199981689453,103.9471428280785,18.549999237060547,2046.739990234375
2015-02-10,97.33000183105467,104.19000244140624,101.02999877929688,96.11000061035156,103.7699966430664,-0.06584125587490464,-0.06810889360509126,101.1020004272461,103.6404764084589,17.229999542236328,2068.590087890625
2015-02-11,98.7300033569336,97.33000183105467,103.73999786376952,108.68000030517578,109.04000091552734,0.014384069655202891,0.014281600373256294,100.10000152587891,103.14952414376395,16.959999084472656,2068.530029296875
2015-02-12,93.23999786376952,98.7300033569336,98.55999755859376,100.6999969482422,109.22000122070312,-0.05560625247136208,-0.05721209436804694,99.03600158691407,102.38857160295758,15.34000015258789,2088.47998046875
2015-02-13,92.73999786376952,93.23999786376952,101.69000244140624,108.98999786376952,113.5,-0.005362505485366209,-0.005376935327764852,97.24600067138671,101.4000000726609,14.6899995803833,2096.989990234375
2015-02-17,92.9499969482422,92.73999786376952,104.19000244140624,106.73999786376952,117.06999969482422,0.0022643852632082684,0.002261825406504366,94.99799957275391,100.25142851329986,15.800000190734863,2100.340087890625
2015-02-18,89.37999725341797,92.9499969482422,97.33000183105467,101.02999877929688,111.31999969482422,-0.03840774407784153,-0.03916476855916448,93.40799865722656,99.2066664922805,15.449999809265137,2099.679931640625
2015-02-19,87.5999984741211,89.37999725341797,98.7300033569336,103.73999786376952,108.4000015258789,-0.019914956746419077,-0.0201159322523997,91.18199768066407,98.21619015648251,15.289999961853027,2097.449951171875
2015-02-20,85.77999877929688,87.5999984741211,93.23999786376952,98.55999755859376,98.62000274658205,-0.02077625258591631,-0.020995115665528693,89.68999786376953,97.6047613961356,14.300000190734863,2110.300048828125
2015-02-23,86.12999725341797,85.77999877929688,92.73999786376952,101.69000244140624,93.25,0.004080187445812511,0.0040718860541774805,88.36799774169921,97.26571364629837,14.5600004196167,2109.659912109375
2015-02-24,82.6500015258789,86.12999725341797,92.9499969482422,104.19000244140624,96.33000183105467,-0.04040399208768075,-0.04124290818331767,86.30799865722656,96.61428506033761,13.6899995803833,2115.47998046875
2015-02-25,86.56999969482422,82.6500015258789,89.37999725341797,97.33000183105467,91.94000244140624,0.04742889409043638,0.046338488973523724,85.74599914550781,96.3585706438337,13.84000015258789,2113.860107421875
2015-02-26,86.93000030517578,86.56999969482422,87.5999984741211,98.7300033569336,96.11000061035156,0.004158491528481356,0.004149868899073708,85.61199951171875,95.92142777215867,13.90999984741211,2110.739990234375
2015-02-27,85.2300033569336,86.93000030517578,85.77999877929688,93.23999786376952,108.68000030517578,-0.019555929394618587,-0.01974967668059926,85.50200042724609,94.8047612508138,13.34000015258789,2104.5
2015-03-02,81.83999633789062,85.2300033569336,86.12999725341797,92.73999786376952,100.6999969482422,-0.03977480799626398,-0.0405874470247779,84.64400024414063,93.90666598365421,13.039999961853027,2117.389892578125
2015-03-03,85.05000305175781,81.83999633789062,82.6500015258789,92.9499969482422,108.98999786376952,0.03922295769191031,0.03847327782760805,85.1240005493164,92.76666623070126,13.859999656677246,2107.780029296875
2015-03-04,84.0999984741211,85.05000305175781,86.56999969482422,89.37999725341797,106.73999786376952,-0.01116995348087857,-0.01123280588851947,84.63000030517578,91.68857102167038,14.229999542236328,2098.530029296875
2015-03-05,81.26000213623047,84.0999984741211,86.93000030517578,87.5999984741211,101.02999877929688,-0.03376927930342988,-0.03435263198686454,83.49600067138672,90.74714261009579,14.039999961853027,2101.0400390625
2015-03-06,86.87999725341797,81.26000213623047,85.2300033569336,85.77999877929688,103.73999786376952,0.06916065677386651,0.0668739077236994,83.8259994506836,89.94428543817429,15.199999809265137,2071.260009765625
2015-03-09,85.55000305175781,86.87999725341797,81.83999633789062,86.12999725341797,98.55999755859376,-0.015308405199193631,-0.015426788561696773,84.56800079345703,89.32476189022972,15.0600004196167,2079.429931640625
2015-03-10,91.88999938964844,85.55000305175781,85.05000305175781,82.6500015258789,101.69000244140624,0.07410866290741014,0.07149116686018098,85.93600006103516,88.85809507824126,16.690000534057617,2044.1600341796875
2015-03-11,97.27999877929688,91.88999938964844,84.0999984741211,86.56999969482422,104.19000244140624,0.05865708374632583,0.05700120279891486,88.5720001220703,88.52904728480748,16.8700008392334,2040.239990234375
2015-03-12,89.4800033569336,97.27999877929688,81.26000213623047,86.93000030517578,97.33000183105467,-0.08018087500247051,-0.08357823153156105,90.21600036621093,88.15523783365886,15.420000076293945,2065.949951171875
2015-03-13,93.12000274658205,89.4800033569336,86.87999725341797,85.2300033569336,98.7300033569336,0.04067947310114173,0.039873839340259815,91.46400146484376,87.88809494745163,16.0,2053.39990234375
2015-03-16,90.54000091552734,93.12000274658205,85.55000305175781,81.83999633789062,93.23999786376952,-0.027706204413201707,-0.028097261358542024,92.46200103759766,87.759523664202,15.609999656677246,2081.18994140625
2015-03-17,88.25,90.54000091552734,91.88999938964844,85.05000305175781,92.73999786376952,-0.025292698170655936,-0.02561805630626126,91.73400115966797,87.54571424211774,15.65999984741211,2074.280029296875
2015-03-18,81.22000122070312,88.25,97.27999877929688,84.0999984741211,92.9499969482422,-0.0796600428248938,-0.08301215852566672,88.52200164794922,86.98714301699684,13.970000267028809,2099.5
2015-03-19,81.61000061035156,81.22000122070312,89.4800033569336,81.26000213623047,89.37999725341797,0.004801765375362033,0.004790273672293997,86.94800109863282,86.61714317685082,14.069999694824219,2089.27001953125
2015-03-20,80.48999786376953,81.61000061035156,93.12000274658205,86.87999725341797,87.5999984741211,-0.013723841909149215,-0.013818884394712839,84.42200012207032,86.27857171921502,13.020000457763672,2108.10009765625
2015-03-23,79.9800033569336,80.48999786376953,90.54000091552734,85.55000305175781,85.77999877929688,-0.00633612275278117,-0.00635628117448634,82.31000061035157,86.00238146100726,13.40999984741211,2104.419921875
2015-03-24,80.04000091552734,79.9800033569336,88.25,91.88999938964844,86.12999725341797,0.0007501569901915417,0.0007498757630707802,80.66800079345703,85.71238163539341,13.619999885559082,2091.5
2015-03-25,83.5199966430664,80.04000091552734,81.22000122070312,97.27999877929688,82.6500015258789,0.043478206993173174,0.042559562787252224,81.12799987792968,85.7538099743071,15.4399995803833,2061.050048828125
2015-03-26,87.02999877929688,83.5199966430664,81.61000061035156,89.4800033569336,86.56999969482422,0.04202588933559137,0.041166788834031146,82.21199951171874,85.77571469261532,15.800000190734863,2056.14990234375
2015-03-27,86.5,87.02999877929688,80.48999786376953,93.12000274658205,86.93000030517578,-0.006089840132491808,-0.006108458837354837,83.41399993896485,85.75523848760696,15.069999694824219,2061.02001953125
2015-03-30,82.16000366210938,86.5,79.9800033569336,90.54000091552734,85.2300033569336,-0.05017336806809969,-0.0514758037446329,83.85,85.60904802594867,14.510000228881836,2086.239990234375
2015-03-31,84.01000213623047,82.16000366210938,80.04000091552734,88.25,81.83999633789062,0.02251702034641312,0.02226725461184266,84.64400024414063,85.71238163539341,15.289999961853027,2067.889892578125
2015-04-01,82.81999969482422,84.01000213623047,83.5199966430664,81.22000122070312,85.05000305175781,-0.014165009060189582,-0.014266290372429992,84.50400085449219,85.60619099934895,15.109999656677246,2059.68994140625
2015-04-02,80.20999908447266,82.81999969482422,87.02999877929688,81.61000061035156,84.0999984741211,-0.0315141345081974,-0.03202139046790993,83.14000091552734,85.42095293317523,14.670000076293945,2066.9599609375
2015-04-06,80.30000305175781,80.20999908447266,86.5,80.48999786376953,81.26000213623047,0.0011221040806941307,0.0011214749924678405,81.9000015258789,85.37523869105748,14.739999771118164,2080.6201171875
2015-04-07,79.69999694824219,80.30000305175781,82.16000366210938,79.9800033569336,86.87999725341797,-0.00747205579966026,-0.007500111451564838,81.40800018310547,85.03333391462054,14.779999732971191,2076.330078125
2015-04-08,84.76000213623047,79.69999694824219,84.01000213623047,80.04000091552734,85.55000305175781,0.06348814782608203,0.06155421109777709,81.55800018310546,84.99571482340495,13.979999542236328,2081.89990234375
2015-04-09,80.70999908447266,84.76000213623047,82.81999969482422,83.5199966430664,91.88999938964844,-0.04778200742902827,-0.04896128661052149,81.13600006103516,84.46333385649181,13.09000015258789,2091.179931640625
2015-04-10,78.91000366210938,80.70999908447266,80.20999908447266,87.02999877929688,97.27999877929688,-0.022302012672300586,-0.022554463051233823,80.8760009765625,83.5885721842448,12.579999923706055,2102.06005859375
2015-04-13,83.80000305175781,78.91000366210938,80.30000305175781,86.5,89.4800033569336,0.06196932153985557,0.06012503496356627,81.5760009765625,83.31809597923642,13.9399995803833,2092.429931640625
2015-04-14,81.91000366210938,83.80000305175781,79.69999694824219,82.16000366210938,93.12000274658205,-0.022553691179236668,-0.022811915668743455,82.01800231933593,82.78428649902344,13.670000076293945,2095.840087890625
2015-04-15,79.83000183105469,81.91000366210938,84.76000213623047,84.01000213623047,90.54000091552734,-0.02539374603906741,-0.02572173164181908,81.03200225830078,82.27428654261998,12.84000015258789,2106.6298828125
2015-04-16,79.77999877929688,79.83000183105469,80.70999908447266,82.81999969482422,88.25,-0.0006263691671163363,-0.0006265654182378066,80.84600219726562,81.87095315115792,12.600000381469727,2104.989990234375
2015-04-17,85.97000122070312,79.77999877929688,78.91000366210938,80.20999908447266,81.22000122070312,0.07758839980093568,0.07472558120913415,82.25800170898438,82.0971436273484,13.890000343322754,2081.179931640625
2015-04-20,81.4800033569336,85.97000122070312,83.80000305175781,80.30000305175781,81.61000061035156,-0.052227495638190846,-0.05364077982744446,81.79400177001953,82.09095328194755,13.300000190734863,2100.39990234375
2015-04-21,81.29000091552734,81.4800033569336,81.91000366210938,79.69999694824219,80.48999786376953,-0.002331890446468421,-0.002334613537118625,81.67000122070313,82.12904866536458,13.25,2097.2900390625
2015-04-22,79.69999694824219,81.29000091552734,79.83000183105469,84.76000213623047,79.9800033569336,-0.019559650010797958,-0.01975347151535882,81.64400024414063,82.11571502685547,12.710000038146973,2107.9599609375
2015-04-23,78.16999816894531,79.69999694824219,79.77999877929688,80.70999908447266,80.04000091552734,-0.019196974126491684,-0.019383628697375303,81.3220001220703,82.02666727701823,12.479999542236328,2112.929931640625
2015-04-24,76.43000030517578,78.16999816894531,85.97000122070312,78.91000366210938,83.5199966430664,-0.02225915190645078,-0.022510625560558807,79.41399993896485,81.68904840378534,12.289999961853027,2117.68994140625
2015-04-27,81.22000122070312,76.43000030517578,81.4800033569336,83.80000305175781,87.02999877929688,0.06267173749053323,0.060786244040067335,79.36199951171875,81.41238185337612,13.119999885559082,2108.919921875
2015-04-28,77.68000030517578,81.22000122070312,81.29000091552734,81.91000366210938,86.5,-0.04358533442899026,-0.04456370937604253,78.63999938964844,80.99238186790829,12.40999984741211,2114.760009765625
2015-04-29,82.2699966430664,77.68000030517578,79.69999694824219,79.83000183105469,82.16000366210938,0.05908852111043039,0.057408652465280714,79.15399932861328,80.99761962890625,13.390000343322754,2106.85009765625
2015-04-30,87.08000183105469,82.2699966430664,78.16999816894531,79.77999877929688,84.01000213623047,0.05846609194426966,0.05682077701663888,80.93600006103516,81.14381009056454,14.550000190734863,2085.510009765625
2015-05-01,79.63999938964844,87.08000183105469,76.43000030517578,85.97000122070312,82.81999969482422,-0.085438703318366,-0.08931078586150314,81.57799987792968,80.9923815046038,12.699999809265137,2108.2900390625
2015-05-04,78.55999755859375,79.63999938964844,81.22000122070312,81.4800033569336,80.20999908447266,-0.013561047706324603,-0.013653838562866978,81.0459991455078,80.91381000337147,12.850000381469727,2114.489990234375
2015-05-05,84.44999694824219,78.55999755859375,77.68000030517578,81.29000091552734,80.30000305175781,0.07497453631226758,0.07229697414770213,82.39999847412109,81.11142876034691,14.3100004196167,2089.4599609375
2015-05-06,90.8000030517578,84.44999694824219,82.2699966430664,79.69999694824219,79.69999694824219,0.07519249654215399,0.07249971209996588,84.10599975585937,81.64000047956195,15.149999618530273,2080.14990234375
2015-05-07,89.20999908447266,90.8000030517578,87.08000183105469,78.16999816894531,84.76000213623047,-0.01751105631988592,-0.017666188553831348,84.53199920654296,81.8519050961449,15.130000114440918,2088.0
2015-05-08,79.44000244140625,89.20999908447266,79.63999938964844,76.43000030517578,80.70999908447266,-0.1095168338003818,-0.11599108019345931,84.49199981689453,81.79142906552269,12.859999656677246,2116.10009765625
2015-05-11,83.11000061035156,79.44000244140625,78.55999755859375,81.22000122070312,78.91000366210938,0.046198364251716306,0.045162988439211675,85.4020004272461,81.99142892020089,13.850000381469727,2105.330078125
2015-05-12,84.63999938964844,83.11000061035156,84.44999694824219,77.68000030517578,83.80000305175781,0.018409322200225287,0.018241921990006005,85.44000091552735,82.03142874581474,13.859999656677246,2099.1201171875
2015-05-13,84.44999694824219,84.63999938964844,90.8000030517578,82.2699966430664,81.91000366210938,-0.002244830373066886,-0.0022473537818926232,84.16999969482421,82.15238080705915,13.760000228881836,2098.47998046875
2015-05-14,82.33999633789062,84.44999694824219,89.20999908447266,87.08000183105469,79.83000183105469,-0.024985206472473154,-0.025302635250650896,82.7959991455078,82.27190435500373,12.739999771118164,2121.10009765625
2015-05-15,80.93000030517578,82.33999633789062,79.44000244140625,79.63999938964844,79.77999877929688,-0.017124072084346187,-0.017272384587826095,83.09399871826172,82.32666633242653,12.380000114440918,2122.72998046875
2015-05-18,82.05999755859375,80.93000030517578,83.11000061035156,78.55999755859375,85.97000122070312,0.013962649810415284,0.013866069984090524,82.88399810791016,82.14047568184989,12.729999542236328,2129.199951171875
2015-05-19,77.52999877929688,82.05999755859375,84.63999938964844,84.44999694824219,81.4800033569336,-0.055203496393748885,-0.0567857147766077,81.46199798583984,81.95238022577195,12.850000381469727,2127.830078125
2015-05-20,77.02999877929688,77.52999877929688,84.44999694824219,90.8000030517578,81.29000091552734,-0.00644911657258429,-0.00647000196819314,79.97799835205078,81.74952298118954,12.880000114440918,2125.85009765625
2015-05-21,73.18000030517578,77.02999877929688,82.33999633789062,89.20999908447266,79.69999694824219,-0.04998050805053167,-0.05127277675649295,78.14599914550782,81.43904695056733,12.109999656677246,2130.820068359375
2015-05-22,75.9800033569336,73.18000030517578,80.93000030517578,79.44000244140625,78.16999816894531,0.03826186171195989,0.037548028180016076,77.15599975585937,81.33476148332868,12.130000114440918,2126.06005859375
2015-05-26,81.94000244140625,75.9800033569336,82.05999755859375,83.11000061035156,76.43000030517578,0.07844167966766458,0.07551710997248869,77.13200073242187,81.59714253743489,14.0600004196167,2104.199951171875
2015-05-27,77.79000091552734,81.94000244140625,77.52999877929688,84.63999938964844,81.22000122070312,-0.050646831855374885,-0.05197440192587379,77.18400115966797,81.43380918956939,13.270000457763672,2123.47998046875
2015-05-28,77.3499984741211,77.79000091552734,77.02999877929688,84.44999694824219,77.68000030517578,-0.00565628533523288,-0.005672342695765358,77.24800109863281,81.41809481666202,13.3100004196167,2120.7900390625
2015-05-29,79.06999969482422,77.3499984741211,73.18000030517578,82.33999633789062,82.2699966430664,0.02223660316268239,0.021992974931137207,78.4260009765625,81.26571400960286,13.84000015258789,2107.389892578125
2015-06-01,78.88999938964844,79.06999969482422,75.9800033569336,80.93000030517578,87.08000183105469,-0.0022764677611041284,-0.002279062853014566,79.00800018310547,80.87571389334542,13.970000267028809,2111.72998046875
2015-06-02,80.61000061035156,78.88999938964844,81.94000244140625,82.05999755859375,79.63999938964844,0.021802525465969502,0.0215682494969138,78.74199981689453,80.92190442766461,14.239999771118164,2109.60009765625
2015-06-03,79.2699966430664,80.61000061035156,77.79000091552734,77.52999877929688,78.55999755859375,-0.016623296825940992,-0.01676301436620287,79.03799896240234,80.95571390787761,13.65999984741211,2114.070068359375
2015-06-04,87.98999786376953,79.2699966430664,77.3499984741211,77.02999877929688,84.44999694824219,0.11000380459163095,0.10436344287839658,81.16599884033204,81.12428538004558,14.710000038146973,2095.840087890625
2015-06-05,84.0999984741211,87.98999786376953,79.06999969482422,73.18000030517578,90.8000030517578,-0.04420956340595805,-0.04521659854408721,82.1719985961914,80.80523754301525,14.210000038146973,2092.830078125
2015-06-08,86.5,84.0999984741211,78.88999938964844,75.9800033569336,89.20999908447266,0.028537474071624658,0.028137865102556926,83.69399871826172,80.67618996756417,15.289999961853027,2079.280029296875
2015-06-09,84.33999633789062,86.5,80.61000061035156,81.94000244140625,79.44000244140625,-0.02497114060242056,-0.025288209040210185,84.43999786376953,80.9095230102539,14.470000267028809,2080.14990234375
2015-06-10,81.5999984741211,84.33999633789062,79.2699966430664,77.79000091552734,83.11000061035156,-0.032487526473113704,-0.03302696162705879,84.90599822998047,80.83761814662388,13.220000267028809,2105.199951171875
2015-06-11,79.52999877929688,81.5999984741211,87.98999786376953,77.3499984741211,84.63999938964844,-0.025367643793286376,-0.025694949650485195,83.21399841308593,80.59428478422619,12.850000381469727,2108.860107421875
2015-06-12,85.55000305175781,79.52999877929688,84.0999984741211,79.06999969482422,84.44999694824219,0.07569476128331165,0.07296674239033529,83.50399932861328,80.64666602725075,13.779999732971191,2094.110107421875
2015-06-15,96.12000274658205,85.55000305175781,86.5,78.88999938964844,82.33999633789062,0.12355346952389201,0.11649640343236446,85.4279998779297,81.30285680861701,15.390000343322754,2084.429931640625
2015-06-16,95.95999908447266,96.12000274658205,84.33999633789062,80.61000061035156,80.93000030517578,-0.0016646239860316214,-0.001666011012003905,87.75200042724609,82.01857103620257,14.8100004196167,2096.2900390625
2015-06-17,93.19000244140624,95.95999908447266,81.5999984741211,79.2699966430664,82.05999755859375,-0.02886615954037286,-0.029290982435054708,90.07000122070312,82.54857126871745,14.5,2100.43994140625
2015-06-18,89.19999694824219,93.19000244140624,79.52999877929688,87.98999786376953,77.52999877929688,-0.04281581058732975,-0.043759440622289016,92.00400085449219,83.10428546723865,13.1899995803833,2121.239990234375
2015-06-19,92.16000366210938,89.19999694824219,85.55000305175781,84.0999984741211,77.02999877929688,0.033183932905117786,0.03264523131057851,93.3260009765625,83.82476189022972,13.960000038146973,2109.989990234375
2015-06-22,83.87000274658203,92.16000366210938,96.12000274658205,86.5,73.18000030517578,-0.08995226330417005,-0.0942582229396038,90.8760009765625,84.33380962553478,12.739999771118164,2122.85009765625
2015-06-23,78.8499984741211,83.87000274658203,95.95999908447266,84.33999633789062,75.9800033569336,-0.05985458576446179,-0.061720719687025666,87.4540008544922,84.47047605968658,12.109999656677246,2124.199951171875
2015-06-24,82.52999877929688,78.8499984741211,93.19000244140624,81.5999984741211,81.94000244140625,0.04667089887621967,0.04561455475618912,85.3220001220703,84.49857112339565,13.260000228881836,2108.580078125
2015-06-25,83.51000213623047,82.52999877929688,89.19999694824219,79.52999877929688,77.79000091552734,0.01187451074068635,0.011804561932102801,84.18400115966797,84.77095213390533,14.010000228881836,2102.31005859375
2015-06-26,83.08999633789062,83.51000213623047,92.16000366210938,85.55000305175781,77.3499984741211,-0.005029407108081307,-0.005042097142792203,82.36999969482422,85.04428536551339,14.020000457763672,2101.489990234375
2015-06-29,117.0,83.08999633789062,83.87000274658203,96.12000274658205,79.06999969482422,0.40811174818460993,0.3422496211948758,88.99599914550781,86.85047585623605,18.850000381469727,2057.639892578125
2015-06-30,110.16999816894533,117.0,78.8499984741211,95.95999908447266,78.88999938964844,-0.05837608402610828,-0.060149324066048365,95.25999908447265,88.33999960763114,18.229999542236328,2063.110107421875
2015-07-01,97.5999984741211,110.16999816894533,82.52999877929688,93.19000244140624,80.61000061035156,-0.1140963956044383,-0.12114713294666617,98.2739990234375,89.1490471249535,16.09000015258789,2077.419921875
2015-07-02,105.13999938964844,97.5999984741211,83.51000213623047,89.19999694824219,79.2699966430664,0.0772541089488501,0.07441531180112873,102.5999984741211,90.38095201764789,16.790000915527344,2076.780029296875
2015-07-06,105.97000122070312,105.13999938964844,83.08999633789062,92.16000366210938,87.98999786376953,0.00789425371764274,0.00786325711990185,107.17599945068359,91.23714265369233,17.010000228881836,2068.760009765625
2015-07-07,99.3499984741211,105.97000122070312,117.0,83.87000274658203,84.0999984741211,-0.06247053572071393,-0.06450709306686635,103.64599914550782,91.96333312988281,16.09000015258789,2081.340087890625
2015-07-08,111.66999816894533,99.3499984741211,110.16999816894533,78.8499984741211,86.5,0.12400603808799637,0.11689912342147997,103.94599914550781,93.16190447126117,19.65999984741211,2046.6800537109375
2015-07-09,115.36000061035156,111.66999816894533,97.5999984741211,82.52999877929688,84.33999633789062,0.03304381214212637,0.032509601766795564,107.49799957275391,94.63904753185454,19.969999313354492,2051.31005859375
2015-07-10,101.19000244140624,115.36000061035156,105.13999938964844,83.51000213623047,81.5999984741211,-0.12283285449006676,-0.13105771695886126,106.70800018310547,95.57190486363002,16.829999923706055,2076.6201171875
2015-07-13,85.94999694824219,101.19000244140624,105.97000122070312,83.08999633789062,79.52999877929688,-0.15060781821789881,-0.16323426554596138,102.70399932861328,95.87761906215123,13.899999618530273,2099.60009765625
2015-07-14,87.3499984741211,85.94999694824219,99.3499984741211,117.0,85.55000305175781,0.016288558180193702,0.016157322788844797,100.30399932861329,95.96333312988281,13.369999885559082,2108.949951171875
2015-07-15,90.80999755859376,87.3499984741211,111.66999816894533,110.16999816894533,96.12000274658205,0.0396107515159001,0.038846365705460295,96.13199920654297,95.7104757399786,13.229999542236328,2107.39990234375
2015-07-16,87.12000274658203,90.80999755859376,115.36000061035156,97.5999984741211,95.95999908447266,-0.04063423533990096,-0.04148287466583537,90.48399963378907,95.28952353341239,12.109999656677246,2124.2900390625
2015-07-17,85.31999969482422,87.12000274658203,101.19000244140624,105.13999938964844,93.19000244140624,-0.020661191402779555,-0.020877620124815966,87.30999908447265,94.91476149786087,11.949999809265137,2126.639892578125
2015-07-20,84.37999725341797,85.31999969482422,85.94999694824219,105.97000122070312,89.19999694824219,-0.0110173751144923,-0.011078515880274562,86.99599914550781,94.68523770286923,12.25,2128.280029296875
2015-07-21,82.55999755859375,84.37999725341797,87.3499984741211,99.3499984741211,92.16000366210938,-0.021569089287336918,-0.021805101984082084,86.03799896240234,94.22809455508278,12.220000267028809,2119.2099609375
2015-07-22,78.88999938964844,82.55999755859375,90.80999755859376,111.66999816894533,83.87000274658203,-0.044452498515890504,-0.04547080279169915,83.65399932861328,93.99095153808594,12.119999885559082,2114.14990234375
2015-07-23,81.63999938964844,78.88999938964844,87.12000274658203,115.36000061035156,78.8499984741211,0.03485866423217199,0.03426486109525394,82.55799865722656,94.12380872453961,12.640000343322754,2102.14990234375
2015-07-24,88.36000061035156,81.63999938964844,85.31999969482422,101.19000244140624,82.52999877929688,0.08231260743437963,0.0791000549939612,83.16599884033204,94.40142785935174,13.739999771118164,2079.64990234375
2015-07-27,97.31999969482422,88.36000061035156,84.37999725341797,85.94999694824219,83.51000213623047,0.10140333887031439,0.09658512932005335,85.75399932861328,95.05904679071335,15.600000381469727,2067.639892578125
2015-07-28,84.7699966430664,97.31999969482422,82.55999755859375,87.3499984741211,83.08999633789062,-0.12895605313514258,-0.13806284775970193,86.19599914550781,95.13904680524554,13.4399995803833,2093.25
2015-07-29,82.94000244140625,84.7699966430664,78.88999938964844,90.80999755859376,117.0,-0.02158775833583615,-0.021824182765775926,87.00599975585938,93.51714215959821,12.5,2108.570068359375
2015-07-30,80.6500015258789,82.94000244140625,81.63999938964844,87.12000274658203,110.16999816894533,-0.027610330939465966,-0.027998660763065883,86.80800018310546,92.11142803373791,12.130000114440918,2108.6298828125
2015-07-31,81.7699966430664,80.6500015258789,88.36000061035156,85.31999969482422,97.5999984741211,0.01388710596401066,0.013791563629539892,85.48999938964843,91.3576184227353,12.119999885559082,2103.840087890625
2015-08-03,79.43000030517578,81.7699966430664,97.31999969482422,84.37999725341797,105.13999938964844,-0.028616808535591898,-0.029034252633408083,81.91199951171875,90.13333275204613,12.5600004196167,2098.0400390625
2015-08-04,80.81999969482422,79.43000030517578,84.7699966430664,82.55999755859375,105.97000122070312,0.01749967750608028,0.017348321387221526,81.12200012207032,88.93571363176618,13.0,2093.320068359375
2015-08-05,80.0999984741211,80.81999969482422,82.94000244140625,78.88999938964844,99.3499984741211,-0.00890870110643216,-0.008948620849695185,80.55399932861329,88.01904696509952,12.510000228881836,2099.840087890625
2015-08-06,84.36000061035156,80.0999984741211,80.6500015258789,81.63999938964844,111.66999816894533,0.053183548281924065,0.051817527821017166,81.2959991455078,86.71857089088077,13.770000457763672,2083.56005859375
2015-08-07,82.56999969482422,84.36000061035156,81.7699966430664,88.36000061035156,115.36000061035156,-0.021218597707166165,-0.02144694811228355,81.45599975585938,85.15714227585565,13.390000343322754,2077.570068359375
2015-08-10,80.20999908447266,82.56999969482422,79.43000030517578,97.31999969482422,101.19000244140624,-0.0285818168714308,-0.02899823076866937,81.61199951171875,84.15809449695405,12.229999542236328,2104.179931640625
2015-08-11,85.22000122070312,80.20999908447266,80.81999969482422,84.7699966430664,85.94999694824219,0.06246106711651023,0.06058797843120148,82.49199981689453,84.12333279564267,13.710000038146973,2084.070068359375
2015-08-12,88.12999725341797,85.22000122070312,80.0999984741211,82.94000244140625,87.3499984741211,0.03414686682740742,0.03357680355054373,84.0979995727539,84.1604755946568,13.609999656677246,2086.050048828125
2015-08-13,88.36000061035156,88.12999725341797,84.36000061035156,80.6500015258789,90.80999755859376,0.002609819177370687,0.002606419513022905,84.8979995727539,84.04380907331195,13.489999771118164,2083.389892578125
2015-08-14,89.37999725341797,88.36000061035156,82.56999969482422,81.7699966430664,87.12000274658203,0.011543646854014433,0.01147752731656481,86.25999908447265,84.15142785935174,12.829999923706055,2091.5400390625
2015-08-17,87.3499984741211,89.37999725341797,80.20999908447266,79.43000030517578,85.31999969482422,-0.022712003151457272,-0.022973893664533045,87.68799896240235,84.2480944678897,13.020000457763672,2102.43994140625
2015-08-18,88.83999633789062,87.3499984741211,85.22000122070312,80.81999969482422,84.37999725341797,0.01705778923637835,0.016913938693320328,88.41199798583985,84.46047537667411,13.789999961853027,2096.919921875
2015-08-19,91.83999633789062,88.83999633789062,88.12999725341797,80.0999984741211,82.55999755859375,0.03376857410698131,0.03321093489154766,89.15399780273438,84.90238008045014,15.25,2079.610107421875
2015-08-20,108.75,91.83999633789062,88.36000061035156,84.36000061035156,78.88999938964844,0.1841246116767623,0.16900377727242238,93.23199768066407,86.32428487141927,19.139999389648438,2035.72998046875
2015-08-21,138.57000732421875,108.75,89.37999725341797,82.56999969482422,81.63999938964844,0.27420696390086197,0.24232399599756052,103.06999969482422,89.03523763020833,28.030000686645508,1970.8900146484375
2015-08-24,168.75,138.57000732421875,87.3499984741211,80.20999908447266,88.36000061035156,0.21779599538569494,0.19704266378628518,119.35,92.8633328392392,40.7400016784668,1893.2099609375
2015-08-25,152.4199981689453,168.75,88.83999633789062,85.22000122070312,97.31999969482422,-0.09677038122106485,-0.10177847352788592,132.06600036621094,95.48714229038784,36.02000045776367,1867.6099853515625
2015-08-26,134.30999755859375,152.4199981689453,91.83999633789062,88.12999725341797,84.7699966430664,-0.11881643372202433,-0.12648931348116704,140.56000061035155,97.846189953032,30.31999969482422,1940.510009765625
2015-08-27,128.58999633789062,134.30999755859375,108.75,88.36000061035156,82.94000244140625,-0.042588052450881264,-0.04352152294019836,144.5279998779297,100.01999918619792,26.100000381469727,1987.6600341796875
2015-08-28,127.18000030517578,128.58999633789062,138.57000732421875,89.37999725341797,80.6500015258789,-0.010965052281437626,-0.011025611564568211,142.2499984741211,102.23571341378349,26.049999237060547,1988.8699951171875
2015-08-31,127.27999877929688,127.18000030517578,168.75,87.3499984741211,81.7699966430664,0.0007862751523914913,0.0007859662000209651,133.95599822998048,104.4028563726516,28.43000030517578,1972.1800537109375
2015-09-01,128.94000244140625,127.27999877929688,152.4199981689453,88.83999633789062,79.43000030517578,0.013042140776476696,0.012957824378069865,129.25999908447267,106.76047552199591,31.399999618530273,1913.8499755859375
2015-09-02,114.43000030517578,128.94000244140625,134.30999755859375,91.83999633789062,80.81999969482422,-0.1125329755040465,-0.11938391382036598,125.28399963378907,108.36095174153645,26.09000015258789,1948.8599853515625
2015-09-03,118.16000366210938,114.43000030517578,128.58999633789062,108.75,80.0999984741211,0.03259637636097157,0.03207638421938055,123.19800109863282,110.17333294096447,25.610000610351562,1951.1300048828125
2015-09-04,123.1500015258789,118.16000366210938,127.18000030517578,138.57000732421875,84.36000061035156,0.042230854004024376,0.04136346774103116,122.39200134277344,112.02047584170387,27.799999237060547,1921.219970703125
2015-09-08,117.62000274658205,123.1500015258789,127.27999877929688,168.75,82.56999969482422,-0.044904577432220205,-0.04594402457382836,120.46000213623047,113.6895236060733,24.899999618530273,1969.4100341796875
2015-09-09,131.3000030517578,117.62000274658205,128.94000244140625,152.4199981689453,80.20999908447266,0.11630675043130201,0.11002569216825622,120.93200225830078,116.12238093784877,26.229999542236328,1942.0400390625
2015-09-10,127.05999755859376,131.3000030517578,114.43000030517578,134.30999755859375,85.22000122070312,-0.03229250110141013,-0.03282540792759033,123.45800170898437,118.11476171584357,24.3700008392334,1952.2900390625
2015-09-11,119.08999633789062,127.05999755859376,118.16000366210938,128.58999633789062,88.12999725341797,-0.0627262818656027,-0.06477991759466115,123.64400024414063,119.58904738653274,23.200000762939453,1961.050048828125
2015-09-14,118.01000213623048,119.08999633789062,123.1500015258789,127.18000030517578,88.36000061035156,-0.009068723107488408,-0.009110094289361208,122.61600036621094,121.0009522210984,24.25,1953.030029296875
2015-09-15,109.33999633789062,118.01000213623048,117.62000274658205,127.27999877929688,89.37999725341797,-0.0734683979441948,-0.0763071247657792,120.95999908447266,121.95142836797805,22.540000915527344,1978.0899658203125
2015-09-16,107.0199966430664,109.33999633789062,131.3000030517578,128.94000244140625,87.3499984741211,-0.021218216320904038,-0.021446558458182104,116.10399780273437,122.88809494745163,21.350000381469727,1995.31005859375
2015-09-17,118.08999633789062,107.0199966430664,127.05999755859376,114.43000030517578,88.83999633789062,0.10343860999869903,0.09843131308620721,114.30999755859375,124.28095209030877,21.139999389648438,1990.199951171875
2015-09-18,116.26000213623048,118.08999633789062,119.08999633789062,118.16000366210938,91.83999633789062,-0.015496606473117236,-0.015617933954217247,113.74399871826172,125.44380950927734,22.280000686645508,1958.030029296875
2015-09-21,103.4000015258789,116.26000213623048,118.01000213623048,123.1500015258789,108.75,-0.11061414393647229,-0.11722410381642187,110.8219985961914,125.18904767717633,20.139999389648438,1966.969970703125
2015-09-22,111.36000061035156,103.4000015258789,109.33999633789062,117.62000274658205,138.57000732421875,0.07698258188594354,0.07416322523561837,111.22599945068359,123.89333307175409,22.440000534057617,1942.739990234375
2015-09-23,105.86000061035156,111.36000061035156,107.0199966430664,131.3000030517578,168.75,-0.04938936754539447,-0.05065072987150634,110.99400024414062,120.89857119605655,22.1299991607666,1938.760009765625
2015-09-24,110.12000274658205,105.86000061035156,118.08999633789062,127.05999755859376,152.4199981689453,0.04024184877828074,0.03945323302063462,109.4000015258789,118.88428569975353,23.469999313354492,1932.239990234375
2015-09-25,110.54000091552734,110.12000274658205,116.26000213623048,119.08999633789062,134.30999755859375,0.0038140043449856886,0.0038067494713092858,108.25600128173828,117.75238109770275,23.6200008392334,1931.3399658203125
2015-09-28,115.30999755859376,110.54000091552734,103.4000015258789,118.01000213623048,128.58999633789062,0.04315176952740907,0.04224667792304497,110.63800048828125,117.12000020345052,27.6299991607666,1881.77001953125
2015-09-29,110.98999786376952,115.30999755859376,111.36000061035156,109.33999633789062,127.18000030517578,-0.037464225013352226,-0.038184044693644746,110.56399993896484,116.3490477062407,26.829999923706055,1884.0899658203125
2015-09-30,103.27999877929688,110.98999786376952,105.86000061035156,107.0199966430664,127.27999877929688,-0.06946571072049201,-0.07199635319780366,110.04799957275391,115.20619056338356,24.5,1920.030029296875
2015-10-01,98.2699966430664,103.27999877929688,110.12000274658205,118.08999633789062,128.94000244140625,-0.04850892908061066,-0.049724976505005,107.67799835205078,113.74571409679595,22.549999237060547,1923.8199462890625
2015-10-02,95.06999969482422,98.2699966430664,110.54000091552734,116.26000213623048,114.43000030517578,-0.03256331594133588,-0.033105299053097934,104.58399810791016,112.82380930582683,20.940000534057617,1951.3599853515625
2015-10-05,92.29000091552734,95.06999969482422,115.30999755859376,103.4000015258789,118.16000366210938,-0.029241598698019344,-0.029677655963328102,99.97999877929688,111.59190441313244,19.540000915527344,1987.050048828125
2015-10-06,92.45999908447266,92.29000091552734,110.98999786376952,111.36000061035156,123.1500015258789,0.0018419998619449984,0.0018403054606049075,96.2739990234375,110.13047572544643,19.399999618530273,1979.9200439453125
2015-10-07,89.43000030517578,92.45999908447266,103.27999877929688,105.86000061035156,117.62000274658205,-0.032770915090845176,-0.033319908887660565,93.50399932861328,108.78809465680804,18.399999618530273,1995.8299560546875
2015-10-08,88.41999816894531,89.43000030517578,98.2699966430664,110.12000274658205,131.3000030517578,-0.011293773149769426,-0.011358032081050136,91.53399963378907,106.74618966238839,17.420000076293945,2013.4300537109375
2015-10-09,89.08000183105469,88.41999816894531,95.06999969482422,110.54000091552734,127.05999755859376,0.007464416147671571,0.007436695254844364,90.33600006103515,104.93761843726749,17.079999923706055,2014.8900146484375
2015-10-12,88.2699966430664,89.08000183105469,92.29000091552734,115.30999755859376,119.08999633789062,-0.009093008209906661,-0.009134601942486316,89.53199920654296,103.46999940418061,16.170000076293945,2017.4599609375
2015-10-13,98.3499984741211,88.2699966430664,92.45999908447266,110.98999786376952,118.01000213623048,0.114195108353915,0.10813226831843295,90.70999908447266,102.53380875360398,17.670000076293945,2003.68994140625
2015-10-14,102.29000091552734,98.3499984741211,89.43000030517578,103.27999877929688,109.33999633789062,0.040061032054240275,0.039279396098942286,93.28199920654296,102.19809468587239,18.030000686645508,1994.239990234375
2015-10-15,96.61000061035156,102.29000091552734,88.41999816894531,98.2699966430664,107.0199966430664,-0.055528402134500054,-0.057129663572123936,94.91999969482421,101.70238058907645,16.049999237060547,2023.8599853515625
2015-10-16,97.58000183105467,96.61000061035156,89.08000183105469,95.06999969482422,118.08999633789062,0.010040381063812776,0.009990311305238935,96.61999969482422,100.72571418398903,15.050000190734863,2033.1099853515625
2015-10-19,94.37999725341795,97.58000183105467,88.2699966430664,92.29000091552734,116.26000213623048,-0.032793651543243985,-0.03334341595541551,97.84199981689453,99.68380918956939,14.979999542236328,2033.6600341796875
2015-10-20,97.11000061035156,94.37999725341795,98.3499984741211,92.45999908447266,103.4000015258789,0.028925656244758402,0.02851520569449261,97.59400024414063,99.38428533644904,15.75,2030.77001953125
2015-10-21,106.0199966430664,97.11000061035156,102.29000091552734,89.43000030517578,111.36000061035156,0.09175158044191245,0.08778336100502952,98.33999938964844,99.12999943324498,16.700000762939453,2018.93994140625
2015-10-22,97.06999969482422,106.0199966430664,96.61000061035156,88.41999816894531,105.86000061035156,-0.08441800822135292,-0.08819535931618727,98.43199920654297,98.711427961077,14.449999809265137,2052.510009765625
2015-10-23,97.20999908447266,97.06999969482422,97.58000183105467,89.08000183105469,110.12000274658205,0.0014422518809991125,0.0014412128346793487,98.35799865722656,98.09666588192894,14.460000038146973,2075.14990234375
2015-10-26,98.0999984741211,97.20999908447266,94.37999725341795,88.2699966430664,110.54000091552734,0.009155430491003758,0.00911377360205511,99.10199890136718,97.50428481329055,15.289999961853027,2071.179931640625
2015-10-27,95.20999908447266,98.0999984741211,97.11000061035156,98.3499984741211,115.30999755859376,-0.02945972920081974,-0.029902382335269935,98.72199859619141,96.5471420288086,15.430000305175781,2065.889892578125
2015-10-28,88.27999877929688,95.20999908447266,106.0199966430664,102.29000091552734,110.98999786376952,-0.07278647591443954,-0.07557140112082002,95.1739990234375,95.46571350097656,14.329999923706055,2090.35009765625
2015-10-29,88.5999984741211,88.27999877929688,97.06999969482422,96.61000061035156,103.27999877929688,0.003624826679305082,0.0036182728280193884,93.47999877929688,94.76666586739677,14.609999656677246,2089.409912109375
2015-10-30,90.2699966430664,88.5999984741211,97.20999908447266,97.58000183105467,98.2699966430664,0.018848738123094844,0.01867330173343822,92.09199829101563,94.38571348644439,15.069999694824219,2079.360107421875
2015-11-02,86.75,90.2699966430664,98.0999984741211,94.37999725341795,95.06999969482422,-0.0389940929873378,-0.039774723295395185,89.8219985961914,93.98952302478608,14.149999618530273,2104.050048828125
2015-11-03,87.33999633789062,86.75,95.20999908447266,97.11000061035156,92.29000091552734,0.0068011105232348434,0.006778087301096037,88.247998046875,93.7538085210891,14.539999961853027,2109.7900390625
2015-11-04,89.45999908447266,87.33999633789062,88.27999877929688,106.0199966430664,92.45999908447266,0.024272988727643385,0.02398308164270777,88.48399810791015,93.61095137823196,15.510000228881836,2102.31005859375
2015-11-05,87.68000030517578,89.45999908447266,88.5999984741211,97.06999969482422,89.43000030517578,-0.019897147300617646,-0.02009776109050375,88.2999984741211,93.52761804489862,15.050000190734863,2099.929931640625
2015-11-06,85.02999877929688,87.68000030517578,90.2699966430664,97.20999908447266,88.41999816894531,-0.030223557443606386,-0.030689705638713916,87.25199890136719,93.36618950253441,14.329999923706055,2099.199951171875
2015-11-09,92.97000122070312,85.02999877929688,86.75,98.0999984741211,89.08000183105469,0.09337883753256593,0.08927275255628728,88.49599914550781,93.55142756870815,16.520000457763672,2078.580078125
2015-11-10,86.95999908447266,92.97000122070312,87.33999633789062,95.20999908447266,88.2699966430664,-0.06464453111023649,-0.0668286413130314,88.41999969482421,93.48904673258464,15.289999961853027,2081.719970703125
2015-11-11,91.25,86.95999908447266,89.45999908447266,88.27999877929688,98.3499984741211,0.04933303772646136,0.04815476017779017,88.77799987792969,93.1509515671503,16.059999465942383,2075.0
2015-11-12,98.19000244140624,91.25,87.68000030517578,88.5999984741211,102.29000091552734,0.07605482127568486,0.07330140958270033,90.88000030517577,92.9557135445731,18.3700008392334,2045.969970703125
2015-11-13,106.05999755859376,98.19000244140624,85.02999877929688,90.2699966430664,96.61000061035156,0.08015067645897922,0.07710054664457794,95.08600006103515,93.4057133992513,20.079999923706055,2023.0400390625
2015-11-16,96.70999908447266,106.05999755859376,92.97000122070312,86.75,97.58000183105467,-0.08815763425749301,-0.09228814842773611,95.83399963378906,93.36428469703311,18.15999984741211,2053.18994140625
2015-11-17,100.37000274658205,96.70999908447266,86.95999908447266,87.33999633789062,94.37999725341795,0.03784514214411794,0.03714658492813707,98.51600036621095,93.64952305385044,18.84000015258789,2050.43994140625
2015-11-18,93.47000122070312,100.37000274658205,91.25,89.45999908447266,97.11000061035156,-0.06874565444917147,-0.07122284293594941,98.96000061035156,93.47618974958148,16.850000381469727,2083.580078125
2015-11-19,96.18000030517578,93.47000122070312,98.19000244140624,87.68000030517578,106.0199966430664,0.02899324969595063,0.028580896768150964,98.55800018310548,93.0076184953962,16.989999771118164,2081.239990234375
2015-11-20,90.79000091552734,96.18000030517578,106.05999755859376,85.02999877929688,97.06999969482422,-0.05604075039037382,-0.05767228155480501,95.50400085449219,92.70857093447731,15.470000267028809,2089.169921875
2015-11-23,88.55000305175781,90.79000091552734,96.70999908447266,92.97000122070312,97.20999908447266,-0.02467229696201534,-0.02498175877516657,93.87200164794922,92.2961901710147,15.619999885559082,2086.590087890625
2015-11-24,89.63999938964844,88.55000305175781,100.37000274658205,86.95999908447266,98.0999984741211,0.012309387920105719,0.01223424343129652,91.7260009765625,91.89333307175409,15.930000305175781,2089.139892578125
2015-11-25,86.13999938964844,89.63999938964844,93.47000122070312,91.25,95.20999908447266,-0.03904506943140584,-0.03982776958341856,90.26000061035157,91.46142832438152,15.1899995803833,2088.8701171875
2015-11-27,88.3499984741211,86.13999938964844,96.18000030517578,98.19000244140624,88.27999877929688,0.025655898538794686,0.02533230895447512,88.69400024414062,91.46476164318267,15.119999885559082,2090.110107421875
2015-11-30,90.83999633789062,88.3499984741211,90.79000091552734,106.05999755859376,88.5999984741211,0.02818333793745209,0.027793495428652185,88.70399932861328,91.57142820812408,16.1299991607666,2080.409912109375
2015-12-01,87.31999969482422,90.83999633789062,88.55000305175781,96.70999908447266,90.2699966430664,-0.03874941418946498,-0.039520148736684864,88.45799865722657,91.43095216296967,14.670000076293945,2102.6298828125
2015-12-02,92.94000244140624,87.31999969482422,89.63999938964844,100.37000274658205,86.75,0.06436100281978274,0.062374621738628906,89.11799926757813,91.72571418398903,15.90999984741211,2079.510009765625
2015-12-03,101.8000030517578,92.94000244140624,86.13999938964844,93.47000122070312,87.33999633789062,0.09533032469993019,0.09105598416893697,92.24999999999999,92.41428593226841,18.110000610351562,2049.6201171875
2015-12-04,89.19000244140625,101.8000030517578,88.3499984741211,96.18000030517578,89.45999908447266,-0.12387033627042521,-0.1322411810431868,92.41800079345703,92.40142894926525,14.8100004196167,2091.68994140625
2015-12-07,94.3000030517578,89.19000244140625,90.83999633789062,90.79000091552734,87.68000030517578,0.057293423819654965,0.05571226895042651,93.11000213623046,92.71666717529297,15.84000015258789,2077.070068359375
2015-12-08,99.16000366210938,94.3000030517578,87.31999969482422,88.55000305175781,85.02999877929688,0.051537650615812725,0.0502535220966697,95.47800292968749,93.38952455066499,17.600000381469727,2063.590087890625
2015-12-09,113.83000183105467,99.16000366210938,92.94000244140624,89.63999938964844,92.97000122070312,0.14794269490886425,0.13797137932469014,99.65600280761718,94.38285791306268,19.610000610351562,2047.6199951171875
2015-12-10,113.8000030517578,113.83000183105467,101.8000030517578,86.13999938964844,86.95999908447266,-0.0002635401810974214,-0.00026357491391341026,102.05600280761719,95.66095334007626,19.34000015258789,2052.22998046875
2015-12-11,131.08999633789062,113.8000030517578,89.19000244140625,88.3499984741211,91.25,0.15193315309727273,0.14144153376479404,110.43600158691406,97.55809602283296,24.389999389648438,2012.3699951171875
2015-12-14,122.22000122070312,131.08999633789062,94.3000030517578,90.83999633789062,98.19000244140624,-0.06766340197557619,-0.07006137281935465,116.02000122070312,98.70238167898995,22.729999542236328,2021.93994140625
2015-12-15,114.37000274658205,122.22000122070312,99.16000366210938,87.31999969482422,106.05999755859376,-0.06422842739091172,-0.06638387864651496,119.06200103759765,99.0980962117513,20.950000762939453,2043.4100341796875
2015-12-16,108.93000030517578,114.37000274658205,113.83000183105467,92.94000244140624,96.70999908447266,-0.04756494107515297,-0.048733353912075845,118.08200073242188,99.68000103178478,17.860000610351562,2073.070068359375
2015-12-17,113.5199966430664,108.93000030517578,113.8000030517578,101.8000030517578,100.37000274658205,0.042137118562667775,0.04127352638455909,118.0259994506836,100.30619121733166,18.940000534057617,2041.8900146484375
2015-12-18,118.31999969482422,113.5199966430664,131.08999633789062,89.19000244140625,93.47000122070312,0.042283326230621254,0.041413812542813275,115.47200012207031,101.48952447800409,20.700000762939453,2005.550048828125
2015-12-21,109.44000244140624,118.31999969482422,122.22000122070312,94.3000030517578,96.18000030517578,-0.07505068691955408,-0.07801633964089241,112.91600036621094,102.12095315115792,18.700000762939453,2021.1500244140625
2015-12-22,100.91000366210938,109.44000244140624,114.37000274658205,99.16000366210938,90.79000091552734,-0.07794223856915383,-0.08114740941512733,110.2240005493164,102.60285804385231,16.600000381469727,2038.969970703125
2015-12-23,99.61000061035156,100.91000366210938,108.93000030517578,113.83000183105467,88.55000305175781,-0.0128827965967655,-0.012966499482797012,108.36000061035156,103.12952459426154,15.569999694824219,2064.2900390625
2015-12-24,99.87999725341795,99.61000061035156,113.5199966430664,113.8000030517578,89.63999938964844,0.0027105375104106155,0.0027068706282661345,105.63200073242187,103.61714354015533,15.739999771118164,2060.989990234375
2015-12-28,99.23999786376952,99.87999725341795,118.31999969482422,131.08999633789062,86.13999938964844,-0.0064076832924275795,-0.006428300615054725,101.81600036621093,104.24095299130394,16.90999984741211,2056.5
2015-12-29,95.12999725341795,99.23999786376952,109.44000244140624,122.22000122070312,88.3499984741211,-0.041414759157829883,-0.04229678895121422,98.95399932861328,104.56381007603237,16.079999923706055,2078.360107421875
2015-12-30,100.81999969482422,95.12999725341795,100.91000366210938,114.37000274658205,90.83999633789062,0.05981291501826291,0.05809239728106376,98.93599853515624,105.03904833112445,17.290000915527344,2063.360107421875
2015-12-31,100.1999969482422,100.81999969482422,99.61000061035156,108.93000030517578,87.31999969482422,-0.0061496007583686785,-0.006168587433448582,99.05399780273437,105.65238153366815,18.209999084472656,2043.93994140625
2016-01-04,107.69000244140624,100.1999969482422,99.87999725341795,113.5199966430664,92.94000244140624,0.07475055610064496,0.07208859381737655,100.61599884033203,106.35476248604911,20.700000762939453,2012.6600341796875
2016-01-05,101.83999633789062,107.69000244140624,99.23999786376952,118.31999969482422,101.8000030517578,-0.05432264807216969,-0.05585383372176543,101.13599853515625,106.35666692824591,19.34000015258789,2016.7099609375
2016-01-06,103.05999755859376,101.83999633789062,95.12999725341795,109.44000244140624,89.19000244140625,0.011979588222444049,0.01190840092119391,102.72199859619141,107.01714288620721,20.59000015258789,1990.260009765625
2016-01-07,116.5500030517578,103.05999755859376,100.81999969482422,100.91000366210938,94.3000030517578,0.1308946808920155,0.12300907245496955,105.86799926757813,108.07666669573102,24.989999771118164,1943.0899658203125
2016-01-08,116.45999908447266,116.5500030517578,100.1999969482422,99.61000061035156,99.16000366210938,-0.000772234791321047,-0.0007725331182029964,109.11999969482422,108.90047600155785,27.010000228881836,1922.030029296875
2016-01-11,109.62999725341795,116.45999908447266,107.69000244140624,99.87999725341795,113.83000183105467,-0.05864676184739326,-0.06043682391442011,109.50799865722657,108.70047578357514,24.299999237060547,1923.6700439453125
2016-01-12,104.5199966430664,109.62999725341795,101.83999633789062,99.23999786376952,113.8000030517578,-0.04661133575092047,-0.047732626098459165,110.04399871826172,108.2585707164946,22.469999313354492,1938.6800537109375
2016-01-13,117.13999938964844,104.5199966430664,103.05999755859376,95.12999725341795,131.08999633789062,0.12074247179397712,0.11399138691639919,112.85999908447266,107.5942851475307,25.219999313354492,1890.280029296875
2016-01-14,110.06999969482422,117.13999938964844,116.5500030517578,100.81999969482422,122.22000122070312,-0.06035512832219625,-0.06225327118845149,111.56399841308594,107.01571364629837,23.950000762939453,1921.8399658203125
2016-01-15,116.41000366210938,110.06999969482422,116.45999908447266,100.1999969482422,114.37000274658205,0.05759974547890612,0.05600194945612773,111.55399932861329,107.11285654703777,27.020000457763672,1880.3299560546875
2016-01-19,113.76000213623048,116.41000366210938,109.62999725341795,107.69000244140624,108.93000030517578,-0.02276437971405587,-0.023027488885539304,112.38000030517578,107.34285663423084,26.049999237060547,1881.3299560546875
2016-01-20,112.87999725341795,113.76000213623048,104.5199966430664,101.83999633789062,113.5199966430664,-0.007735626461739198,-0.007765701620644649,114.0520004272461,107.31238047281902,27.59000015258789,1859.3299560546875
2016-01-21,108.37999725341795,112.87999725341795,117.13999938964844,103.05999755859376,118.31999969482422,-0.03986534469785119,-0.04068173841686392,112.3,106.83904702322823,26.690000534057617,1868.989990234375
2016-01-22,98.91999816894533,108.37999725341795,110.06999969482422,116.5500030517578,109.44000244140624,-0.08728547078989979,-0.09133212065306387,110.06999969482422,106.33809443882534,22.34000015258789,1906.9000244140625
2016-01-25,102.87999725341795,98.91999816894533,116.41000366210938,116.45999908447266,100.91000366210938,0.040032340859017745,0.039251809649605,107.36399841308594,106.43190365745907,24.149999618530273,1877.0799560546875
2016-01-26,98.4000015258789,102.87999725341795,113.76000213623048,109.62999725341795,99.61000061035156,-0.04354583832757841,-0.0445224142272535,104.29199829101563,106.37428465343658,22.5,1903.6300048828125
2016-01-27,100.04000091552734,98.4000015258789,112.87999725341795,104.5199966430664,99.87999725341795,0.016666660205458594,0.016529295595923914,101.72399902343749,106.38190387544178,23.110000610351562,1882.949951171875
2016-01-28,96.55999755859376,100.04000091552734,108.37999725341795,117.13999938964844,99.23999786376952,-0.03478611880333804,-0.03540556365558129,99.35999908447266,106.25428481329055,22.420000076293945,1893.3599853515625
2016-01-29,89.94999694824219,96.55999755859376,98.91999816894533,110.06999969482422,95.12999725341795,-0.06845485477918067,-0.07091062503617686,97.56599884033203,106.00761813209171,20.200000762939453,1940.239990234375
2016-02-01,89.6500015258789,89.94999694824219,102.87999725341795,116.41000366210938,100.81999969482422,-0.0033351354368127417,-0.0033407093977306486,94.91999969482421,105.47571345738002,19.979999542236328,1939.3800048828125
2016-02-02,97.5999984741211,89.6500015258789,98.4000015258789,113.76000213623048,100.1999969482422,0.08867815742253282,0.08496426071349934,94.75999908447265,105.3519040062314,21.979999542236328,1903.030029296875
2016-02-03,97.31999969482422,97.5999984741211,100.04000091552734,112.87999725341795,107.69000244140624,-0.0028688399966636524,-0.0028729630055167607,94.21599884033203,104.85809435163226,21.649999618530273,1912.530029296875
2016-02-04,95.22000122070312,97.31999969482422,96.55999755859376,108.37999725341795,101.83999633789062,-0.021578282785719938,-0.021814498193333493,93.9479995727539,104.54285648890904,21.84000015258789,1915.449951171875
2016-02-05,100.5500030517578,95.22000122070312,89.94999694824219,98.91999816894533,103.05999755859376,0.05597565388285042,0.054465129983118796,96.06800079345703,104.42333294096447,23.3799991607666,1880.050048828125
2016-02-08,104.52999877929688,100.5500030517578,89.6500015258789,102.87999725341795,116.5500030517578,0.039582253672239,0.03881895329728869,99.04400024414062,103.85095178513299,26.0,1853.43994140625
2016-02-09,103.05999755859376,104.52999877929688,97.5999984741211,98.4000015258789,116.45999908447266,-0.014062960278100167,-0.014162780655694348,100.13600006103516,103.21285647437686,26.540000915527344,1852.2099609375
2016-02-10,106.19000244140624,103.05999755859376,97.31999969482422,100.04000091552734,109.62999725341795,0.03037070596700664,0.029918646195773804,101.91000061035156,103.0490471976144,26.290000915527344,1851.8599853515625
2016-02-11,107.20999908447266,106.19000244140624,95.22000122070312,96.55999755859376,104.5199966430664,0.009605392406212943,0.009559553921899831,104.30800018310546,103.17714255196708,28.139999389648438,1829.0799560546875
2016-02-12,103.25,107.20999908447266,100.5500030517578,89.94999694824219,117.13999938964844,-0.03693684468136693,-0.03763628748743581,104.8479995727539,102.51571400960286,25.399999618530273,1864.780029296875
2016-02-16,94.1999969482422,103.25,104.52999877929688,89.6500015258789,110.06999969482422,-0.08765136127610462,-0.09173308265540493,102.78199920654296,101.75999959309895,24.110000610351562,1895.5799560546875
2016-02-17,88.95999908447266,94.1999969482422,103.05999755859376,97.5999984741211,116.41000366210938,-0.05562630608840291,-0.05723332897491446,99.96199951171874,100.4528565179734,22.309999465942383,1926.8199462890625
2016-02-18,87.52999877929688,88.95999908447266,106.19000244140624,97.31999969482422,113.76000213623048,-0.016074643883684292,-0.016205242412587504,96.22999877929688,99.2038087390718,21.639999389648438,1917.8299560546875
2016-02-19,86.25,87.52999877929688,107.20999908447266,95.22000122070312,112.87999725341795,-0.0146235438952117,-0.014731521886766056,92.03799896240234,97.93571363176618,20.530000686645508,1917.780029296875
2016-02-22,86.19000244140625,86.25,103.25,100.5500030517578,108.37999725341795,-0.0006956238677535698,-0.0006958659262972406,88.6259994506836,96.87904721214657,19.3799991607666,1945.5
2016-02-23,89.66999816894531,86.19000244140625,94.1999969482422,104.52999877929688,98.91999816894533,0.04037586296513718,0.03958205455885893,87.71999969482422,96.43857102167038,20.979999542236328,1921.27001953125
2016-02-24,86.73999786376953,89.66999816894531,88.95999908447266,103.05999755859376,102.87999725341795,-0.032675369298607926,-0.03322113076478504,87.2759994506836,95.66999962216332,20.719999313354492,1929.800048828125
2016-02-25,83.51000213623047,86.73999786376953,87.52999877929688,106.19000244140624,98.4000015258789,-0.03723767358874008,-0.03794870303357321,86.47200012207031,94.96095203218006,19.110000610351562,1951.699951171875
2016-02-26,83.72000122070312,83.51000213623047,86.25,107.20999908447266,100.04000091552734,0.0025146578745152137,0.0025115014129089073,85.96600036621093,94.18380918956939,19.809999465942383,1948.050048828125
2016-02-29,85.05999755859375,83.72000122070312,86.19000244140625,103.25,96.55999755859376,0.016005689421314306,0.01587894896473945,85.73999938964843,93.63619014195034,20.549999237060547,1932.22998046875
2016-03-01,79.44999694824219,85.05999755859375,89.66999816894531,94.1999969482422,89.94999694824219,-0.06595345369587036,-0.06822900655164527,83.69599914550781,93.13619014195034,17.700000762939453,1978.3499755859375
2016-03-02,78.83999633789062,79.44999694824219,86.73999786376953,88.95999908447266,89.6500015258789,-0.007677792747417533,-0.007707418737047816,82.11599884033203,92.62142799014137,17.09000015258789,1986.449951171875
2016-03-03,79.41000366210938,78.83999633789062,83.51000213623047,87.52999877929688,97.5999984741211,0.00722992580790871,0.007203915188966874,81.2959991455078,91.75523776099796,16.700000762939453,1993.4000244140625
2016-03-04,81.97000122070312,79.41000366210938,83.72000122070312,86.25,97.31999969482422,0.03223772120055024,0.0317289905334163,80.94599914550781,91.02428545270648,16.860000610351562,1999.989990234375
2016-03-07,82.30000305175781,81.97000122070312,85.05999755859375,86.19000244140625,95.22000122070312,0.004025885398807771,0.004017803206909305,80.39400024414063,90.40904744466145,17.350000381469727,2001.760009765625
2016-03-08,87.45999908447266,82.30000305175781,79.44999694824219,89.66999816894531,100.5500030517578,0.06269739782961814,0.06081039075289921,81.99600067138672,89.78571392240978,18.670000076293945,1979.260009765625
2016-03-09,92.86000061035156,87.45999908447266,78.83999633789062,86.73999786376953,104.52999877929688,0.06174252895501797,0.05991145364777064,84.80000152587891,89.22999972388858,18.34000015258789,1989.260009765625
2016-03-10,94.7699966430664,92.86000061035156,79.41000366210938,83.51000213623047,103.05999755859376,0.020568555030807678,0.020359878895611368,87.87200012207032,88.83523777553013,18.049999237060547,1989.5699462890625
2016-03-11,92.3499984741211,94.7699966430664,81.97000122070312,83.72000122070312,106.19000244140624,-0.02553548860046695,-0.025867177937734562,89.9479995727539,88.17618996756417,16.5,2022.18994140625
2016-03-14,89.73999786376953,92.3499984741211,82.30000305175781,85.05999755859375,107.20999908447266,-0.02826205363807288,-0.028669113379293037,91.43599853515624,87.3442851475307,16.920000076293945,2019.6400146484375
2016-03-15,90.33999633789062,89.73999786376953,87.45999908447266,79.44999694824219,103.25,0.006685964880809525,0.006663712946318781,92.01199798583984,86.72952306838263,16.84000015258789,2015.9300537109375
2016-03-16,84.37000274658203,90.33999633789062,92.86000061035156,78.83999633789062,94.1999969482422,-0.06608361560011089,-0.06836836895794542,90.31399841308594,86.26142810639881,14.989999771118164,2027.219970703125
2016-03-17,84.70999908447266,84.37000274658203,94.7699966430664,79.41000366210938,88.95999908447266,0.0040298249001111675,0.004021726904128656,88.30199890136718,86.05904715401786,14.4399995803833,2040.5899658203125
2016-03-18,86.19999694824219,84.70999908447266,92.3499984741211,81.97000122070312,87.52999877929688,0.017589397708335675,0.017436494630748048,87.0719985961914,85.99571373349144,14.020000457763672,2049.580078125
2016-03-21,87.77999877929688,86.19999694824219,89.73999786376953,82.30000305175781,86.25,0.01832948824816527,0.01816352808727154,86.67999877929688,86.06857081821987,13.789999961853027,2051.60009765625
2016-03-22,85.04000091552734,87.77999877929688,90.33999633789062,87.45999908447266,86.19000244140625,-0.031214375733344957,-0.0317119255541594,85.61999969482422,86.01380884079705,14.170000076293945,2049.800048828125
2016-03-23,86.05999755859375,85.04000091552734,84.37000274658203,92.86000061035156,89.66999816894531,0.011994315993477,0.011922954242264439,85.95799865722657,85.84190404982795,14.9399995803833,2036.7099609375
2016-03-24,84.19999694824219,86.05999755859375,84.70999908447266,94.7699966430664,86.73999786376953,-0.02161283596464414,-0.02184981403767464,85.85599822998047,85.72095162527901,14.739999771118164,2035.93994140625
2016-03-28,83.29000091552734,84.19999694824219,86.19999694824219,92.3499984741211,83.51000213623047,-0.010807554224428473,-0.010866380064832742,85.2739990234375,85.71047537667411,15.239999771118164,2037.050048828125
2016-03-29,81.38999938964844,83.29000091552734,87.77999877929688,89.73999786376953,83.72000122070312,-0.022811880237651683,-0.02307609709944075,83.99599914550781,85.59952290852864,13.819999694824219,2055.010009765625
2016-03-30,80.33000183105469,81.38999938964844,85.04000091552734,90.33999633789062,85.05999755859375,-0.013023683088128513,-0.013109234859973793,83.05399932861329,85.37428501674107,13.5600004196167,2063.949951171875
2016-03-31,82.94000244140625,80.33000183105469,86.05999755859375,84.37000274658203,79.44999694824219,0.03249098158668984,0.031974311274168214,82.43000030517578,85.5404757545108,13.949999809265137,2059.739990234375
2016-04-01,81.56999969482422,82.94000244140625,84.19999694824219,84.70999908447266,78.83999633789062,-0.016517997422894726,-0.01665594068283256,81.90400085449218,85.67047591436477,13.100000381469727,2072.780029296875
2016-04-04,84.43000030517578,81.56999969482422,83.29000091552734,86.19999694824219,79.41000366210938,0.03506191762966293,0.03446124872473621,82.13200073242187,85.90952337355841,14.119999885559082,2066.1298828125
2016-04-05,89.11000061035156,84.43000030517578,81.38999938964844,87.77999877929688,81.97000122070312,0.05543053758450456,0.05394877617809499,83.6760009765625,86.24952334449405,15.420000076293945,2045.1700439453125
2016-04-06,85.58999633789062,89.11000061035156,80.33000183105469,85.04000091552734,82.30000305175781,-0.039501787098540686,-0.040303157367178204,84.72799987792969,86.40618969145275,14.09000015258789,2066.659912109375
2016-04-07,92.73999786376952,85.58999633789062,82.94000244140625,86.05999755859375,87.45999908447266,0.08353781787362458,0.08023144482182912,86.68799896240235,86.65761820475261,16.15999984741211,2041.9100341796875
2016-04-08,89.7300033569336,92.73999786376952,81.56999969482422,84.19999694824219,92.86000061035156,-0.032456271039141726,-0.03299465720723417,88.31999969482422,86.5085707164946,15.359999656677246,2047.5999755859375
2016-04-11,92.80999755859376,89.7300033569336,84.43000030517578,83.29000091552734,94.7699966430664,0.03432513191165709,0.033749167580416684,89.99599914550781,86.41523742675781,16.260000228881836,2041.989990234375
2016-04-12,89.77999877929688,92.80999755859376,89.11000061035156,81.38999938964844,92.3499984741211,-0.03264733174229384,-0.03319214654469714,90.12999877929687,86.29285648890904,14.850000381469727,2061.719970703125
2016-04-13,87.88999938964844,89.77999877929688,85.58999633789062,80.33000183105469,89.73999786376953,-0.02105145261022512,-0.021276194125121772,90.58999938964844,86.2047613234747,13.84000015258789,2082.419921875
2016-04-14,87.91999816894531,87.88999938964844,92.73999786376952,82.94000244140625,90.33999633789062,0.00034132187399249503,0.00034126363693300684,89.6259994506836,86.08952331542969,13.720000267028809,2082.780029296875
2016-04-15,90.2699966430664,87.91999816894531,89.7300033569336,81.56999969482422,84.37000274658203,0.026728827605357663,0.026377852853370867,89.73399810791015,86.37047540573846,13.619999885559082,2080.72998046875
2016-04-18,86.56999969482422,90.2699966430664,92.80999755859376,84.43000030517578,84.70999908447266,-0.04098811438835237,-0.04185181041987239,88.48599853515626,86.45904686337425,13.350000381469727,2094.340087890625
2016-04-19,86.9800033569336,86.56999969482422,89.77999877929688,89.11000061035156,86.19999694824219,0.004736094069015984,0.004724914061315993,87.92599945068359,86.4961900256929,13.239999771118164,2100.800048828125
2016-04-20,87.97000122070312,86.9800033569336,87.88999938964844,85.58999633789062,87.77999877929688,0.011381901880446632,0.01131761537713267,87.94199981689454,86.50523776099796,13.279999732971191,2102.39990234375
2016-04-21,87.06999969482422,87.97000122070312,87.91999816894531,92.73999786376952,85.04000091552734,-0.010230777690009796,-0.010283471805363346,87.77200012207031,86.6019043695359,13.949999809265137,2091.47998046875
2016-04-22,84.0999984741211,87.06999969482422,90.2699966430664,89.7300033569336,86.05999755859375,-0.034110499955355755,-0.03470584050030003,86.53800048828126,86.50857107979911,13.220000267028809,2091.580078125
2016-04-25,85.7699966430664,84.0999984741211,86.56999969482422,92.80999755859376,84.19999694824219,0.01985729131088143,0.019662707028267553,86.37799987792968,86.58333297002883,14.079999923706055,2087.7900390625
2016-04-26,84.51000213623047,85.7699966430664,86.9800033569336,89.77999877929688,83.29000091552734,-0.014690387736394972,-0.014799360029311256,85.88399963378906,86.64142826625279,13.960000038146973,2091.699951171875
2016-04-27,83.0999984741211,84.51000213623047,87.97000122070312,87.88999938964844,81.38999938964844,-0.01668445895713555,-0.016825212334791118,84.90999908447266,86.72285679408482,13.770000457763672,2095.14990234375
2016-04-28,87.36000061035156,83.0999984741211,87.06999969482422,87.91999816894531,80.33000183105469,0.05126356455418124,0.04999283548377795,84.96799926757812,87.057618640718,15.220000267028809,2075.81005859375
2016-04-29,91.68000030517578,87.36000061035156,84.0999984741211,90.2699966430664,82.94000244140625,0.049450545611744445,0.04826673731191561,86.48399963378907,87.47380901518322,15.699999809265137,2065.300048828125
2016-05-02,89.48999786376953,91.68000030517578,85.7699966430664,86.56999969482422,81.56999969482422,-0.023887461105108754,-0.02417739297153301,87.22799987792969,87.85095178513299,14.680000305175781,2081.429931640625
2016-05-03,91.66000366210938,89.48999786376953,84.51000213623047,86.9800033569336,84.43000030517578,0.024248584759642533,0.02395925571056446,88.65800018310547,88.19523765927269,15.600000381469727,2063.3701171875
2016-05-04,91.86000061035156,91.66000366210938,83.0999984741211,87.97000122070312,89.11000061035156,0.002181943489544702,0.002179566507847447,90.41000061035156,88.32619004022507,16.049999237060547,2051.1201171875
2016-05-05,91.58000183105467,91.86000061035156,87.36000061035156,87.06999969482422,85.58999633789062,-0.0030481033903382304,-0.0030527583190198726,91.25400085449219,88.61142839704242,15.90999984741211,2050.6298828125
2016-05-06,88.86000061035156,91.58000183105467,91.68000030517578,84.0999984741211,92.73999786376952,-0.029700820772213143,-0.030150822846544707,90.69000091552735,88.42666662307013,14.720000267028809,2057.139892578125
2016-05-09,86.41999816894531,88.86000061035156,89.48999786376953,85.7699966430664,89.7300033569336,-0.027458951436491463,-0.027842995060520844,90.0760009765625,88.26904732840401,14.569999694824219,2058.68994140625
2016-05-10,85.91999816894531,86.41999816894531,91.66000366210938,84.51000213623047,92.80999755859376,-0.0057856978777358625,-0.00580249986653252,88.9279998779297,87.94095211937314,13.630000114440918,2084.389892578125
2016-05-11,91.52999877929688,85.91999816894531,91.86000061035156,83.0999984741211,89.77999877929688,0.06529330458458071,0.06325016461064638,88.86199951171875,88.02428545270648,14.6899995803833,2064.4599609375
2016-05-12,91.25,91.52999877929688,91.58000183105467,87.36000061035156,87.88999938964844,-0.0030590930080970358,-0.003063781597441928,88.7959991455078,88.18428548177083,14.40999984741211,2064.110107421875
2016-05-13,94.0,91.25,88.86000061035156,91.68000030517578,87.91999816894531,0.03013698630136985,0.029691789807403,89.8239990234375,88.47380937848773,15.039999961853027,2046.6099853515625
2016-05-16,90.61000061035156,94.0,86.41999816894531,89.48999786376953,90.2699966430664,-0.03606382329413227,-0.036730193300005896,90.66199951171875,88.49000004359654,14.680000305175781,2066.659912109375
2016-05-17,91.76000213623048,90.61000061035156,85.91999816894531,91.66000366210938,86.56999969482422,0.012691772631414633,0.012611907131745686,91.83000030517579,88.73714301699684,15.569999694824219,2047.2099609375
2016-05-18,89.98999786376953,91.76000213623048,91.52999877929688,91.86000061035156,86.9800033569336,-0.0192894968532491,-0.019477966794418402,91.52200012207031,88.88047608875092,15.949999809265137,2047.6300048828125
2016-05-19,90.45999908447266,89.98999786376953,91.25,91.58000183105467,87.97000122070312,0.005222816222472115,0.00520922462157437,91.36399993896484,88.9990474155971,16.329999923706055,2040.0400390625
2016-05-20,85.45999908447266,90.45999908447266,94.0,88.86000061035156,87.06999969482422,-0.05527304942078248,-0.056859334425954686,89.65599975585937,88.92238071986607,15.199999809265137,2052.320068359375
2016-05-23,84.12000274658203,85.45999908447266,90.61000061035156,86.41999816894531,84.0999984741211,-0.015679807538566792,-0.015804036017685104,88.35800018310547,88.92333330426898,15.819999694824219,2048.0400390625
2016-05-24,79.4800033569336,84.12000274658203,91.76000213623048,85.91999816894531,85.7699966430664,-0.055159287186744344,-0.056738923565439275,85.9020004272461,88.62380981445312,14.420000076293945,2076.06005859375
2016-05-25,78.54000091552734,79.4800033569336,89.98999786376953,91.52999877929688,84.51000213623047,-0.011826904903172064,-0.011897399113128045,83.61200103759765,88.33952404203869,13.899999618530273,2090.5400390625
2016-05-26,77.4800033569336,78.54000091552734,90.45999908447266,91.25,83.0999984741211,-0.013496276371753768,-0.013588178941445045,81.01600189208985,88.07190522693452,13.430000305175781,2090.10009765625
2016-05-27,76.16999816894531,77.4800033569336,85.45999908447266,94.0,87.36000061035156,-0.016907655281755307,-0.017052221519604133,79.15800170898437,87.53904796781994,13.119999885559082,2099.06005859375
2016-05-31,79.43000030517578,76.16999816894531,84.12000274658203,90.61000061035156,91.68000030517578,0.04279903130626006,0.04190847414146943,78.22000122070312,86.95571463448661,14.1899995803833,2096.949951171875
2016-06-01,78.93000030517578,79.43000030517578,79.4800033569336,91.76000213623048,89.48999786376953,-0.0062948507878505255,-0.0063147469003911995,78.11000061035156,86.4528576078869,14.199999809265137,2099.330078125
2016-06-02,79.54000091552734,78.93000030517578,78.54000091552734,89.98999786376953,91.66000366210938,0.007728374610326272,0.007698663703098867,78.31000061035157,85.87571461995442,13.630000114440918,2105.260009765625
2016-06-03,79.08000183105469,79.54000091552734,77.4800033569336,90.45999908447266,91.86000061035156,-0.005783242131983113,-0.005800029832944569,78.63000030517578,85.26714324951172,13.470000267028809,2099.1298828125
2016-06-06,80.70999908447266,79.08000183105469,76.16999816894531,85.45999908447266,91.58000183105467,0.02061200323313428,0.02040245053598611,79.53800048828126,84.74952407110305,13.649999618530273,2109.409912109375
2016-06-07,82.30000305175781,80.70999908447266,79.43000030517578,84.12000274658203,88.86000061035156,0.01970021044878245,0.019508672771058295,80.11200103759765,84.43714323497954,14.050000190734863,2112.1298828125
2016-06-08,86.61000061035156,82.30000305175781,78.93000030517578,79.4800033569336,86.41999816894531,0.05236934870929755,0.05104414462615893,81.64800109863282,84.4461909702846,14.079999923706055,2119.1201171875
2016-06-09,89.9800033569336,86.61000061035156,79.54000091552734,78.54000091552734,85.91999816894531,0.03891008801331486,0.03817217133049912,83.73600158691406,84.63952455066499,14.640000343322754,2115.47998046875
2016-06-10,103.77999877929688,89.9800033569336,79.08000183105469,77.4800033569336,91.52999877929688,0.1533673583854105,0.1426858014566031,88.6760009765625,85.22285788399833,17.030000686645508,2096.070068359375
2016-06-13,124.55999755859376,103.77999877929688,80.70999908447266,76.16999816894531,91.25,0.2002312490240874,0.18251424574831845,97.44600067138673,86.80904824393136,20.969999313354492,2079.06005859375
2016-06-14,116.44000244140624,124.55999755859376,82.30000305175781,79.43000030517578,94.0,-0.06518942900081415,-0.06741136808100254,104.27400054931641,87.87761978876023,20.5,2075.320068359375
2016-06-15,114.2300033569336,116.44000244140624,86.61000061035156,78.93000030517578,90.61000061035156,-0.018979723790238934,-0.01916215071114677,109.79800109863281,89.00238182431175,20.139999389648438,2071.5
2016-06-16,115.47000122070312,114.2300033569336,89.9800033569336,79.54000091552734,91.76000213623048,0.010855272934685356,0.010796777402017904,114.89600067138672,90.13142939976284,19.3700008392334,2077.989990234375
2016-06-17,115.72000122070312,115.47000122070312,103.77999877929688,79.08000183105469,89.98999786376953,0.0021650644960344856,0.0021627241213311725,117.28400115966797,91.35666765485492,19.40999984741211,2071.219970703125
2016-06-20,112.4000015258789,115.72000122070312,124.55999755859376,80.70999908447266,90.45999908447266,-0.028689938297634998,-0.029109539621673917,114.852001953125,92.40142967587425,18.3700008392334,2083.25
2016-06-21,113.45999908447266,112.4000015258789,116.44000244140624,82.30000305175781,85.45999908447266,0.009430583133485992,0.009386392794231441,114.25600128173828,93.73476300920758,18.479999542236328,2088.89990234375
2016-06-22,122.94000244140624,113.45999908447266,114.2300033569336,86.61000061035156,84.12000274658203,0.08355370556521491,0.08024610750812435,115.99800109863281,95.58333442324684,21.170000076293945,2085.449951171875
2016-06-23,104.70999908447266,122.94000244140624,115.47000122070312,89.9800033569336,79.4800033569336,-0.1482837399944097,-0.16050183578146737,113.84600067138672,96.78476279122489,17.25,2113.320068359375
2016-06-24,125.12999725341795,104.70999908447266,115.72000122070312,103.77999877929688,78.54000091552734,0.19501478700684438,0.1781585593712208,115.72799987792969,99.00333404541016,25.760000228881836,2037.4100341796875
2016-06-27,115.5999984741211,125.12999725341795,112.4000015258789,124.55999755859376,77.4800033569336,-0.07616078469175025,-0.07921723188850233,116.36799926757813,100.81857190813336,23.850000381469727,2000.5400390625
2016-06-28,108.0,115.5999984741211,113.45999908447266,116.44000244140624,76.16999816894531,-0.06574393230483022,-0.0680047159144128,115.2759994506836,102.33428628104073,18.75,2036.0899658203125
2016-06-29,98.5999984741211,108.0,122.94000244140624,114.2300033569336,79.43000030517578,-0.08703705116554539,-0.09105998099107533,110.40799865722656,103.2471433367048,16.639999389648438,2070.77001953125
2016-06-30,94.2300033569336,98.5999984741211,104.70999908447266,115.47000122070312,78.93000030517578,-0.0443204379798694,-0.04533260828958788,108.31199951171875,103.97571491059803,15.630000114440918,2098.860107421875
2016-07-01,91.6999969482422,94.2300033569336,125.12999725341795,115.72000122070312,79.54000091552734,-0.026849265823625013,-0.0272162918609393,101.6259994506836,104.55476234072731,14.770000457763672,2102.949951171875
2016-07-05,91.8499984741211,91.6999969482422,115.5999984741211,112.4000015258789,79.08000183105469,0.0016357855056805537,0.0016344490657910944,96.8759994506836,105.16285741896857,15.579999923706055,2088.550048828125
2016-07-06,89.23999786376953,91.8499984741211,108.0,113.45999908447266,80.70999908447266,-0.028415902598919907,-0.028827449422114366,93.1239990234375,105.56904783703033,14.960000038146973,2099.72998046875
2016-07-07,89.5,89.23999786376953,98.5999984741211,122.94000244140624,82.30000305175781,0.002913515715535775,0.0029092796545157657,91.30399932861329,105.91190483456566,14.760000228881836,2097.89990234375
2016-07-08,84.72000122070312,89.5,94.2300033569336,104.70999908447266,86.61000061035156,-0.05340780758990926,-0.05488690957898171,89.4019989013672,105.82190486363002,13.199999809265137,2129.89990234375
2016-07-11,84.77999877929688,84.72000122070312,91.6999969482422,125.12999725341795,89.9800033569336,0.0007081864698921247,0.0007079358241830079,88.01799926757812,105.57428559802827,13.539999961853027,2137.159912109375
2016-07-12,84.9800033569336,84.77999877929688,91.8499984741211,115.5999984741211,103.77999877929688,0.0023591009733012758,0.0023563226632847996,86.64400024414063,104.67904772077289,13.550000190734863,2152.139892578125
2016-07-13,84.18000030517578,84.9800033569336,89.23999786376953,108.0,124.55999755859376,-0.009414015299547995,-0.009458607221594735,85.63200073242187,102.75619070870536,13.039999961853027,2152.429931640625
2016-07-14,86.02999877929688,84.18000030517578,89.5,98.5999984741211,116.44000244140624,0.02197669835369842,0.021738691476282837,84.93800048828125,101.30809529622395,12.819999694824219,2163.75
2016-07-15,89.04000091552734,86.02999877929688,84.72000122070312,94.2300033569336,114.2300033569336,0.03498782028292702,0.034389658805508205,85.8020004272461,100.1085713704427,12.670000076293945,2161.739990234375
2016-07-18,87.19999694824219,89.04000091552734,84.77999877929688,91.6999969482422,115.47000122070312,-0.020664914065205098,-0.020881421331781492,86.28600006103515,98.7623806908017,12.4399995803833,2166.889892578125
2016-07-19,89.02999877929688,87.19999694824219,84.9800033569336,91.8499984741211,115.72000122070312,0.020986260264904466,0.02076908195672527,87.09599914550782,97.49142819359189,11.970000267028809,2163.780029296875
2016-07-20,87.08999633789062,89.02999877929688,84.18000030517578,89.23999786376953,112.4000015258789,-0.021790435448791445,-0.022031353219500175,87.67799835205078,96.28618985130673,11.770000457763672,2173.02001953125
2016-07-21,92.83999633789062,87.08999633789062,86.02999877929688,89.5,113.45999908447266,0.06602365646785913,0.0639355173059165,89.03999786376953,95.30428495861236,12.739999771118164,2165.169921875
2016-07-22,89.51000213623047,92.83999633789062,89.04000091552734,84.72000122070312,122.94000244140624,-0.03586809923538414,-0.0365271672121748,89.13399810791016,93.71238018217541,12.020000457763672,2175.030029296875
2016-07-25,91.9499969482422,89.51000213623047,87.19999694824219,84.77999877929688,104.70999908447266,0.02725946546507907,0.02689454311233382,90.08399810791016,93.1047610328311,12.869999885559082,2168.47998046875
2016-07-26,91.44000244140624,91.9499969482422,89.02999877929688,84.9800033569336,125.12999725341795,-0.00554643310236369,-0.005561871674913391,90.56599884033203,91.50047556559245,13.050000190734863,2169.179931640625
2016-07-27,91.2300033569336,91.44000244140624,87.08999633789062,84.18000030517578,115.5999984741211,-0.0022965778528626357,-0.002299219032337478,91.39400024414063,90.33999960763114,12.829999923706055,2166.580078125
2016-07-28,89.80999755859375,91.2300033569336,92.83999633789062,86.02999877929688,108.0,-0.015565118339239015,-0.015687526655027435,90.78800048828126,89.47380901518322,12.720000267028809,2170.06005859375
2016-07-29,90.83999633789062,89.80999755859375,89.51000213623047,89.04000091552734,98.5999984741211,0.011468642771367277,0.01140337642478213,91.05399932861329,89.10428510393415,11.869999885559082,2173.60009765625
2016-08-01,90.68000030517578,90.83999633789062,91.9499969482422,87.19999694824219,94.2300033569336,-0.0017612950150253104,-0.0017628479187725887,90.8,88.93523733956474,12.4399995803833,2170.840087890625
2016-08-02,93.88999938964844,90.68000030517578,91.44000244140624,89.02999877929688,91.6999969482422,0.0353991957837414,0.03478704876500435,91.28999938964844,89.03952317010788,13.369999885559082,2157.030029296875
2016-08-03,88.58999633789062,93.88999938964844,91.2300033569336,87.08999633789062,91.8499984741211,-0.056449068976585304,-0.058104934683535614,90.76199798583984,88.88428497314453,12.859999656677246,2163.7900390625
2016-08-04,88.13999938964844,88.58999633789062,89.80999755859375,92.83999633789062,89.23999786376953,-0.0050795458499157675,-0.005092490597167107,90.42799835205078,88.83190409342448,12.420000076293945,2164.25
2016-08-05,85.2300033569336,88.13999938964844,90.83999633789062,89.51000213623047,89.5,-0.0330156121269114,-0.03357292856807844,89.30599975585938,88.62857091994513,11.390000343322754,2182.8701171875
2016-08-08,84.5,85.2300033569336,90.68000030517578,91.9499969482422,84.72000122070312,-0.008565098300846286,-0.008601989557837794,88.06999969482422,88.61809467134022,11.5,2180.889892578125
2016-08-09,86.6500015258789,84.5,93.88999938964844,91.44000244140624,84.77999877929688,0.025443805039987,0.025125499408168262,86.62200012207032,88.70714242117745,11.65999984741211,2181.739990234375
2016-08-10,89.4000015258789,86.6500015258789,88.58999633789062,91.2300033569336,84.9800033569336,0.031736871916599796,0.031243665476168497,86.78400115966797,88.91761852446056,12.050000190734863,2175.489990234375
2016-08-11,97.36000061035156,89.4000015258789,88.13999938964844,89.80999755859375,84.18000030517578,0.08903801955941182,0.08529475570082434,88.6280014038086,89.54523758661179,11.680000305175781,2185.7900390625
2016-08-12,94.48999786376952,97.36000061035156,85.2300033569336,90.83999633789062,86.02999877929688,-0.029478253169576307,-0.029921468761761088,90.48000030517578,89.94809468587239,11.550000190734863,2184.050048828125
2016-08-15,91.66999816894533,94.48999786376952,84.5,90.68000030517578,89.04000091552734,-0.029844425426804544,-0.030298834187259836,91.91399993896485,90.07333265032086,11.8100004196167,2190.14990234375
2016-08-16,91.86000061035156,91.66999816894533,86.6500015258789,93.88999938964844,87.19999694824219,0.0020726785775218026,0.0020705335427459795,92.95599975585938,90.29523758661179,12.640000343322754,2178.14990234375
2016-08-17,84.83999633789062,91.86000061035156,89.4000015258789,88.58999633789062,89.02999877929688,-0.07642068610730957,-0.07949859901042503,92.04399871826172,90.09571366083054,12.1899995803833,2182.219970703125
2016-08-18,82.83000183105469,84.83999633789062,97.36000061035156,88.13999938964844,87.08999633789062,-0.023691591155081793,-0.023976749815239475,89.13799896240235,89.89285677955264,11.430000305175781,2187.02001953125
2016-08-19,82.44000244140625,82.83000183105469,94.48999786376952,85.2300033569336,92.83999633789062,-0.004708431498575916,-0.00471955107975151,86.72799987792969,89.39761897495815,11.34000015258789,2183.8701171875
2016-08-22,83.12999725341797,82.44000244140625,91.66999816894533,84.5,89.51000213623047,0.008369660256889677,0.0083348288667967,85.01999969482422,89.09380921863374,12.270000457763672,2182.639892578125
2016-08-23,83.44999694824219,83.12999725341797,91.86000061035156,86.6500015258789,91.9499969482422,0.0038493889738588916,0.0038419990345524278,83.33799896240234,88.68904731387184,12.380000114440918,2186.89990234375
2016-08-24,85.37000274658203,83.44999694824219,84.83999633789062,89.4000015258789,91.44000244140624,0.023007859419463816,0.02274716965695094,83.44400024414062,88.3999997093564,13.449999809265137,2175.43994140625
2016-08-25,85.43000030517578,85.37000274658203,82.83000183105469,97.36000061035156,91.2300033569336,0.0007027943851876106,0.0007025475408607854,83.96399993896485,88.12380908784412,13.630000114440918,2172.469970703125
2016-08-26,88.62000274658203,85.43000030517578,82.44000244140625,94.48999786376952,89.80999755859375,0.03734054114492347,0.03666026602838463,85.2,88.06714266822452,13.649999618530273,2169.0400390625
2016-08-29,85.83000183105469,88.62000274658203,83.12999725341797,91.66999816894533,90.83999633789062,-0.031482744629399706,-0.031988979700511205,85.74000091552735,87.82857150123233,12.9399995803833,2180.3798828125
2016-08-30,84.44000244140625,85.83000183105469,83.44999694824219,91.86000061035156,90.68000030517578,-0.0161947962250365,-0.01632736517060187,85.93800201416016,87.53142874581474,13.119999885559082,2176.1201171875
2016-08-31,84.87000274658203,84.44000244140625,85.37000274658203,84.83999633789062,93.88999938964844,0.005092376749682881,0.005079454450778975,85.83800201416015,87.1019050961449,13.420000076293945,2170.949951171875
2016-09-01,84.9000015258789,84.87000274658203,85.43000030517578,82.83000183105469,88.58999633789062,0.0003534674010374772,0.00035340494615242294,85.73200225830078,86.92619105747768,13.479999542236328,2170.860107421875
2016-09-02,81.3499984741211,84.9000015258789,88.62000274658203,82.44000244140625,88.13999938964844,-0.04181393389817212,-0.04271329638187828,84.27800140380859,86.6028576805478,11.979999542236328,2179.97998046875
2016-09-06,82.13999938964844,81.3499984741211,85.83000183105469,83.12999725341797,85.2300033569336,0.009711136205843518,0.009664286189703249,83.54000091552734,86.45571463448661,12.020000457763672,2186.47998046875
2016-09-07,83.08000183105469,82.13999938964844,84.44000244140625,83.44999694824219,84.5,0.01144390611627788,0.01137891994978104,83.26800079345703,86.38809567406064,11.9399995803833,2186.159912109375
2016-09-08,85.56999969482422,83.08000183105469,84.87000274658203,85.37000274658203,86.6500015258789,0.02997108580754504,0.02953072981600788,83.40800018310547,86.33666701543899,12.510000228881836,2181.300048828125
2016-09-09,110.0199966430664,85.56999969482422,84.9000015258789,85.43000030517578,89.4000015258789,0.2857309458389663,0.25132738607170513,88.43199920654297,87.31857154482887,17.5,2127.81005859375
2016-09-12,99.52999877929688,110.0199966430664,81.3499984741211,88.62000274658203,97.36000061035156,-0.09534628416506707,-0.10020304294198423,92.06799926757813,87.42190479096912,15.15999984741211,2159.0400390625
2016-09-13,110.0199966430664,99.52999877929688,82.13999938964844,85.83000183105469,94.48999786376952,0.10539533801292023,0.10020304294198419,97.64399871826171,88.1614285423642,17.850000381469727,2127.02001953125
2016-09-14,113.1500015258789,110.0199966430664,83.08000183105469,84.44000244140625,91.66999816894533,0.0284494180904864,0.028052248629717384,103.65799865722656,89.18428584507534,18.139999389648438,2125.77001953125
2016-09-15,109.2699966430664,113.1500015258789,85.56999969482422,84.87000274658203,91.86000061035156,-0.034290807162959624,-0.034892532703801764,108.397998046875,90.01333327520462,16.299999237060547,2147.260009765625
2016-09-16,102.58999633789062,109.2699966430664,110.0199966430664,84.9000015258789,84.83999633789062,-0.06113297803967355,-0.06308142645812892,106.91199798583985,90.8585713704427,15.369999885559082,2139.159912109375
2016-09-19,101.58000183105467,102.58999633789062,99.52999877929688,81.3499984741211,82.83000183105469,-0.009844960940532999,-0.009893743004228937,107.3219985961914,91.75142851329986,15.529999732971191,2139.1201171875
2016-09-20,101.9800033569336,101.58000183105467,110.0199966430664,82.13999938964844,82.44000244140625,0.003937797978623703,0.003930065145738387,105.71399993896485,92.68190474737258,15.920000076293945,2139.760009765625
2016-09-21,92.58999633789062,101.9800033569336,113.1500015258789,83.08000183105469,83.12999725341797,-0.09207694361587349,-0.09659564363651092,101.60199890136718,93.13238089425224,13.300000190734863,2163.1201171875
2016-09-22,89.22000122070312,92.58999633789062,109.2699966430664,85.56999969482422,83.44999694824219,-0.03639696782025248,-0.037075861526002715,97.59199981689453,93.40714300246466,12.020000457763672,2177.179931640625
2016-09-23,90.4000015258789,89.22000122070312,102.58999633789062,110.0199966430664,85.37000274658203,0.013225737379859659,0.013139040895258549,95.15400085449218,93.64666675385975,12.289999961853027,2164.68994140625
2016-09-26,96.23999786376952,90.4000015258789,101.58000183105467,99.52999877929688,85.43000030517578,0.06460172831101985,0.06260076519219246,94.08600006103515,94.1614285423642,14.5,2146.10009765625
2016-09-27,88.94000244140625,96.23999786376952,101.9800033569336,110.0199966430664,88.62000274658203,-0.07585199069410431,-0.07888303693692801,91.47799987792969,94.17666662307012,13.100000381469727,2159.929931640625
2016-09-28,87.55000305175781,88.94000244140625,92.58999633789062,113.1500015258789,85.83000183105469,-0.015628506313165147,-0.015751918943412668,90.47000122070312,94.25857144310359,12.390000343322754,2171.3701171875
2016-09-29,93.77999877929688,87.55000305175781,89.22000122070312,109.2699966430664,84.44000244140625,0.07115928624075551,0.06874150705559813,91.38200073242187,94.70333317347934,14.020000457763672,2151.1298828125
2016-09-30,91.41999816894533,93.77999877929688,90.4000015258789,102.58999633789062,84.87000274658203,-0.02516528727949341,-0.02548734777021225,91.58600006103515,95.01523771740142,13.289999961853027,2168.27001953125
2016-10-03,91.51000213623048,91.41999816894533,96.23999786376952,101.58000183105467,84.9000015258789,0.000984510709777453,0.0009840263969566603,90.64000091552734,95.32999965122768,13.569999694824219,2161.199951171875
2016-10-04,89.94000244140625,91.51000213623048,88.94000244140625,101.9800033569336,81.3499984741211,-0.01715659117226309,-0.01730547078412281,90.84000091552734,95.73904745919364,13.630000114440918,2150.489990234375
2016-10-05,89.87999725341797,89.94000244140625,87.55000305175781,92.58999633789062,82.13999938964844,-0.0006671690722642731,-0.0006673917285882162,91.30599975585938,96.10761878603981,12.989999771118164,2159.72998046875
2016-10-06,89.86000061035156,89.87999725341797,93.77999877929688,89.22000122070312,83.08000183105469,-0.00022248157184545647,-0.0002225063245417758,90.52200012207031,96.43047587076823,12.84000015258789,2160.77001953125
2016-10-07,90.86000061035156,89.86000061035156,91.41999816894533,90.4000015258789,85.56999969482422,0.011128421914174735,0.011066956614488142,90.41000061035156,96.68238067626953,13.479999542236328,2153.739990234375
2016-10-10,90.66000366210938,90.86000061035156,91.51000213623048,96.23999786376952,110.0199966430664,-0.002201155039607161,-0.0022035811421670776,90.24000091552735,95.76047624860492,13.380000114440918,2163.659912109375
2016-10-11,95.43000030517578,90.66000366210938,89.94000244140625,88.94000244140625,99.52999877929688,0.052614123653074385,0.05127671172047953,91.33800048828125,95.56523822602772,15.359999656677246,2136.72998046875
2016-10-12,102.0199966430664,95.43000030517578,89.87999725341797,87.55000305175781,110.0199966430664,0.06905581386164172,0.06677584196305389,93.76600036621093,95.18428584507534,15.90999984741211,2139.179931640625
2016-10-13,103.4000015258789,102.0199966430664,89.86000061035156,93.77999877929688,113.1500015258789,0.013526807765350757,0.013436137241259739,96.4740005493164,94.72000013078961,16.690000534057617,2132.550048828125
2016-10-14,101.01000213623048,103.4000015258789,90.86000061035156,91.41999816894533,109.2699966430664,-0.02311411367871452,-0.02338543384158248,98.50400085449219,94.32666705903553,16.1200008392334,2132.97998046875
2016-10-17,99.33999633789062,101.01000213623048,90.66000366210938,91.51000213623048,102.58999633789062,-0.016533073586985414,-0.016671270174990472,100.23999938964843,94.17190515427362,16.209999084472656,2126.5
2016-10-18,96.87000274658205,99.33999633789062,95.43000030517578,89.94000244140625,101.58000183105467,-0.024864039484229994,-0.02517837102323375,100.5279998779297,93.94761948358445,15.279999732971191,2139.60009765625
2016-10-19,93.9000015258789,96.87000274658205,102.0199966430664,89.87999725341797,101.9800033569336,-0.030659658681675195,-0.031139499327312557,98.9040008544922,93.56285749162946,14.40999984741211,2144.2900390625
2016-10-20,89.72000122070312,93.9000015258789,103.4000015258789,89.86000061035156,92.58999633789062,-0.04451544448616196,-0.045536679206554374,96.16800079345704,93.42619105747768,13.75,2141.340087890625
2016-10-21,87.33999633789062,89.72000122070312,101.01000213623048,90.86000061035156,89.22000122070312,-0.02652702686614883,-0.0268852171296397,93.43399963378906,93.33666701543899,13.34000015258789,2141.159912109375
2016-10-24,85.80999755859375,87.33999633789062,99.33999633789062,90.66000366210938,90.4000015258789,-0.017517733494947674,-0.017672984760337754,90.72799987792969,93.11809539794922,13.020000457763672,2151.330078125
2016-10-25,86.2300033569336,85.80999755859375,96.87000274658205,95.43000030517578,96.23999786376952,0.004894602147646587,0.004882662526501872,88.6,92.6414289928618,13.460000038146973,2143.159912109375
2016-10-26,86.9000015258789,86.2300033569336,93.9000015258789,102.0199966430664,88.94000244140625,0.007769896125040976,0.0077398659361381725,87.2,92.5442860921224,14.239999771118164,2139.429931640625
2016-10-27,91.20999908447266,86.9000015258789,89.72000122070312,103.4000015258789,87.55000305175781,0.04959720923952138,0.04840648032412354,87.49799957275391,92.71857161748979,15.359999656677246,2133.0400390625
2016-10-28,99.44000244140624,91.20999908447266,87.33999633789062,101.01000213623048,93.77999877929688,0.09023137199367248,0.08638994159951581,89.91800079345703,92.98809560139975,16.190000534057617,2126.409912109375
2016-10-31,102.81999969482422,99.44000244140624,85.80999755859375,99.33999633789062,91.41999816894533,0.033990317482238686,0.03342541190529367,93.32000122070312,93.53095281691779,17.059999465942383,2126.14990234375
2016-11-01,108.26000213623048,102.81999969482422,86.2300033569336,96.87000274658205,91.51000213623048,0.05290801845509141,0.051555877441939436,97.7260009765625,94.32857186453683,18.559999465942383,2111.719970703125
2016-11-02,112.38999938964844,108.26000213623048,86.9000015258789,93.9000015258789,89.94000244140625,0.038148874671376065,0.037439198998278994,102.82400054931641,95.39761933826264,19.31999969482422,2097.93994140625
2016-11-03,120.23999786376952,112.38999938964844,91.20999908447266,89.72000122070312,89.87999725341797,0.06984605851723225,0.06751476757881249,108.63000030517578,96.8433336530413,22.079999923706055,2088.659912109375
2016-11-04,120.2300033569336,120.23999786376952,99.44000244140624,87.33999633789062,89.86000061035156,-8.312131581411641e-05,-8.312477058213232e-05,112.78800048828126,98.2895242600214,22.510000228881836,2085.179931640625
2016-11-07,107.83999633789062,120.2300033569336,102.81999969482422,85.80999755859375,90.86000061035156,-0.1030525382442189,-0.10875798970248185,113.79199981689453,99.0980954851423,18.709999084472656,2131.52001953125
2016-11-08,108.66999816894533,107.83999633789062,108.26000213623048,86.2300033569336,90.66000366210938,0.007696604777823746,0.007667137019813635,113.8739990234375,99.9557142711821,18.739999771118164,2139.56005859375
2016-11-09,96.13999938964844,108.66999816894533,112.38999938964844,86.9000015258789,95.43000030517578,-0.11530320226763002,-0.12251029410783638,110.6239990234375,99.98952375139508,14.380000114440918,2163.260009765625
2016-11-10,102.66999816894533,96.13999938964844,120.23999786376952,91.20999908447266,102.0199966430664,0.06792176847049136,0.0657144873592599,107.10999908447266,100.02047620500836,14.739999771118164,2167.47998046875
2016-11-11,97.22000122070312,102.66999816894533,120.2300033569336,99.44000244140624,103.4000015258789,-0.05308266334313294,-0.05454347930310421,102.50799865722657,99.72619047619048,14.170000076293945,2164.449951171875
2016-11-14,98.22000122070312,97.22000122070312,107.83999633789062,102.81999969482422,101.01000213623048,0.010285949263977745,0.010233408865952781,100.58399963378906,99.59333328973679,14.479999542236328,2164.199951171875
2016-11-15,91.7699966430664,98.22000122070312,108.66999816894533,108.26000213623048,99.33999633789062,-0.06566895232614967,-0.06792446278828976,97.20399932861328,99.23285711379279,13.369999885559082,2180.389892578125
2016-11-16,92.4499969482422,91.7699966430664,96.13999938964844,112.38999938964844,96.87000274658205,0.007409832516618753,0.00738251457225104,96.46599884033203,99.02238064720517,13.720000267028809,2176.93994140625
2016-11-17,87.58000183105469,92.4499969482422,102.66999816894533,120.23999786376952,93.9000015258789,-0.05267707169221392,-0.054115242542837755,93.4479995727539,98.72142828078498,13.350000381469727,2187.1201171875
2016-11-18,86.4000015258789,87.58000183105469,97.22000122070312,120.2300033569336,89.72000122070312,-0.013473398955300864,-0.013564988809830904,91.28399963378907,98.56333305722191,12.850000381469727,2181.89990234375
2016-11-21,80.75,86.4000015258789,98.22000122070312,107.83999633789062,87.33999633789062,-0.0653935350242626,-0.06762973136787932,87.78999938964844,98.24952370779855,12.420000076293945,2198.179931640625
2016-11-22,83.4000015258789,80.75,91.7699966430664,108.66999816894533,85.80999755859375,0.0328173563576335,0.03229036555784512,86.11600036621094,98.13476199195499,12.40999984741211,2202.93994140625
2016-11-23,82.44999694824219,83.4000015258789,92.4499969482422,96.13999938964844,86.2300033569336,-0.011390941969490642,-0.011456315668439989,84.11600036621094,97.95476168677921,12.430000305175781,2204.719970703125
2016-11-25,82.6500015258789,82.44999694824219,87.58000183105469,102.66999816894533,86.9000015258789,0.0024257681630026617,0.002422830736796629,83.13000030517578,97.75238073439826,12.34000015258789,2213.35009765625
2016-11-28,86.16999816894531,82.6500015258789,86.4000015258789,97.22000122070312,91.20999908447266,0.04258919029740427,0.04170722527337842,83.08399963378906,97.5123806908017,13.149999618530273,2201.719970703125
2016-11-29,86.27999877929688,86.16999816894531,80.75,98.22000122070312,99.44000244140624,0.0012765534720784455,0.0012757393704507613,84.18999938964843,96.88571384974888,12.899999618530273,2204.659912109375
2016-11-30,88.98999786376953,86.27999877929688,83.4000015258789,91.7699966430664,102.81999969482422,0.031409354691865454,0.03092617249068687,85.30799865722656,96.22714233398438,13.329999923706055,2198.81005859375
2016-12-01,97.79000091552734,88.98999786376953,82.44999694824219,92.4499969482422,108.26000213623048,0.09888755211826505,0.09429835182287738,88.3759994506836,95.72857084728423,14.069999694824219,2191.080078125
2016-12-02,98.06999969482422,97.79000091552734,82.6500015258789,87.58000183105469,112.38999938964844,0.002863265944119897,0.002859174606051886,91.45999908447266,95.04666609991165,14.119999885559082,2191.949951171875
2016-12-05,88.87999725341797,98.06999969482422,86.16999816894531,86.4000015258789,120.23999786376952,-0.09370860069342146,-0.09839439186317703,92.00199890136719,93.55333273751395,12.140000343322754,2204.7099609375
2016-12-06,88.12000274658203,88.87999725341797,86.27999877929688,80.75,120.2300033569336,-0.00855079354547017,-0.008587561326437338,92.36999969482422,92.02428508940197,11.789999961853027,2212.22998046875
2016-12-07,89.11000061035156,88.12000274658203,88.98999786376953,83.4000015258789,107.83999633789062,0.011234655389385173,0.011172015371246884,92.39400024414063,91.13238053094773,12.220000267028809,2241.35009765625
2016-12-08,91.2699966430664,89.11000061035156,97.79000091552734,82.44999694824219,108.66999816894533,0.024239659049715367,0.02395054127448781,91.08999938964844,90.3038090297154,12.640000343322754,2246.18994140625
2016-12-09,89.4000015258789,91.2699966430664,98.06999969482422,82.6500015258789,96.13999938964844,-0.02048860727474955,-0.02070141050106827,89.35599975585937,89.98285675048828,11.75,2259.530029296875
2016-12-12,91.87000274658205,89.4000015258789,88.87999725341797,86.16999816894531,102.66999816894533,0.027628648529588018,0.027253864932307203,89.9540008544922,89.46857125418526,12.640000343322754,2256.9599609375
2016-12-13,93.31999969482422,91.87000274658205,88.12000274658203,86.27999877929688,97.22000122070312,0.015783138183220746,0.015659879703249325,90.99400024414062,89.28285689581008,12.720000267028809,2271.719970703125
2016-12-14,96.81999969482422,93.31999969482422,89.11000061035156,88.98999786376953,98.22000122070312,0.03750535803092303,0.03681913747653574,92.53600006103515,89.21619015648251,13.1899995803833,2253.280029296875
2016-12-15,93.08000183105467,96.81999969482422,91.2699966430664,97.79000091552734,91.7699966430664,-0.038628360623404134,-0.039394223253628485,92.89800109863282,89.27857135591053,12.789999961853027,2262.030029296875
2016-12-16,93.79000091552734,93.08000183105467,89.4000015258789,98.06999969482422,92.4499969482422,0.007627837027349482,0.007598892176378544,93.7760009765625,89.34238106863839,12.199999809265137,2258.070068359375
2016-12-19,90.51000213623048,93.79000091552734,91.87000274658205,88.87999725341797,87.58000183105469,-0.034971732031978675,-0.03559788484107926,93.50400085449219,89.48190489269439,11.710000038146973,2262.530029296875
2016-12-20,88.26000213623047,90.51000213623048,93.31999969482422,88.12000274658203,86.4000015258789,-0.02485913100094117,-0.02517333739599217,92.49200134277343,89.57047635033017,11.449999809265137,2270.760009765625
2016-12-21,87.97000122070312,88.26000213623047,96.81999969482422,89.11000061035156,80.75,-0.0032857569511467455,-0.003291166904295721,90.72200164794921,89.91428593226841,11.270000457763672,2265.179931640625
2016-12-22,89.72000122070312,87.97000122070312,93.08000183105467,91.2699966430664,83.4000015258789,0.019893145114429744,0.0196978621167644,90.05000152587891,90.21523829868862,11.430000305175781,2260.9599609375
2016-12-23,87.63999938964844,89.72000122070312,93.79000091552734,89.4000015258789,82.44999694824219,-0.023183256829634513,-0.023456215494742104,88.82000122070312,90.46238127208892,11.4399995803833,2263.7900390625
2016-12-27,86.37000274658203,87.63999938964844,90.51000213623048,91.87000274658205,82.6500015258789,-0.014491061751609413,-0.014597082670582911,87.99200134277343,90.6395241873605,11.989999771118164,2268.8798828125
2016-12-28,89.16999816894531,86.37000274658203,88.26000213623047,93.31999969482422,86.16999816894531,0.03241860985669698,0.031904214519983536,88.1740005493164,90.78238133021763,12.949999809265137,2249.919921875
2016-12-29,88.87000274658203,89.16999816894531,87.97000122070312,96.81999969482422,86.27999877929688,-0.0033643089438546436,-0.003369980956364134,88.35400085449218,90.9057148524693,13.369999885559082,2249.260009765625
2016-12-30,91.5999984741211,88.87000274658203,89.72000122070312,93.08000183105467,88.98999786376953,0.030718978768615512,0.030256596366019056,88.73000030517578,91.03000059581939,14.039999961853027,2238.830078125
2017-01-03,85.37000274658203,91.5999984741211,87.63999938964844,93.79000091552734,97.79000091552734,-0.06801305492706056,-0.07043647182711928,88.2760009765625,90.4385721115839,12.850000381469727,2257.830078125
2017-01-04,82.2699966430664,85.37000274658203,86.37000274658203,90.51000213623048,98.06999969482422,-0.03631259228979866,-0.03698830281792077,87.45599975585938,89.68619101388114,11.850000381469727,2270.75
2017-01-05,81.33000183105469,82.2699966430664,89.16999816894531,88.26000213623047,88.87999725341797,-0.011425730525916333,-0.01149150568440395,85.88800048828125,89.32666742234002,11.670000076293945,2269.0
2017-01-06,80.58999633789062,81.33000183105469,88.87000274658203,87.97000122070312,88.12000274658203,-0.009098800891474967,-0.009140447797392887,84.23199920654297,88.96809568859283,11.319999694824219,2276.97998046875
2017-01-09,83.47000122070312,80.58999633789062,91.5999984741211,89.72000122070312,89.11000061035156,0.035736505939738095,0.035112773591917716,82.60599975585937,88.69952428908576,11.5600004196167,2268.89990234375
2017-01-10,86.36000061035156,83.47000122070312,85.37000274658203,87.63999938964844,91.2699966430664,0.034623210104034685,0.034037312227034176,82.80399932861329,88.46571495419457,11.489999771118164,2268.89990234375
2017-01-11,86.72000122070312,86.36000061035156,82.2699966430664,86.37000274658203,89.4000015258789,0.004168603610551713,0.004159939053576844,83.69400024414062,88.33809589204334,11.260000228881836,2275.320068359375
2017-01-12,90.44000244140624,86.72000122070312,81.33000183105469,89.16999816894531,91.87000274658205,0.04289669243933325,0.042002122636820585,85.51600036621093,88.27000063941593,11.539999961853027,2270.43994140625
2017-01-13,92.9000015258789,90.44000244140624,80.58999633789062,88.87000274658203,93.31999969482422,0.02720034296843865,0.026836987840223807,87.97800140380859,88.250000726609,11.229999542236328,2274.639892578125
2017-01-17,92.38999938964844,92.9000015258789,83.47000122070312,91.5999984741211,96.81999969482422,-0.00548979685526052,-0.005504921168351604,89.76200103759766,88.03904833112445,11.869999885559082,2267.889892578125
2017-01-18,87.05999755859375,92.38999938964844,86.36000061035156,85.37000274658203,93.08000183105467,-0.05769024641482867,-0.05942123299505227,89.9020004272461,87.75238146100726,12.479999542236328,2271.889892578125
2017-01-19,86.83999633789062,87.05999755859375,86.72000122070312,82.2699966430664,93.79000091552734,-0.002527006970739487,-0.002530205242026627,89.92599945068359,87.42142886207218,12.779999732971191,2263.68994140625
2017-01-20,83.62999725341797,86.83999633789062,90.44000244140624,81.33000183105469,90.51000213623048,-0.036964523489645185,-0.03766502828795637,88.56399841308594,87.09380958193825,11.539999961853027,2271.31005859375
2017-01-23,84.51000213623047,83.62999725341797,92.9000015258789,80.58999633789062,88.26000213623047,0.010522598489939972,0.01046762128286585,86.88599853515625,86.91523815336681,11.770000457763672,2265.199951171875
2017-01-24,79.05000305175781,84.51000213623047,92.38999938964844,83.47000122070312,87.97000122070312,-0.06460772626263944,-0.06678929357334085,84.21799926757812,86.490476335798,11.069999694824219,2280.070068359375
2017-01-25,78.66000366210938,79.05000305175781,87.05999755859375,86.36000061035156,89.72000122070312,-0.004933578426215668,-0.0049457887010465225,82.53800048828126,85.96380978538876,10.8100004196167,2298.3701171875
2017-01-26,79.6500015258789,78.66000366210938,86.83999633789062,86.72000122070312,87.63999938964844,0.012585784613259765,0.012507241953511234,81.10000152587891,85.58333369663784,10.630000114440918,2296.679931640625
2017-01-27,83.62999725341797,79.6500015258789,83.62999725341797,90.44000244140624,86.37000274658203,0.04996855808277578,0.048760219038010345,81.10000152587891,85.4528572445824,10.579999923706055,2294.68994140625
2017-01-30,92.04000091552734,83.62999725341797,84.51000213623047,92.9000015258789,89.16999816894531,0.10056204637464172,0.09582100056285724,82.60600128173829,85.58952404203869,11.880000114440918,2280.89990234375
2017-01-31,89.83000183105469,92.04000091552734,79.05000305175781,92.38999938964844,88.87000274658203,-0.02401128924912721,-0.02430425948955508,84.76200103759766,85.63523828415643,11.989999771118164,2278.8701171875
2017-02-01,87.75,89.83000183105469,78.66000366210938,87.05999755859375,91.5999984741211,-0.023154867957885572,-0.02342715327869425,86.58000030517579,85.451905023484,11.8100004196167,2279.550048828125
2017-02-02,89.7300033569336,87.75,79.6500015258789,86.83999633789062,85.37000274658203,0.022564140819756107,0.022313336375487148,88.59600067138672,85.65952410016742,11.930000305175781,2280.85009765625
2017-02-03,88.97000122070312,89.7300033569336,83.62999725341797,83.62999725341797,82.2699966430664,-0.008469877496909084,-0.008505950744396092,89.66400146484375,85.97857193719773,10.970000267028809,2297.419921875
2017-02-06,90.0199966430664,88.97000122070312,92.04000091552734,84.51000213623047,81.33000183105469,0.011801679307147817,0.011732582596744551,89.26000061035157,86.39238121396019,11.369999885559082,2292.56005859375
2017-02-07,89.61000061035156,90.0199966430664,89.83000183105469,79.05000305175781,80.58999633789062,-0.004554499533481415,-0.004564902866483356,89.21600036621093,86.82190522693452,11.289999961853027,2293.080078125
2017-02-08,94.58000183105467,89.61000061035156,87.75,78.66000366210938,83.47000122070312,0.05546257322677661,0.05397912886825295,90.58200073242188,87.3509528750465,11.449999809265137,2294.669921875
2017-02-09,89.58999633789062,94.58000183105467,89.7300033569336,79.6500015258789,86.36000061035156,-0.05275962567729209,-0.054202390842412435,90.55399932861329,87.5047621954055,10.880000114440918,2307.8701171875
2017-02-10,85.7699966430664,89.58999633789062,88.97000122070312,83.62999725341797,86.72000122070312,-0.042638685690051914,-0.0435744098696234,89.91399841308593,87.45952388218471,10.850000381469727,2316.10009765625
2017-02-13,80.83999633789062,85.7699966430664,90.0199966430664,92.04000091552734,90.44000244140624,-0.057479310926081495,-0.0591974086288348,88.07799835205078,87.00238073439826,11.069999694824219,2328.25
2017-02-14,78.3499984741211,80.83999633789062,89.61000061035156,89.83000183105469,92.9000015258789,-0.030801558344485502,-0.031285897907841406,85.82599792480468,86.3095234462193,10.739999771118164,2337.580078125
2017-02-15,81.12000274658203,78.3499984741211,94.58000183105467,87.75,92.38999938964844,0.03535423518069192,0.03474362437426401,83.13399810791016,85.77285693940662,11.970000267028809,2349.25
2017-02-16,79.66000366210938,81.12000274658203,89.58999633789062,89.7300033569336,87.05999755859375,-0.017998015717944127,-0.018161949975887964,81.1479995727539,85.42047627766927,11.760000228881836,2347.219970703125
2017-02-17,81.25,79.66000366210938,85.7699966430664,88.97000122070312,86.83999633789062,0.019959782385083003,0.01976319748460256,80.24400024414062,85.15428597586495,11.489999771118164,2351.159912109375
2017-02-21,82.44999694824219,81.25,80.83999633789062,90.0199966430664,83.62999725341797,0.014769193209134723,0.01466119078232429,80.56600036621094,85.0980954851423,11.569999694824219,2365.3798828125
2017-02-22,81.52999877929688,82.44999694824219,78.3499984741211,89.61000061035156,84.51000213623047,-0.01115825594903097,-0.011220976289792814,81.20200042724609,84.95619056338356,11.739999771118164,2362.820068359375
2017-02-23,82.19999694824219,81.52999877929688,81.12000274658203,94.58000183105467,79.05000305175781,0.008217811590541135,0.008184229233747876,81.41799926757812,85.10619027273995,11.710000038146973,2363.81005859375
2017-02-24,83.30999755859375,82.19999694824219,79.66000366210938,89.58999633789062,78.66000366210938,0.013503657561574789,0.01341329574561084,82.147998046875,85.32761855352493,11.470000267028809,2367.340087890625
2017-02-27,85.69000244140625,83.30999755859375,81.25,85.7699966430664,79.6500015258789,0.028568058487081327,0.028167600490435526,83.03599853515625,85.61523764474052,12.09000015258789,2369.75
2017-02-28,88.08000183105469,85.69000244140625,82.44999694824219,80.83999633789062,83.62999725341797,0.027891227932718143,0.027509352030792803,84.16199951171875,85.82714262462798,12.920000076293945,2363.639892578125
2017-03-01,84.02999877929688,88.08000183105469,81.52999877929688,78.3499984741211,92.04000091552734,-0.04598096012220887,-0.04707164978983034,84.66199951171875,85.44571395147415,12.539999961853027,2395.9599609375
2017-03-02,83.61000061035156,84.02999877929688,82.19999694824219,81.12000274658203,89.83000183105469,-0.004998193205362655,-0.005010725951185598,84.94400024414062,85.14952341715495,11.8100004196167,2381.919921875
2017-03-03,81.19000244140625,83.61000061035156,83.30999755859375,79.66000366210938,87.75,-0.02894388412007376,-0.029371020517311996,84.52000122070312,84.83714258103143,10.960000038146973,2383.1201171875
2017-03-06,81.44000244140625,81.19000244140625,85.69000244140625,81.25,89.7300033569336,0.0030791968528443014,0.0030744658355494284,83.67000122070313,84.442380632673,11.239999771118164,2375.31005859375
2017-03-07,81.43000030517578,81.44000244140625,88.08000183105469,82.44999694824219,88.97000122070312,-0.00012281601093599992,-0.0001228235534398375,82.34000091552734,84.08333297002883,11.449999809265137,2368.389892578125
2017-03-08,82.5,81.43000030517578,84.02999877929688,81.52999877929688,90.0199966430664,0.013140116551813463,0.01305453411388832,82.03400115966797,83.72523789178757,11.859999656677246,2362.97998046875
2017-03-09,83.63999938964844,82.5,83.61000061035156,82.19999694824219,89.61000061035156,0.01381817441998101,0.013723573922433,82.04000091552734,83.44095211937314,12.300000190734863,2364.8701171875
2017-03-10,80.2699966430664,83.63999938964844,81.19000244140625,83.30999755859375,94.58000183105467,-0.0402917595788399,-0.041125956940109384,81.85599975585937,82.75952330089751,11.65999984741211,2372.60009765625
2017-03-13,81.56999969482422,80.2699966430664,81.44000244140625,85.69000244140625,89.58999633789062,0.016195379421011902,0.01606563324825531,81.88199920654297,82.37761869884673,11.350000381469727,2373.469970703125
2017-03-14,85.87999725341797,81.56999969482422,81.43000030517578,88.08000183105469,85.7699966430664,0.05283802347331901,0.051489397457739554,82.77199859619141,82.38285682314918,12.300000190734863,2365.449951171875
2017-03-15,80.76000213623047,85.87999725341797,82.5,84.02999877929688,80.83999633789062,-0.0596180167784498,-0.06146912113272668,82.4239990234375,82.37904757545108,11.630000114440918,2385.260009765625
2017-03-16,75.95999908447266,80.76000213623047,83.63999938964844,83.61000061035156,78.3499984741211,-0.05943540025743066,-0.061274946004898065,80.88799896240235,82.26523808070591,11.210000038146973,2381.3798828125
2017-03-17,78.66000366210938,75.95999908447266,80.2699966430664,81.19000244140625,81.12000274658203,0.03554508438887849,0.0349279396685165,80.56600036621094,82.1480952671596,11.279999732971191,2378.25
2017-03-20,77.16000366210938,78.66000366210938,81.56999969482422,81.44000244140625,79.66000366210938,-0.019069411774291,-0.019253578061077217,79.68400115966797,82.02904764811198,11.34000015258789,2373.469970703125
2017-03-21,83.0199966430664,77.16000366210938,85.87999725341797,81.43000030517578,81.25,0.07594599148308068,0.07320026669088381,79.11200103759765,82.11333320254371,12.470000267028809,2344.02001953125
2017-03-22,83.80000305175781,83.0199966430664,80.76000213623047,82.5,82.44999694824219,0.009395404001820706,0.009351541715542122,79.72000122070312,82.17761920747303,12.8100004196167,2348.449951171875
2017-03-23,88.93000030517578,83.80000305175781,75.95999908447266,83.63999938964844,81.52999877929688,0.06121714876608664,0.05941650293799477,82.31400146484376,82.53000023251488,13.119999885559082,2345.9599609375
2017-03-24,89.73999786376953,88.93000030517578,78.66000366210938,80.2699966430664,82.19999694824219,0.009108259932690155,0.009067029899984851,84.53000030517578,82.88904789515904,12.960000038146973,2343.97998046875
2017-03-27,84.86000061035156,89.73999786376953,77.16000366210938,81.56999969482422,83.30999755859375,-0.054379288718349295,-0.05591372977654214,86.06999969482422,82.96285756429036,12.5,2341.590087890625
2017-03-28,79.2699966430664,84.86000061035156,83.0199966430664,85.87999725341797,85.69000244140625,-0.06587324919961479,-0.06814314246566443,85.31999969482422,82.65714300246466,11.529999732971191,2358.570068359375
2017-03-29,78.26000213623047,79.2699966430664,83.80000305175781,80.76000213623047,88.08000183105469,-0.012741195276993578,-0.012823060422119718,84.21199951171874,82.18952396937779,11.420000076293945,2361.1298828125
2017-03-30,77.87000274658203,78.26000213623047,88.93000030517578,75.95999908447266,84.02999877929688,-0.00498338076926641,-0.004995839218577696,82.0,81.8961908249628,11.539999961853027,2368.06005859375
2017-03-31,78.30999755859375,77.87000274658203,89.73999786376953,78.66000366210938,83.61000061035156,0.005650376223096165,0.005634472726401158,79.71399993896485,81.64380972726005,12.369999885559082,2362.719970703125
2017-04-03,82.95999908447266,78.30999755859375,84.86000061035156,77.16000366210938,81.19000244140625,0.05937941094174648,0.0576832752988324,79.33399963378906,81.72809528169178,12.380000114440918,2358.840087890625
2017-04-04,79.66999816894531,82.95999908447266,79.2699966430664,83.0199966430664,81.44000244140625,-0.03965767781864793,-0.04046547247621747,79.41399993896485,81.64380936395554,11.789999961853027,2360.159912109375
2017-04-05,86.58999633789062,79.66999816894531,78.26000213623047,83.80000305175781,81.43000030517578,0.08685826946137265,0.08329121275790222,81.07999877929687,81.88952346075149,12.890000343322754,2352.949951171875
2017-04-06,83.91000366210938,86.58999633789062,77.87000274658203,88.93000030517578,82.5,-0.030950372896695888,-0.031439453641910156,82.28799896240234,81.9566664922805,12.390000343322754,2357.489990234375
2017-04-07,89.38999938964844,83.91000366210938,78.30999755859375,89.73999786376953,83.63999938964844,0.06530801440083378,0.06326397274652072,84.50399932861328,82.23047601609002,12.869999885559082,2355.5400390625
2017-04-10,97.9000015258789,89.38999938964844,82.95999908447266,84.86000061035156,80.2699966430664,0.09520083000711987,0.09093775285076293,87.49199981689453,83.07000005812873,14.050000190734863,2357.159912109375
2017-04-11,103.73999786376952,97.9000015258789,79.66999816894531,79.2699966430664,81.56999969482422,0.05965266850733264,0.057941183208534155,92.30599975585938,84.12571425664993,15.069999694824219,2353.780029296875
2017-04-12,111.52999877929688,103.73999786376952,86.58999633789062,78.26000213623047,85.87999725341797,0.07509158546308359,0.07240585373028444,97.29400024414062,85.3471429007394,15.770000457763672,2344.929931640625
2017-04-13,115.54000091552734,111.52999877929688,83.91000366210938,77.87000274658203,80.76000213623047,0.03595447126441509,0.035323196215638744,103.61999969482422,87.00333331880115,15.960000038146973,2328.949951171875
2017-04-17,101.48999786376952,115.54000091552734,89.38999938964844,78.30999755859375,75.95999908447266,-0.12160293353320939,-0.1296565478649718,106.03999938964844,88.21904754638672,14.65999984741211,2349.010009765625
2017-04-18,99.5199966430664,101.48999786376952,97.9000015258789,82.95999908447266,78.66000366210938,-0.0194107918235199,-0.019601655152424236,106.36399841308594,89.21238054547992,14.420000076293945,2342.18994140625
2017-04-19,97.88999938964844,99.5199966430664,103.73999786376952,79.66999816894531,77.16000366210938,-0.0163785903175222,-0.01651420222135963,105.19399871826172,90.19952319917225,14.930000305175781,2338.169921875
2017-04-20,94.52999877929688,97.88999938964844,111.52999877929688,86.58999633789062,83.0199966430664,-0.03432424794464628,-0.03492716151436429,101.79399871826172,90.74761853899274,14.149999618530273,2355.840087890625
2017-04-21,95.41000366210938,94.52999877929688,115.54000091552734,83.91000366210938,83.80000305175781,0.009309265779925413,0.009266201622722221,97.76799926757812,91.30047571091424,14.630000114440918,2348.68994140625
2017-04-24,78.16999816894531,95.41000366210938,101.48999786376952,89.38999938964844,88.93000030517578,-0.18069389824382398,-0.19929751433839019,93.10399932861328,90.78809465680804,10.84000015258789,2374.14990234375
2017-04-25,75.63999938964844,78.16999816894531,99.5199966430664,97.9000015258789,89.73999786376953,-0.03236534269616975,-0.03290068308713829,88.32799987792968,90.11666615804036,10.760000228881836,2388.610107421875
2017-04-26,76.63999938964844,75.63999938964844,97.88999938964844,103.73999786376952,84.86000061035156,0.013220518350993693,0.013133889977634932,84.07799987792968,89.72523752848308,10.850000381469727,2387.449951171875
2017-04-27,76.66000366210938,76.63999938964844,94.52999877929688,111.52999877929688,79.2699966430664,0.0002610160832496877,0.00026098202447829275,80.50400085449219,89.6009521484375,10.359999656677246,2388.77001953125
2017-04-28,77.08999633789062,76.66000366210938,95.41000366210938,115.54000091552734,78.26000213623047,0.005609087597706175,0.005593415243626306,76.83999938964844,89.54523758661179,10.819999694824219,2384.199951171875
2017-05-01,78.33000183105469,77.08999633789062,78.16999816894531,101.48999786376952,77.87000274658203,0.016085167363726782,0.01595717178847553,76.87200012207032,89.56714230492001,10.109999656677246,2388.330078125
2017-05-02,79.33000183105469,78.33000183105469,75.63999938964844,99.5199966430664,78.30999755859375,0.012766500403725844,0.012685695640094603,77.61000061035156,89.61571393694196,10.59000015258789,2391.169921875
2017-05-03,78.7699966430664,79.33000183105469,76.63999938964844,97.88999938964844,82.95999908447266,-0.007059185365719478,-0.007084219297075161,78.03600006103515,89.41619001116071,10.680000305175781,2388.1298828125
2017-05-04,78.0,78.7699966430664,76.66000366210938,94.52999877929688,79.66999816894531,-0.009775252962819336,-0.009823344408735446,78.30399932861329,89.33666628882999,10.460000038146973,2389.52001953125
2017-05-05,80.6500015258789,78.0,77.08999633789062,95.41000366210938,86.58999633789062,0.0339743785369091,0.03340999680138925,79.01600036621093,89.0538093930199,10.569999694824219,2399.2900390625
2017-05-08,81.37999725341797,80.6500015258789,78.33000183105469,78.16999816894531,83.91000366210938,0.009051403765997668,0.009010685332475928,79.6259994506836,88.93333289736793,9.770000457763672,2399.3798828125
2017-05-09,83.62999725341797,81.37999725341797,79.33000183105469,75.63999938964844,89.38999938964844,0.027648071712186084,0.027272765727910396,80.48599853515626,88.65904708135696,9.960000038146973,2396.919921875
2017-05-10,87.48999786376953,83.62999725341797,78.7699966430664,76.63999938964844,97.9000015258789,0.046155694572784345,0.04512220214995253,82.22999877929688,88.16333262125652,10.210000038146973,2399.6298828125
2017-05-11,86.51000213623047,87.48999786376953,78.0,76.66000366210938,103.73999786376952,-0.011201231586095317,-0.01126443781558604,83.93199920654297,87.34285663423084,10.600000381469727,2394.43994140625
2017-05-12,82.5,86.51000213623047,80.6500015258789,77.08999633789062,111.52999877929688,-0.04635304632076842,-0.047461745545098556,84.30199890136718,85.9604757399786,10.399999618530273,2390.89990234375
2017-05-15,79.52999877929688,82.5,81.37999725341797,78.33000183105469,115.54000091552734,-0.03600001479640147,-0.036663999720555736,83.93199920654297,84.24571373349144,10.420000076293945,2402.320068359375
2017-05-16,76.76000213623047,79.52999877929688,83.62999725341797,79.33000183105469,101.48999786376952,-0.034829582366188716,-0.03545059465058509,82.55800018310546,83.06809488932292,10.649999618530273,2400.669921875
2017-05-17,111.4800033569336,76.76000213623047,87.48999786376953,78.7699966430664,99.5199966430664,0.4523189194169577,0.37316153375668165,87.35600128173829,83.63761901855469,15.59000015258789,2357.030029296875
2017-05-18,104.12000274658205,111.4800033569336,86.51000213623047,78.0,97.88999938964844,-0.06602081439472607,-0.0683011262208064,90.8780014038086,83.93428584507534,14.65999984741211,2365.719970703125
2017-05-19,87.20999908447266,104.12000274658205,82.5,80.6500015258789,94.52999877929688,-0.16240879001191244,-0.17722511376443842,91.82000122070312,83.58571443103608,12.039999961853027,2381.72998046875
2017-05-22,83.47000122070312,87.20999908447266,79.52999877929688,81.37999725341797,95.41000366210938,-0.042884966208369346,-0.043831692253832724,92.60800170898438,83.01714288620721,10.930000305175781,2394.02001953125
2017-05-23,84.19000244140625,83.47000122070312,76.76000213623047,83.62999725341797,78.16999816894531,0.008625868098400602,0.008588877861241257,94.09400177001953,83.3038097563244,10.720000267028809,2398.419921875
2017-05-24,81.91000366210938,84.19000244140625,111.4800033569336,87.48999786376953,75.63999938964844,-0.02708158585556153,-0.027455050111889017,88.18000183105468,83.60238138834636,10.020000457763672,2404.389892578125
2017-05-25,82.19999694824219,81.91000366210938,104.12000274658205,86.51000213623047,76.63999938964844,0.0035403891242524743,0.0035341366996752012,83.79600067138672,83.86714317685082,9.989999771118164,2415.070068359375
2017-05-26,81.80999755859375,82.19999694824219,87.20999908447266,82.5,76.66000366210938,-0.0047445182983887335,-0.004755809252913596,82.71600036621093,84.11238098144531,9.8100004196167,2415.820068359375
2017-05-30,84.30000305175781,81.80999755859375,83.47000122070312,79.52999877929688,77.08999633789062,0.03043644502471321,0.029982445525756945,82.88200073242187,84.45571463448661,10.380000114440918,2412.909912109375
2017-05-31,84.5199966430664,84.30000305175781,84.19000244140625,76.76000213623047,78.33000183105469,0.0026096510479782786,0.0026062518212615743,82.9479995727539,84.75047629220145,10.40999984741211,2411.800048828125
2017-06-01,83.83000183105469,84.5199966430664,81.91000366210938,111.4800033569336,79.33000183105469,-0.008163687167731637,-0.00819719253799018,83.33199920654297,84.96476200648716,9.890000343322754,2430.06005859375
2017-06-02,83.62000274658203,83.83000183105469,82.19999694824219,104.12000274658205,78.7699966430664,-0.0025050588081325653,-0.002508201717828253,83.61600036621094,85.19571467808315,9.75,2439.070068359375
2017-06-05,86.08000183105469,83.62000274658203,81.80999755859375,87.20999908447266,78.0,0.029418787415349756,0.02899435891060762,84.47000122070312,85.58047667003814,10.069999694824219,2436.10009765625
2017-06-06,89.1500015258789,86.08000183105469,84.30000305175781,83.47000122070312,80.6500015258789,0.03566449383736736,0.035043243739989,85.44000091552735,85.98523857480004,10.449999809265137,2429.330078125
2017-06-07,88.22000122070312,89.1500015258789,84.5199966430664,84.19000244140625,81.37999725341797,-0.010431859666382826,-0.01048665291118174,86.18000183105468,86.31095304943267,10.390000343322754,2433.139892578125
2017-06-08,83.27999877929688,88.22000122070312,83.83000183105469,81.91000366210938,83.62999725341797,-0.055996399603845726,-0.057625298864932575,86.07000122070312,86.2942864554269,10.15999984741211,2433.7900390625
2017-06-09,87.41000366210938,83.27999877929688,83.62000274658203,82.19999694824219,87.48999786376953,0.049591798070957704,0.04840132483927216,86.8280014038086,86.2904772077288,10.699999809265137,2431.77001953125
2017-06-12,91.20999908447266,87.41000366210938,86.08000183105469,81.80999755859375,86.51000213623047,0.04347323261823077,0.042554795666323586,87.85400085449218,86.51428658621651,11.460000038146973,2429.389892578125
2017-06-13,86.66000366210938,91.20999908447266,89.1500015258789,84.30000305175781,82.5,-0.049884831356585946,-0.05117207158436928,87.35600128173829,86.71238199869792,10.420000076293945,2440.35009765625
2017-06-14,89.97000122070312,86.66000366210938,88.22000122070312,84.5199966430664,79.52999877929688,0.03819521600183129,0.03748383642679683,87.70600128173828,87.20952497209821,10.640000343322754,2437.919921875
2017-06-15,89.94999694824219,89.97000122070312,83.27999877929688,83.83000183105469,76.76000213623047,-0.00022234380559660316,-0.00022236852764514423,89.04000091552734,87.8376199631464,10.899999618530273,2432.4599609375
2017-06-16,87.0,89.94999694824219,87.41000366210938,83.62000274658203,111.4800033569336,-0.03279596496195136,-0.03334580781468914,88.95800018310547,86.67190551757812,10.380000114440918,2433.14990234375
2017-06-19,85.2699966430664,87.0,91.20999908447266,86.08000183105469,104.12000274658205,-0.019885096056707963,-0.020085465268910464,87.76999969482422,85.77428617931548,10.369999885559082,2453.4599609375
2017-06-20,89.19000244140625,85.2699966430664,86.66000366210938,89.1500015258789,87.20999908447266,0.04597168937098339,0.044946299665536364,88.2759994506836,85.86857205345517,10.859999656677246,2437.030029296875
2017-06-21,88.06999969482422,89.19000244140625,89.97000122070312,88.22000122070312,83.47000122070312,-0.012557492049827257,-0.012637003698991723,87.89599914550782,86.08761959984189,10.75,2435.610107421875
2017-06-22,86.37999725341797,88.06999969482422,89.94999694824219,83.27999877929688,84.19000244140625,-0.01918930904124405,-0.01937581361616752,87.18199920654297,86.19190506708054,10.479999542236328,2434.5
2017-06-23,84.5199966430664,86.37999725341797,87.0,87.41000366210938,81.91000366210938,-0.021532769964031973,-0.02176798270581937,86.68599853515624,86.31619044712612,10.020000457763672,2438.300048828125
2017-06-26,81.94000244140625,84.5199966430664,85.2699966430664,91.20999908447266,82.19999694824219,-0.03052525206023904,-0.031000851116458263,86.01999969482422,86.3038097563244,9.899999618530273,2439.070068359375
2017-06-27,87.30000305175781,81.94000244140625,89.19000244140625,86.66000366210938,81.80999755859375,0.06541372285391867,0.06336319588891735,85.64199981689453,86.56523858933221,11.0600004196167,2419.3798828125
2017-06-28,84.23999786376953,87.30000305175781,88.06999969482422,89.97000122070312,84.30000305175781,-0.035051604593577035,-0.03568065533583157,84.8759994506836,86.56238119942802,10.029999732971191,2440.68994140625
2017-06-29,93.77999877929688,84.23999786376953,86.37999725341797,89.94999694824219,84.5199966430664,0.11324787698778382,0.10728175817791363,86.35599975585937,87.00333368210565,11.4399995803833,2419.699951171875
2017-06-30,90.43000030517578,93.77999877929688,84.5199966430664,87.0,83.83000183105469,-0.035721886518734425,-0.036375526517665055,87.53800048828126,87.31761932373047,11.180000305175781,2423.409912109375
2017-07-03,93.30999755859376,90.43000030517578,81.94000244140625,85.2699966430664,83.62000274658203,0.03184780762688044,0.03135118295435801,89.81199951171875,87.77904764811198,11.220000267028809,2429.010009765625
2017-07-05,91.9800033569336,93.30999755859376,87.30000305175781,89.19000244140625,86.08000183105469,-0.014253501623178177,-0.014356058473345458,90.74799957275391,88.06000010172527,11.069999694824219,2432.5400390625
2017-07-06,100.20999908447266,91.9800033569336,84.23999786376953,88.06999969482422,89.1500015258789,0.08947592332218224,0.08569677632603002,93.94199981689454,88.58666665213448,12.539999961853027,2409.75
2017-07-07,92.5,100.20999908447266,93.77999877929688,86.37999725341797,88.22000122070312,-0.07693842086530167,-0.08005933041577025,93.68600006103516,88.79047611781529,11.1899995803833,2425.179931640625
2017-07-10,89.69000244140625,92.5,90.43000030517578,84.5199966430664,83.27999877929688,-0.030378351984797325,-0.030849337167972588,93.53800048828126,89.09571438743954,11.109999656677246,2427.429931640625
2017-07-11,88.2300033569336,89.69000244140625,93.30999755859376,81.94000244140625,87.41000366210938,-0.016278281243513826,-0.016412228068864033,92.52200164794922,89.13476199195499,10.890000343322754,2425.530029296875
2017-07-12,88.19000244140625,88.2300033569336,91.9800033569336,87.30000305175781,91.20999908447266,-0.0004533708943149639,-0.0004534736979721681,91.76400146484374,88.99095262799945,10.300000190734863,2443.25
2017-07-13,85.68000030517578,88.19000244140625,100.20999908447266,84.23999786376953,86.66000366210938,-0.02846130022389015,-0.028874175882268562,88.85800170898438,88.9442858014788,9.899999618530273,2447.830078125
2017-07-14,82.19999694824219,85.68000030517578,92.5,93.77999877929688,89.97000122070312,-0.04061628553382923,-0.04146416476517609,86.79800109863281,88.57428559802827,9.510000228881836,2459.27001953125
2017-07-17,80.2699966430664,82.19999694824219,89.69000244140625,90.43000030517578,89.94999694824219,-0.02347932331908742,-0.023759354613167083,84.91399993896485,88.11333320254371,9.819999694824219,2459.139892578125
2017-07-18,79.13999938964844,80.2699966430664,88.2300033569336,93.30999755859376,87.0,-0.01407745484832501,-0.014177482077982521,83.09599914550782,87.73904745919364,9.890000343322754,2460.610107421875
2017-07-19,77.95999908447266,79.13999938964844,88.19000244140625,91.9800033569336,85.2699966430664,-0.014910289541019695,-0.015022565349168801,81.0499984741211,87.39095233735584,9.789999961853027,2473.830078125
2017-07-20,76.26000213623047,77.95999908447266,85.68000030517578,100.20999908447266,89.19000244140625,-0.021806015497770503,-0.022047280453926756,79.16599884033204,86.77523803710938,9.579999923706055,2473.449951171875
2017-07-21,77.86000061035156,76.26000213623047,82.19999694824219,92.5,88.06999969482422,0.020980834373212742,0.020763767579519112,78.29799957275391,86.28904760451545,9.359999656677246,2472.5400390625
2017-07-24,78.23999786376953,77.86000061035156,80.2699966430664,89.69000244140625,86.37999725341797,0.004880519527859395,0.004868648401602483,77.89199981689453,85.90142858596076,9.430000305175781,2469.909912109375
2017-07-25,79.16999816894531,78.23999786376953,79.13999938964844,88.2300033569336,84.5199966430664,0.011886507292537152,0.011816417632201818,77.8979995727539,85.64666675385975,9.430000305175781,2477.1298828125
2017-07-26,82.33999633789062,79.16999816894531,77.95999908447266,88.19000244140625,81.94000244140625,0.04004039714868601,0.03925955581109358,78.7739990234375,85.66571408226376,9.600000381469727,2477.830078125
2017-07-27,86.87000274658203,82.33999633789062,76.26000213623047,85.68000030517578,87.30000305175781,0.055015868474198815,0.05355580802268337,80.89599914550782,85.6452378772554,10.109999656677246,2475.419921875
2017-07-28,87.19999694824219,86.87000274658203,77.86000061035156,82.19999694824219,84.23999786376953,0.0037987129184606783,0.0037915160287296337,82.76399841308594,85.78619021461124,10.289999961853027,2472.10009765625
2017-07-31,86.76000213623047,87.19999694824219,78.23999786376953,80.2699966430664,93.77999877929688,-0.005045812240944025,-0.005058585336740643,84.46799926757812,85.45190466017951,10.260000228881836,2470.300048828125
2017-08-01,84.55000305175781,86.76000213623047,79.16999816894531,79.13999938964844,90.43000030517578,-0.02547255682408256,-0.025802599142261833,85.54400024414062,85.17190479096912,10.09000015258789,2476.35009765625
2017-08-02,86.88999938964844,84.55000305175781,82.33999633789062,77.95999908447266,93.30999755859376,0.02767588708965718,0.027299832387989626,86.4540008544922,84.86619059244792,10.279999732971191,2477.570068359375
2017-08-03,87.66000366210938,86.88999938964844,86.87000274658203,76.26000213623047,91.9800033569336,0.008861828494300505,0.008822792940251968,86.61200103759765,84.6604763212658,10.4399995803833,2472.159912109375
2017-08-04,87.38999938964844,87.66000366210938,87.19999694824219,77.86000061035156,100.20999908447266,-0.003080130745849452,-0.0030848841117235982,86.6500015258789,84.0500001453218,10.029999732971191,2476.830078125
2017-08-07,90.01000213623047,87.38999938964844,86.76000213623047,78.23999786376953,92.5,0.029980578611748854,0.029539946347024455,87.30000152587891,83.93142881847564,9.930000305175781,2480.909912109375
2017-08-08,98.68000030517578,90.01000213623047,84.55000305175781,79.16999816894531,89.69000244140625,0.09632260818995686,0.09196149575148509,90.1260009765625,84.35952395484561,10.960000038146973,2474.919921875
2017-08-09,106.7699966430664,98.68000030517578,86.88999938964844,82.33999633789062,88.2300033569336,0.08198212720786047,0.07879466199568057,94.1020004272461,85.2423807779948,11.109999656677246,2474.02001953125
2017-08-10,135.32000732421875,106.7699966430664,87.66000366210938,86.87000274658203,88.19000244140625,0.26739731739990047,0.23696544128826538,103.63400115966797,87.48666672479538,16.040000915527344,2438.2099609375
2017-08-11,127.43000030517578,135.32000732421875,87.38999938964844,87.19999694824219,85.68000030517578,-0.058306285781813294,-0.060075201418643615,111.64200134277344,89.47476196289062,15.510000228881836,2441.320068359375
2017-08-14,100.5999984741211,127.43000030517578,90.01000213623047,86.76000213623047,82.19999694824219,-0.21054698082712742,-0.23641495412118177,113.76000061035157,90.35095251174201,12.329999923706055,2465.840087890625
2017-08-15,96.70999908447266,100.5999984741211,98.68000030517578,84.55000305175781,80.2699966430664,-0.03866798656710835,-0.039435442235713346,113.36600036621094,91.13380977085659,12.039999961853027,2464.610107421875
2017-08-16,94.81999969482422,96.70999908447266,106.7699966430664,86.88999938964844,79.13999938964844,-0.0195429573729764,-0.019736446006645494,110.9760009765625,91.88047645205543,11.739999771118164,2468.110107421875
2017-08-17,117.7699966430664,94.81999969482422,135.32000732421875,87.66000366210938,77.95999908447266,0.2420375134160111,0.2167531870938105,107.46599884033203,93.77619062151227,15.550000190734863,2430.010009765625
2017-08-18,114.38999938964844,117.7699966430664,127.43000030517578,87.38999938964844,76.26000213623047,-0.028699985987619248,-0.029119884147433304,104.85799865722656,95.59190477643695,14.260000228881836,2425.550048828125
2017-08-21,101.38999938964844,114.38999938964844,100.5999984741211,90.01000213623047,77.86000061035156,-0.11364629835968354,-0.1206391962572262,105.01599884033203,96.71238090878441,13.1899995803833,2428.3701171875
2017-08-22,92.6999969482422,101.38999938964844,96.70999908447266,98.68000030517578,78.23999786376953,-0.08570867436353347,-0.08960602129363572,104.21399841308593,97.4009522937593,11.350000381469727,2452.510009765625
2017-08-23,98.95999908447266,92.6999969482422,94.81999969482422,106.7699966430664,79.16999816894531,0.06752969085560645,0.0653472791817307,105.04199829101563,98.34333328973679,12.25,2444.0400390625
2017-08-24,100.26000213623048,98.95999908447266,117.7699966430664,135.32000732421875,82.33999633789062,0.013136651816741951,0.013051114309520424,101.53999938964844,99.19666689918155,12.229999542236328,2438.969970703125
2017-08-25,95.52999877929688,100.26000213623048,114.38999938964844,127.43000030517578,86.87000274658203,-0.0471773713958894,-0.04832651163856467,97.76799926757812,99.60904766264416,11.279999732971191,2443.050048828125
2017-08-28,96.41999816894533,95.52999877929688,101.38999938964844,100.5999984741211,87.19999694824219,0.009316438825720308,0.009273308483373563,96.77399902343751,100.04809533982049,11.319999694824219,2444.239990234375
2017-08-29,98.79000091552734,96.41999816894533,92.6999969482422,96.70999908447266,86.76000213623047,0.02457999161573654,0.024282764336718693,97.99199981689455,100.62095242454892,11.699999809265137,2446.300048828125
2017-08-30,98.9000015258789,98.79000091552734,98.95999908447266,94.81999969482422,84.55000305175781,0.0011134791915390352,0.001112859733377246,97.98000030517579,101.30428568522136,11.220000267028809,2457.590087890625
2017-08-31,94.86000061035156,98.9000015258789,100.26000213623048,117.7699966430664,86.88999938964844,-0.04084935139733248,-0.041707127173497976,96.9,101.68380955287388,10.59000015258789,2471.64990234375
2017-09-01,93.5999984741211,94.86000061035156,95.52999877929688,114.38999938964844,87.66000366210938,-0.013282754882177117,-0.013371759702249816,96.51399993896484,101.96666644868397,10.130000114440918,2476.550048828125
2017-09-05,102.66000366210938,93.5999984741211,96.41999816894533,101.38999938964844,87.38999938964844,0.09679492880006002,0.09239222562294816,97.76200103759766,102.69380950927734,12.229999542236328,2457.85009765625
2017-09-06,99.61000061035156,102.66000366210938,98.79000091552734,92.6999969482422,90.01000213623047,-0.029709750077512753,-0.03016002551988255,97.9260009765625,103.1509522937593,11.630000114440918,2465.5400390625
2017-09-07,96.29000091552734,99.61000061035156,98.9000015258789,98.95999908447266,98.68000030517578,-0.033329983681168684,-0.033898086524273285,97.40400085449218,103.03714279901413,11.550000190734863,2465.10009765625
2017-09-08,100.12000274658205,96.29000091552734,94.86000061035156,100.26000213623048,106.7699966430664,0.03977569627831512,0.0390050132362605,98.45600128173828,102.72047642299107,12.119999885559082,2461.429931640625
2017-09-11,93.66000366210938,100.12000274658205,93.5999984741211,95.52999877929688,135.32000732421875,-0.06452256199816375,-0.06669825114104304,98.46800231933594,100.73666672479538,10.729999542236328,2488.110107421875
2017-09-12,92.38999938964844,93.66000366210938,102.66000366210938,96.41999816894533,127.43000030517578,-0.01355972904979419,-0.013652501779028537,96.41400146484375,99.06809525262742,10.579999923706055,2496.47998046875
2017-09-13,90.88999938964844,92.38999938964844,99.61000061035156,98.79000091552734,100.5999984741211,-0.016235523432291177,-0.016368763661000846,94.67000122070313,98.605714343843,10.5,2498.3701171875
2017-09-14,92.08999633789062,90.88999938964844,96.29000091552734,98.9000015258789,96.70999908447266,0.013202739094515303,0.013116342551238674,93.83000030517579,98.38571421305339,10.4399995803833,2495.6201171875
2017-09-15,90.62999725341795,92.08999633789062,100.12000274658205,94.86000061035156,94.81999969482422,-0.015854046503767205,-0.01598106620539066,91.93199920654297,98.18619028727214,10.170000076293945,2500.22998046875
2017-09-18,90.45999908447266,90.62999725341795,93.66000366210938,93.5999984741211,117.7699966430664,-0.0018757384320552406,-0.0018774998323501093,91.29199829101563,96.88571421305339,10.149999618530273,2503.8701171875
2017-09-19,91.22000122070312,90.45999908447266,92.38999938964844,102.66000366210938,114.38999938964844,0.008401527127153363,0.008366430736622767,91.05799865722656,95.78238096691314,10.180000305175781,2506.64990234375
2017-09-20,90.91000366210938,91.22000122070312,90.88999938964844,99.61000061035156,101.38999938964844,-0.003398350739370448,-0.003404138248955998,91.06199951171875,95.28333355131603,9.779999732971191,2508.239990234375
2017-09-21,92.31999969482422,90.91000366210938,92.08999633789062,96.29000091552734,92.6999969482422,0.015509800637072413,0.015390753037592839,91.10800018310547,95.26523844401042,9.670000076293945,2500.60009765625
2017-09-22,93.29000091552734,92.31999969482422,90.62999725341795,100.12000274658205,98.95999908447266,0.010506945666264977,0.010452131332488264,91.64000091552734,94.9952385312035,9.59000015258789,2502.219970703125
2017-09-25,96.4000015258789,93.29000091552734,90.45999908447266,93.66000366210938,100.26000213623048,0.03333691263619576,0.03279328665847155,92.8280014038086,94.81142897832962,10.210000038146973,2496.659912109375
2017-09-26,94.80999755859376,96.4000015258789,91.22000122070312,92.38999938964844,95.52999877929688,-0.01649381682694584,-0.016631354265765817,93.54600067138672,94.77714320591518,10.170000076293945,2496.840087890625
2017-09-27,95.36000061035156,94.80999755859376,90.91000366210938,90.88999938964844,96.41999816894533,0.0058011081734064,0.005784346538184996,94.43600006103516,94.72666713169643,9.869999885559082,2507.0400390625
2017-09-28,94.0999984741211,95.36000061035156,92.31999969482422,92.08999633789062,98.79000091552734,-0.013213109565497372,-0.013301179341708371,94.79199981689453,94.50333368210565,9.550000190734863,2510.06005859375
2017-09-29,93.13999938964844,94.0999984741211,93.29000091552734,90.62999725341795,98.9000015258789,-0.010201903294787762,-0.01025429937465415,94.76199951171876,94.22904786609467,9.510000228881836,2519.360107421875
2017-10-02,92.4800033569336,93.13999938964844,96.4000015258789,90.45999908447266,94.86000061035156,-0.007086064387372026,-0.007111289778086774,93.97799987792969,94.11571466355096,9.449999809265137,2529.1201171875
2017-10-03,91.58999633789062,92.4800033569336,94.80999755859376,91.22000122070312,93.5999984741211,-0.009623777970767522,-0.009670385791918708,93.33399963378906,94.02000027611142,9.510000228881836,2534.580078125
2017-10-04,92.12000274658205,91.58999633789062,95.36000061035156,90.91000366210938,102.66000366210938,0.005786728134982599,0.005770049336576902,92.68600006103516,93.51809547061012,9.630000114440918,2537.739990234375
2017-10-05,91.79000091552734,92.12000274658205,94.0999984741211,92.31999969482422,99.61000061035156,-0.0035823037474556063,-0.0035887355625963836,92.2240005493164,93.14571453276135,9.1899995803833,2552.070068359375
2017-10-06,97.08999633789062,91.79000091552734,93.13999938964844,93.29000091552734,96.29000091552734,0.057740444160587545,0.056134976458193896,93.01399993896484,93.18380955287388,9.649999618530273,2549.330078125
2017-10-09,101.83000183105467,97.08999633789062,92.4800033569336,96.4000015258789,100.12000274658205,0.04882074026110761,0.04766642850171478,94.88399963378906,93.26523808070591,10.329999923706055,2544.72998046875
2017-10-10,97.33000183105467,101.83000183105467,91.58999633789062,94.80999755859376,93.66000366210938,-0.044191298429572035,-0.0451974889138076,96.03200073242188,93.43999989827473,10.079999923706055,2550.639892578125
2017-10-11,99.22000122070312,97.33000183105467,92.12000274658205,95.36000061035156,92.38999938964844,0.019418466599118167,0.019232333924645413,97.45200042724609,93.76523808070591,9.850000381469727,2555.239990234375
2017-10-12,97.7699966430664,99.22000122070312,91.79000091552734,94.0999984741211,90.88999938964844,-0.01461403507153114,-0.014721871993324667,98.6479995727539,94.09285699753534,9.90999984741211,2550.929931640625
2017-10-13,97.8000030517578,97.7699966430664,97.08999633789062,93.13999938964844,92.08999633789062,0.0003069081489379677,0.00030686106226596795,98.79000091552734,94.36476207914806,9.609999656677246,2553.169921875
2017-10-16,97.6500015258789,97.8000030517578,101.83000183105467,92.4800033569336,90.62999725341795,-0.0015337578854625056,-0.0015349352961507344,97.9540008544922,94.6990479968843,9.90999984741211,2557.639892578125
2017-10-17,98.73999786376952,97.6500015258789,97.33000183105467,91.58999633789062,90.45999908447266,0.01116227671129888,0.01110043824712416,98.23600006103514,95.0933336530413,10.3100004196167,2559.360107421875
2017-10-18,94.33999633789062,98.73999786376952,99.22000122070312,92.12000274658205,91.22000122070312,-0.0445614909972909,-0.04558487215790116,97.25999908447264,95.24190484909784,10.069999694824219,2561.260009765625
2017-10-19,93.33000183105467,94.33999633789062,97.7699966430664,91.79000091552734,90.91000366210938,-0.0107058993644491,-0.010763619841112017,96.3720001220703,95.35714285714286,10.050000190734863,2562.10009765625
2017-10-20,90.52999877929688,93.33000183105467,97.8000030517578,97.08999633789062,92.31999969482422,-0.030001103576814958,-0.030460345193412394,94.91799926757812,95.27190471830822,9.970000267028809,2575.2099609375
2017-10-23,97.08999633789062,90.52999877929688,97.6500015258789,101.83000183105467,93.29000091552734,0.07246214124653161,0.0699570716599582,94.80599822998047,95.4528568812779,11.069999694824219,2564.97998046875
2017-10-24,98.43000030517578,97.08999633789062,98.73999786376952,97.33000183105467,96.4000015258789,0.013801668738576245,0.013707293078209837,94.74399871826172,95.54952348981585,11.15999984741211,2569.1298828125
2017-10-25,100.16000366210938,98.43000030517578,94.33999633789062,99.22000122070312,94.80999755859376,0.017575976344303967,0.017423305172826822,95.90800018310547,95.80428568522136,11.229999542236328,2557.14990234375
2017-10-26,97.7300033569336,100.16000366210938,93.33000183105467,97.7699966430664,95.36000061035156,-0.024261184268457137,-0.024560335214577903,96.78800048828126,95.91714295886811,11.300000190734863,2560.39990234375
2017-10-27,92.77999877929688,97.7300033569336,90.52999877929688,97.8000030517578,94.0999984741211,-0.0506497944091755,-0.051977522533169895,97.23800048828124,95.85428583054315,9.800000190734863,2581.070068359375
2017-10-30,95.19000244140624,92.77999877929688,97.08999633789062,97.6500015258789,93.13999938964844,0.025975465550955867,0.025643833744297583,96.85800170898438,95.951905023484,10.5,2572.830078125
2017-10-31,92.01000213623048,95.19000244140624,98.43000030517578,98.73999786376952,92.4800033569336,-0.03340687281874155,-0.03397762989928865,95.57400207519531,95.92952401297433,10.180000305175781,2575.260009765625
2017-11-01,92.0,92.01000213623048,100.16000366210938,94.33999633789062,91.58999633789062,-0.00010870705356225141,-0.0001087129626022386,93.94200134277344,95.9490479968843,10.199999809265137,2579.360107421875
2017-11-02,91.4800033569336,92.0,97.7300033569336,93.33000183105467,92.12000274658205,-0.005652137424634884,-0.005668171198640844,92.69200134277344,95.91857183547248,9.930000305175781,2579.85009765625
2017-11-03,89.68000030517578,91.4800033569336,92.77999877929688,90.52999877929688,91.79000091552734,-0.019676464644788227,-0.01987262368355367,92.07200164794922,95.81809561593192,9.140000343322754,2587.840087890625
2017-11-06,91.25,89.68000030517578,95.19000244140624,97.08999633789062,97.08999633789062,0.017506686992435405,0.017355210295755118,91.28400115966797,95.54000055222284,9.399999618530273,2591.1298828125
2017-11-07,93.4499969482422,91.25,92.01000213623048,98.43000030517578,101.83000183105467,0.02410955559717487,0.02382350878238623,91.5720001220703,95.14095270066034,9.890000343322754,2590.639892578125
2017-11-08,97.73999786376952,93.4499969482422,92.0,100.16000366210938,97.33000183105467,0.045906913382815384,0.04488436874076526,92.71999969482422,95.1604763212658,9.779999732971191,2594.3798828125
2017-11-09,98.81999969482422,97.73999786376952,91.4800033569336,97.7300033569336,99.22000122070312,0.011049742732345935,0.010989140343653019,94.18799896240235,95.1414286295573,10.5,2584.6201171875
2017-11-10,104.76000213623048,98.81999969482422,89.68000030517578,92.77999877929688,97.7699966430664,0.06010931450870438,0.058372029701767233,97.20399932861328,95.47428603399368,11.289999961853027,2582.300048828125
2017-11-13,106.3000030517578,104.76000213623048,91.25,95.19000244140624,97.8000030517578,0.01470027571710708,0.014593274025645416,100.21399993896485,95.87904793875558,11.5,2584.840087890625
2017-11-14,103.18000030517578,106.3000030517578,93.4499969482422,92.01000213623048,97.6500015258789,-0.029350918692475303,-0.029790275282611408,102.16000061035156,96.14238121396019,11.59000015258789,2578.8701171875
2017-11-15,106.2699966430664,103.18000030517578,97.73999786376952,92.0,98.73999786376952,0.029947628695011996,0.02950795502167361,103.86600036621094,96.5009525844029,13.130000114440918,2564.6201171875
2017-11-16,100.1500015258789,106.2699966430664,98.81999969482422,91.4800033569336,94.33999633789062,-0.0575891155595214,-0.059313916448118,104.13200073242187,96.77761949811664,11.760000228881836,2585.639892578125
2017-11-17,97.12000274658205,100.1500015258789,104.76000213623048,89.68000030517578,93.33000183105467,-0.030254605423185144,-0.030721721756281635,102.60400085449218,96.95809573218936,11.430000305175781,2578.85009765625
2017-11-20,93.76000213623048,97.12000274658205,106.3000030517578,91.25,90.52999877929688,-0.034596380923906156,-0.03520900697875023,100.09600067138672,97.11190541585286,10.649999618530273,2582.139892578125
2017-11-21,89.2699966430664,93.76000213623048,103.18000030517578,93.4499969482422,97.08999633789062,-0.04788828275238555,-0.04907290102573505,97.31399993896484,96.73952447800409,9.729999542236328,2599.030029296875
2017-11-22,86.41999816894531,89.2699966430664,106.2699966430664,97.73999786376952,98.43000030517578,-0.03192560301661507,-0.032446338271066535,93.34400024414063,96.16761961437408,9.880000114440918,2597.080078125
2017-11-24,86.31999969482422,86.41999816894531,100.1500015258789,98.81999969482422,100.16000366210938,-0.001157121918998416,-0.0011577919014502504,90.57799987792968,95.50857180640811,9.670000076293945,2602.419921875
2017-11-27,86.58000183105469,86.31999969482422,97.12000274658205,104.76000213623048,97.7300033569336,0.0030120729512241873,0.0030075457480583743,88.46999969482422,94.97761935279483,9.869999885559082,2601.419921875
2017-11-28,85.7300033569336,86.58000183105469,93.76000213623048,106.3000030517578,92.77999877929688,-0.0098174919859636,-0.00986600131482679,86.86399993896484,94.64190528506325,10.029999732971191,2627.0400390625
2017-11-29,89.56999969482422,85.7300033569336,89.2699966430664,103.18000030517578,95.19000244140624,0.04479174370147798,0.043817577232273086,86.9240005493164,94.37428610665458,10.699999809265137,2626.070068359375
2017-11-30,89.94000244140625,89.56999969482422,86.41999816894531,106.2699966430664,92.01000213623048,0.0041308780600946005,0.00412236940741016,87.6280014038086,94.27571469261532,11.279999732971191,2647.580078125
2017-12-01,95.02999877929688,89.94000244140625,86.31999969482422,100.1500015258789,92.0,0.05659324215836703,0.05504980989038004,89.37000122070313,94.42000034877232,11.430000305175781,2642.219970703125
2017-12-04,97.56999969482422,95.02999877929688,86.58000183105469,97.12000274658205,91.4800033569336,0.026728411534828966,0.02637744761432253,91.56800079345703,94.71000017438617,11.680000305175781,2639.43994140625
2017-12-05,97.9499969482422,97.56999969482422,85.7300033569336,93.76000213623048,89.68000030517578,0.0038946116081430837,0.0038870472421712586,94.01199951171876,95.10380953834171,11.329999923706055,2629.570068359375
2017-12-06,98.16999816894533,97.9499969482422,89.56999969482422,89.2699966430664,91.25,0.0022460564324404686,0.002243537818286261,95.73199920654297,95.43333326067243,11.020000457763672,2629.27001953125
2017-12-07,95.83000183105467,98.16999816894533,89.94000244140625,86.41999816894531,93.4499969482422,-0.02383616564669422,-0.024124843589561035,96.90999908447266,95.54666682652065,10.15999984741211,2636.97998046875
2017-12-08,91.88999938964844,95.83000183105467,95.02999877929688,86.31999969482422,97.73999786376952,-0.04111449823774749,-0.04198360459239703,96.28199920654296,95.26809547061012,9.579999923706055,2651.5
2017-12-11,92.05999755859376,91.88999938964844,97.56999969482422,86.58000183105469,98.81999969482422,0.0018500181747143074,0.0018483089987706269,95.17999877929688,94.9461906069801,9.34000015258789,2659.989990234375
2017-12-12,93.2699966430664,92.05999755859376,97.9499969482422,85.7300033569336,104.76000213623048,0.013143592402362403,0.013057964877836708,94.24399871826172,94.39904748825799,9.920000076293945,2664.110107421875
2017-12-13,95.55999755859376,93.2699966430664,98.16999816894533,89.56999969482422,106.3000030517578,0.024552385525336007,0.024255820161993662,93.72199859619141,93.88761865525018,10.180000305175781,2662.85009765625
2017-12-14,96.06999969482422,95.55999755859376,95.83000183105467,89.94000244140625,103.18000030517578,0.005336983562789888,0.005322792335852427,93.7699981689453,93.5490471976144,10.489999771118164,2652.010009765625
2017-12-15,92.1999969482422,96.06999969482422,91.88999938964844,95.02999877929688,106.2699966430664,-0.04028315560399143,-0.04111699178182674,93.83199768066406,92.87904721214657,9.420000076293945,2675.81005859375
2017-12-18,90.63999938964844,92.1999969482422,92.05999755859376,97.56999969482422,100.1500015258789,-0.016919713776883172,-0.01706448747727057,93.547998046875,92.42618996756417,9.529999732971191,2690.159912109375
2017-12-19,93.58000183105467,90.63999938964844,93.2699966430664,97.9499969482422,97.12000274658205,0.03243603774496484,0.031921095018849176,93.60999908447266,92.2576184953962,10.029999732971191,2681.469970703125
2017-12-20,92.86000061035156,93.58000183105467,95.55999755859376,98.16999816894533,93.76000213623048,-0.0076939645930224065,-0.007723715840210632,93.06999969482422,92.21476127987816,9.720000267028809,2679.25
2017-12-21,92.20999908447266,92.86000061035156,96.06999969482422,95.83000183105467,89.2699966430664,-0.006999801008039652,-0.007024414542261127,92.29799957275391,92.3547613961356,9.619999885559082,2684.570068359375
2017-12-22,94.9000015258789,92.20999908447266,92.1999969482422,91.88999938964844,86.41999816894531,0.029172567705395558,0.028755147072361206,92.83800048828125,92.75857107979911,9.899999618530273,2683.340087890625
2017-12-26,97.55999755859376,94.9000015258789,90.63999938964844,92.05999755859376,86.31999969482422,0.02802946248625182,0.027643826628364777,94.22200012207031,93.29380907331195,10.25,2680.5
2017-12-27,97.08000183105467,97.55999755859376,93.58000183105467,93.2699966430664,86.58000183105469,-0.0049200055304512436,-0.004932148603358012,94.92200012207032,93.79380907331195,10.470000267028809,2682.6201171875
2017-12-28,97.25,97.08000183105467,92.86000061035156,95.55999755859376,85.7300033569336,0.0017511141917896378,0.0017495827788585976,95.8,94.34238034202939,10.180000305175781,2687.5400390625
2017-12-29,100.76000213623048,97.25,92.20999908447266,96.06999969482422,89.56999969482422,0.036092566953526806,0.03545649018702943,97.51000061035157,94.87523760114398,11.039999961853027,2673.610107421875
2018-01-02,97.36000061035156,100.76000213623048,94.9000015258789,92.1999969482422,89.94000244140625,-0.03374356345568574,-0.034326017737295746,98.00200042724609,95.22857084728423,9.770000457763672,2695.81005859375
2018-01-03,94.4000015258789,97.36000061035156,97.55999755859376,90.63999938964844,95.02999877929688,-0.03040261982247705,-0.030874365632863023,97.37000122070313,95.19857097807385,9.149999618530273,2713.06005859375
2018-01-04,94.20999908447266,94.4000015258789,97.08000183105467,93.58000183105467,97.56999969482422,-0.0020127376942272734,-0.002014765972792282,96.79600067138672,95.03857094900948,9.220000267028809,2723.989990234375
2018-01-05,93.0999984741211,94.20999908447266,97.25,92.86000061035156,97.9499969482422,-0.011782195320438227,-0.011852155449289558,95.96600036621093,94.807618640718,9.220000267028809,2743.14990234375
2018-01-08,93.97000122070312,93.0999984741211,100.76000213623048,92.20999908447266,98.16999816894533,0.009344820202374704,0.009301427491978237,94.60800018310547,94.60761878603981,9.520000457763672,2747.7099609375
2018-01-09,94.73999786376952,93.97000122070312,97.36000061035156,94.9000015258789,95.83000183105467,0.008194068671532051,0.008160679561934699,94.08399963378906,94.55571383521671,10.079999923706055,2751.2900390625
2018-01-10,93.6999969482422,94.73999786376952,94.4000015258789,97.55999755859376,91.88999938964844,-0.010977421775149043,-0.011038118272335144,93.94399871826172,94.64190419514973,9.819999694824219,2748.22998046875
2018-01-11,92.23999786376952,93.6999969482422,94.20999908447266,97.08000183105467,92.05999755859376,-0.01558163427987258,-0.01570430387359964,93.5499984741211,94.65047563825335,9.880000114440918,2767.56005859375
2018-01-12,92.22000122070312,92.23999786376952,93.0999984741211,97.25,93.2699966430664,-0.00021678928371104966,-0.00021681278590455949,93.3739990234375,94.60047585623605,10.15999984741211,2786.239990234375
2018-01-16,106.48999786376952,92.22000122070312,93.97000122070312,100.76000213623048,95.55999755859376,0.1547386299520328,0.14387402395148816,95.87799835205078,95.12095206124442,11.65999984741211,2776.419921875
2018-01-17,102.62999725341795,106.48999786376952,94.73999786376952,97.36000061035156,96.06999969482422,-0.03624754143848874,-0.036920803071264136,97.45599822998047,95.43333289736793,11.90999984741211,2802.56005859375
2018-01-18,103.68000030517578,102.62999725341795,93.6999969482422,94.4000015258789,92.1999969482422,0.010230956638974886,0.010178974651761574,99.45199890136719,95.97999972388858,12.220000267028809,2798.030029296875
2018-01-19,101.58999633789062,103.68000030517578,92.23999786376952,94.20999908447266,90.63999938964844,-0.020158217217721375,-0.02036416649188247,101.3219985961914,96.50142814999535,11.270000457763672,2810.300048828125
2018-01-22,99.68000030517578,101.58999633789062,92.22000122070312,93.0999984741211,93.58000183105467,-0.01880102472257361,-0.018980010954823504,102.81399841308594,96.79190426781064,11.029999732971191,2832.969970703125
2018-01-23,98.58999633789062,99.68000030517578,106.48999786376952,93.97000122070312,92.86000061035156,-0.010935031741051815,-0.010995258658584408,101.23399810791015,97.06476120721726,11.100000381469727,2839.1298828125
2018-01-24,99.7699966430664,98.58999633789062,102.62999725341795,94.73999786376952,92.20999908447266,0.011968763049058806,0.01189770383657854,100.66199798583985,97.42476109095982,11.470000267028809,2837.5400390625
2018-01-25,101.77999877929688,99.7699966430664,103.68000030517578,93.6999969482422,94.9000015258789,0.02014635866353065,0.01994610588844856,100.28199768066406,97.75238000778924,11.579999923706055,2839.25
2018-01-26,98.6500015258789,101.77999877929688,101.58999633789062,92.23999786376952,97.55999755859376,-0.030752577038295703,-0.031235361230914502,99.69399871826172,97.80428495861236,11.079999923706055,2872.8701171875
2018-01-29,110.01000213623048,98.6500015258789,99.68000030517578,92.22000122070312,97.08000183105467,0.11515459132934236,0.10899304223363011,101.75999908447265,98.41999925885882,13.84000015258789,2853.530029296875
2018-01-30,113.4800033569336,110.01000213623048,98.58999633789062,106.48999786376952,97.25,0.031542597521323934,0.031055349352514233,104.73800048828124,99.19285656156994,14.789999961853027,2822.429931640625
2018-01-31,108.41000366210938,113.4800033569336,99.7699966430664,102.62999725341795,100.76000213623048,-0.04467747219637741,-0.04570627006898983,106.46600189208985,99.55714234851655,13.539999961853027,2823.81005859375
2018-02-01,105.7699966430664,108.41000366210938,101.77999877929688,103.68000030517578,97.36000061035156,-0.024352060970971867,-0.024653475851469823,107.26400146484374,99.9576183500744,13.470000267028809,2821.97998046875
2018-02-02,125.51000213623048,105.7699966430664,98.6500015258789,101.58999633789062,94.4000015258789,0.1866314278119825,0.17111856009084475,112.63600158691406,101.43904695056733,17.309999465942383,2762.1298828125
2018-02-05,177.33999633789062,125.51000213623048,110.01000213623048,99.68000030517578,94.20999908447266,0.4129550897896015,0.345683319608889,126.1020004272461,105.39761824834915,37.31999969482422,2648.93994140625
2018-02-06,161.1199951171875,177.33999633789062,113.4800033569336,98.58999633789062,93.0999984741211,-0.09146273573728247,-0.09591937463683274,135.62999877929687,108.63666570754279,29.979999542236328,2695.139892578125
2018-02-07,159.02999877929688,161.1199951171875,108.41000366210938,99.7699966430664,93.97000122070312,-0.0129716757772399,-0.013056542672917178,145.75399780273438,111.73476082938058,27.729999542236328,2681.659912109375
2018-02-08,180.6100006103516,159.02999877929688,105.7699966430664,101.77999877929688,94.73999786376952,0.13569767966233592,0.12724715782306734,160.7219985961914,115.82380857921783,33.459999084472656,2581.0
2018-02-09,167.27999877929688,180.6100006103516,125.51000213623048,98.6500015258789,93.6999969482422,-0.07380544701847869,-0.07667096599194823,169.07599792480468,119.32761819022042,29.059999465942383,2619.550048828125
2018-02-12,140.8000030517578,167.27999877929688,177.33999633789062,110.01000213623048,92.23999786376952,-0.15829744094197296,-0.17232858242465554,161.76799926757812,121.63999938964844,25.610000610351562,2656.0
2018-02-13,136.5800018310547,140.8000030517578,161.1199951171875,113.4800033569336,92.22000122070312,-0.029971598929240506,-0.030429928458952173,156.86000061035156,123.75238037109375,24.969999313354492,2662.93994140625
2018-02-14,124.48999786376952,136.5800018310547,159.02999877929688,108.41000366210938,106.48999786376952,-0.08851957684288314,-0.0926851627055675,149.9520004272461,124.60952322823661,19.260000228881836,2698.6298828125
2018-02-15,122.76000213623048,124.48999786376952,180.6100006103516,105.7699966430664,102.62999725341795,-0.013896664448755036,-0.013994127080621095,138.3820007324219,125.56809488932292,19.1299991607666,2731.199951171875
2018-02-16,121.1999969482422,122.76000213623048,167.27999877929688,125.51000213623048,103.68000030517578,-0.012707764425232693,-0.012789198697523287,129.16600036621094,126.40238044375465,19.459999084472656,2732.219970703125
2018-02-20,122.58000183105467,121.1999969482422,140.8000030517578,177.33999633789062,101.58999633789062,0.011386179187791612,0.011321844539521595,125.52200012207031,127.4019045148577,20.600000381469727,2716.260009765625
2018-02-21,125.7300033569336,122.58000183105467,136.5800018310547,161.1199951171875,99.68000030517578,0.025697515735237042,0.02537288430941735,123.3520004272461,128.64238085065568,20.020000457763672,2701.330078125
2018-02-22,116.9800033569336,125.7300033569336,124.48999786376952,159.02999877929688,98.58999633789062,-0.06959357167246483,-0.07213376859310806,121.85000152587891,129.51809547061012,18.719999313354492,2703.9599609375
2018-02-23,110.19000244140624,116.9800033569336,122.76000213623048,180.6100006103516,99.7699966430664,-0.05804411626497785,-0.05979683805550729,119.33600158691407,130.014286222912,16.489999771118164,2747.300048828125
2018-02-26,107.68000030517578,110.19000244140624,121.1999969482422,167.27999877929688,101.77999877929688,-0.02277885543713598,-0.023042301925500816,116.63200225830079,130.2952386765253,15.800000190734863,2779.60009765625
2018-02-27,119.5,107.68000030517578,122.58000183105467,140.8000030517578,98.6500015258789,0.10976968481914162,0.10415250264104868,116.01600189208985,131.28809574672155,18.59000015258789,2744.280029296875
2018-02-28,121.6999969482422,119.5,125.7300033569336,136.5800018310547,110.01000213623048,0.018410016303282095,0.018242603545845237,115.21000061035156,131.84476216634116,19.850000381469727,2713.830078125
2018-03-01,128.13999938964844,121.6999969482422,116.9800033569336,124.48999786376952,113.4800033569336,0.05291703042642726,0.051564436530303105,117.44199981689454,132.54285721551804,22.469999313354492,2677.669921875
2018-03-02,114.77999877929688,128.13999938964844,110.19000244140624,122.76000213623048,108.41000366210938,-0.10426096982977529,-0.11010616940265244,118.35999908447266,132.8461903163365,19.59000015258789,2691.25
2018-03-05,109.66000366210938,114.77999877929688,107.68000030517578,121.1999969482422,105.7699966430664,-0.044607032336987706,-0.045632538674034655,118.75599975585938,133.03142874581474,18.729999542236328,2720.93994140625
2018-03-06,104.61000061035156,109.66000366210938,119.5,122.58000183105467,125.51000213623048,-0.04605145798935195,-0.04714554818081389,115.77799987792969,132.03619057791573,18.360000610351562,2728.1201171875
2018-03-07,99.48999786376952,104.61000061035156,121.6999969482422,125.7300033569336,177.33999633789062,-0.04894372160127303,-0.05018204006075563,111.33600006103515,128.32904779343377,17.760000228881836,2726.800048828125
2018-03-08,96.91999816894533,99.48999786376952,128.13999938964844,116.9800033569336,161.1199951171875,-0.02583173937085881,-0.026171238073565972,105.09199981689453,125.27190508161273,16.540000915527344,2738.969970703125
2018-03-09,99.70999908447266,96.91999816894533,114.77999877929688,110.19000244140624,159.02999877929688,0.02878663813699167,0.0283800866029094,102.07799987792968,122.44714319138299,14.640000343322754,2786.570068359375
2018-03-12,104.94000244140624,99.70999908447266,109.66000366210938,107.68000030517578,180.6100006103516,0.05245214527083486,0.05112281786454691,101.13399963378906,118.84380994524274,15.779999732971191,2783.02001953125
2018-03-13,107.04000091552734,104.94000244140624,104.61000061035156,119.5,167.27999877929688,0.020011420099724564,0.019813823409703554,101.61999969482422,115.97523861839657,16.350000381469727,2765.31005859375
2018-03-14,110.29000091552734,107.04000091552734,99.48999786376952,121.6999969482422,140.8000030517578,0.030362481055701718,0.02991066368609544,103.78000030517578,114.52238137381417,17.229999542236328,2749.47998046875
2018-03-15,109.27999877929688,110.29000091552734,96.91999816894533,128.13999938964844,136.5800018310547,-0.009157694513068693,-0.009199883967083359,106.25200042724609,113.22238122849237,16.59000015258789,2747.330078125
2018-03-16,106.48999786376952,109.27999877929688,99.70999908447266,114.77999877929688,124.48999786376952,-0.025530755368711855,-0.025862320685156884,107.60800018310547,112.36523837134952,15.800000190734863,2752.010009765625
2018-03-19,112.91999816894533,106.48999786376952,104.94000244140624,109.66000366210938,122.76000213623048,0.060381260533046266,0.05862852320287836,109.20399932861328,111.89666675385975,19.020000457763672,2712.919921875
2018-03-20,107.12999725341795,112.91999816894533,107.04000091552734,104.61000061035156,121.1999969482422,-0.05127524804653871,-0.05263656253316062,109.22199859619141,111.22666676839192,18.200000762939453,2716.93994140625
2018-03-21,106.5999984741211,107.12999725341795,110.29000091552734,99.48999786376952,122.58000183105467,-0.004947249070147319,-0.0049595272189410745,108.48399810791015,110.46571422758556,17.860000610351562,2711.929931640625
2018-03-22,125.12000274658205,106.5999984741211,109.27999877929688,96.91999816894533,125.7300033569336,0.17373362605588571,0.16018980133090044,111.6519989013672,110.43666657947358,23.34000015258789,2643.68994140625
2018-03-23,129.82000732421875,125.12000274658205,106.48999786376952,99.70999908447266,116.9800033569336,0.03756397438030823,0.03687563327499919,116.31800079345703,111.04809533982049,24.8700008392334,2588.260009765625
2018-03-26,113.08000183105467,129.82000732421875,112.91999816894533,104.94000244140624,110.19000244140624,-0.12894780887938773,-0.13805338300563336,116.35000152587891,111.18571435837518,21.030000686645508,2658.550048828125
2018-03-27,118.61000061035156,113.08000183105467,107.12999725341795,107.04000091552734,107.68000030517578,0.04890341961223954,0.047745256169104314,118.64600219726563,111.70619056338356,22.5,2612.6201171875
2018-03-28,114.0199966430664,118.61000061035156,106.5999984741211,110.29000091552734,119.5,-0.038698288033602535,-0.03946696302523908,120.13000183105468,111.4452380225772,22.8700008392334,2605.0
2018-03-29,103.31999969482422,114.0199966430664,125.12000274658205,109.27999877929688,121.6999969482422,-0.09384316140385418,-0.0985428768878701,115.77000122070312,110.57000005812873,19.969999313354492,2640.8701171875
2018-04-02,111.66999816894533,103.31999969482422,129.82000732421875,106.48999786376952,128.13999938964844,0.08081686506760022,0.0777171117867409,112.13999938964844,109.78571428571429,23.6200008392334,2581.8798828125
2018-04-03,102.05999755859376,111.66999816894533,113.08000183105467,112.91999816894533,114.77999877929688,-0.08605713949965876,-0.08998722534614437,109.93599853515624,109.17999994187127,21.100000381469727,2614.449951171875
2018-04-04,95.44000244140624,102.05999755859376,118.61000061035156,107.12999725341795,109.66000366210938,-0.06486375931360289,-0.06706304834434607,105.30199890136718,108.5028570265997,20.059999465942383,2644.68994140625
2018-04-05,92.20999908447266,95.44000244140624,114.0199966430664,106.5999984741211,104.61000061035156,-0.03384328661261915,-0.03442922874786609,100.93999938964843,107.91238076346261,18.940000534057617,2662.840087890625
2018-04-06,98.5999984741211,92.20999908447266,103.31999969482422,125.12000274658205,99.48999786376952,0.06929833481285064,0.06700267151081528,99.99599914550781,107.86999984014602,21.489999771118164,2604.469970703125
2018-04-09,100.23999786376952,98.5999984741211,111.66999816894533,129.82000732421875,96.91999816894533,0.016632854107790473,0.01649604314351023,97.70999908447266,108.02809506370907,21.770000457763672,2613.159912109375
2018-04-10,98.20999908447266,100.23999786376952,102.05999755859376,113.08000183105467,99.70999908447266,-0.020251384901820546,-0.02045925542911154,96.93999938964843,107.9566664922805,20.469999313354492,2656.8701171875
2018-04-11,100.0199966430664,98.20999908447266,95.44000244140624,118.61000061035156,104.94000244140624,0.018429870435462847,0.018262098580590625,97.85599822998047,107.72238050188336,20.239999771118164,2642.18994140625
2018-04-12,98.08000183105467,100.0199966430664,92.20999908447266,114.0199966430664,107.04000091552734,-0.019396069557319096,-0.019586641571241254,99.02999877929688,107.29571387881325,18.489999771118164,2663.989990234375
2018-04-13,93.94000244140624,98.08000183105467,98.5999984741211,103.31999969482422,110.29000091552734,-0.0422104334457466,-0.043127184269048276,98.09799957275389,106.51714252290272,17.40999984741211,2656.300048828125
2018-04-16,93.22000122070312,93.94000244140624,100.23999786376952,111.66999816894533,109.27999877929688,-0.007664479476165664,-0.007694002548386423,96.69400024414061,105.75238073439826,16.559999465942383,2677.840087890625
2018-04-17,89.58999633789062,93.22000122070312,98.20999908447266,102.05999755859376,106.48999786376952,-0.03894019347005029,-0.039718638306290105,94.96999969482421,104.94761875697544,15.25,2706.389892578125
2018-04-18,92.41000366210938,89.58999633789062,100.0199966430664,95.44000244140624,112.91999816894533,0.0314768103526093,0.030991571795710018,93.4480010986328,103.97095235188802,15.600000381469727,2708.639892578125
2018-04-19,95.37999725341795,92.41000366210938,98.08000183105467,92.20999908447266,107.12999725341795,0.032139308230829,0.03163364654499487,92.90800018310547,103.4114285423642,15.960000038146973,2693.1298828125
2018-04-20,99.20999908447266,95.37999725341795,93.94000244140624,98.5999984741211,106.5999984741211,0.04015518915227756,0.039369922359762395,93.96199951171874,103.05952380952381,16.8799991607666,2670.139892578125
2018-04-23,96.87000274658205,99.20999908447266,93.22000122070312,100.23999786376952,125.12000274658205,-0.02358629532793577,-0.023868904642063826,94.69199981689454,101.71428571428571,16.34000015258789,2670.2900390625
2018-04-24,100.80999755859376,96.87000274658205,89.58999633789062,98.20999908447266,129.82000732421875,0.04067301228760156,0.039867631056381386,96.93600006103516,100.33285667782738,18.020000457763672,2634.56005859375
2018-04-25,97.8000030517578,100.80999755859376,92.41000366210938,100.0199966430664,113.08000183105467,-0.02985809522598659,-0.030312924603113876,98.01399993896484,99.60523768833706,17.84000015258789,2639.39990234375
2018-04-26,90.70999908447266,97.8000030517578,95.37999725341795,98.08000183105467,118.61000061035156,-0.07249492582871353,-0.07525701371089011,97.08000030517579,98.27666618710472,16.239999771118164,2666.93994140625
2018-04-27,92.1500015258789,90.70999908447266,99.20999908447266,93.94000244140624,114.0199966430664,0.015874792811598093,0.01575010614052624,95.66800079345703,97.23523784819103,15.40999984741211,2669.909912109375
2018-04-30,94.3000030517578,92.1500015258789,96.87000274658205,93.22000122070312,103.31999969482422,0.023331540860312305,0.023063521327161357,95.15400085449218,96.8057141985212,15.930000305175781,2648.050048828125
2018-05-01,89.97000122070312,94.3000030517578,100.80999755859376,89.58999633789062,111.66999816894533,-0.04591730319115783,-0.04700492700471806,92.98600158691406,95.77238101050968,15.489999771118164,2654.800048828125
2018-05-02,93.79000091552734,89.97000122070312,97.8000030517578,92.41000366210938,102.05999755859376,0.042458593342168394,0.04158195528538928,92.18400115966797,95.37857164655414,15.970000267028809,2635.669921875
2018-05-03,91.06999969482422,93.79000091552734,90.70999908447266,95.37999725341795,95.44000244140624,-0.029000972322762997,-0.029429812053582294,92.25600128173828,95.17047627766927,15.899999618530273,2629.72998046875
2018-05-04,88.12000274658203,91.06999969482422,92.1500015258789,99.20999908447266,92.20999908447266,-0.03239263158150474,-0.032928885125926295,91.4500015258789,94.97571454729352,14.770000457763672,2663.419921875
2018-05-07,90.70999908447266,88.12000274658203,94.3000030517578,96.87000274658205,98.5999984741211,0.029391696064048123,0.028968041431149855,90.73200073242188,94.6000002906436,14.75,2672.6298828125
2018-05-08,89.5,90.70999908447266,89.97000122070312,100.80999755859376,100.23999786376952,-0.013339202917925896,-0.013428969253138755,90.63800048828125,94.08857182094029,14.710000038146973,2671.919921875
2018-05-09,93.88999938964844,89.5,93.79000091552734,97.8000030517578,98.20999908447266,0.04905027251003835,0.04788525248893738,90.65800018310547,93.88285754975819,13.420000076293945,2697.7900390625
2018-05-10,93.0199966430664,93.88999938964844,91.06999969482422,90.70999908447266,100.0199966430664,-0.009266191844047977,-0.009309390062096027,91.04799957275391,93.54952421642486,13.229999542236328,2723.070068359375
2018-05-11,90.02999877929688,93.0199966430664,88.12000274658203,92.1500015258789,98.08000183105467,-0.03214360322160259,-0.032671553146114175,91.42999877929688,93.16619073776971,12.649999618530273,2727.719970703125
2018-05-14,92.62000274658205,90.02999877929688,90.70999908447266,94.3000030517578,93.94000244140624,0.028768232837972363,0.028362196145377078,91.81199951171875,93.10333360944476,12.930000305175781,2730.1298828125
2018-05-15,99.18000030517578,92.62000274658205,89.5,89.97000122070312,93.22000122070312,0.07082700673787024,0.06843125343106296,93.74799957275391,93.38714308965774,14.630000114440918,2711.449951171875
2018-05-16,94.79000091552734,99.18000030517578,93.88999938964844,93.79000091552734,89.58999633789062,-0.04426294995100277,-0.04527245601454646,93.9279998779297,93.63476235525948,13.420000076293945,2722.4599609375
2018-05-17,93.4800033569336,94.79000091552734,93.0199966430664,91.06999969482422,92.41000366210938,-0.013819997319771793,-0.013916382542059404,94.02000122070312,93.68571472167969,13.430000305175781,2720.1298828125
2018-05-18,94.76000213623048,93.4800033569336,90.02999877929688,88.12000274658203,95.37999725341795,0.013692754956474262,0.013599856252802196,94.96600189208985,93.65619114467076,13.420000076293945,2712.969970703125
2018-05-21,91.04000091552734,94.76000213623048,92.62000274658205,90.70999908447266,99.20999908447266,-0.039257082490934625,-0.040048421399832945,94.6500015258789,93.26714361281623,13.079999923706055,2733.010009765625
2018-05-22,90.47000122070312,91.04000091552734,99.18000030517578,89.5,96.87000274658205,-0.006260980767707869,-0.006280662903785201,92.90800170898437,92.96238163539341,13.220000267028809,2724.43994140625
2018-05-23,89.80000305175781,90.47000122070312,94.79000091552734,93.88999938964844,100.80999755859376,-0.0074057495291819375,-0.007433308238461913,91.91000213623047,92.43809618268695,12.579999923706055,2733.2900390625
2018-05-24,90.63999938964844,89.80000305175781,93.4800033569336,93.0199966430664,97.8000030517578,0.00935407916864417,0.009310600693858334,91.34200134277344,92.0971436273484,12.529999732971191,2727.760009765625
2018-05-25,93.77999877929688,90.63999938964844,94.76000213623048,90.02999877929688,90.70999908447266,0.034642535423571985,0.034055990658820555,91.14600067138672,92.2433340890067,13.220000267028809,2721.330078125
2018-05-29,108.66999816894533,93.77999877929688,91.04000091552734,92.62000274658205,92.1500015258789,0.15877585395037985,0.14736414958030833,94.67200012207033,93.03000059581939,17.020000457763672,2689.860107421875
2018-05-30,99.08000183105467,108.66999816894533,90.47000122070312,99.18000030517578,94.3000030517578,-0.08824879451071155,-0.09238812712335401,96.39400024414063,93.25761958530971,14.9399995803833,2724.010009765625
2018-05-31,100.62999725341795,99.08000183105467,89.80000305175781,94.79000091552734,89.97000122070312,0.015643877611208,0.01552277354964583,98.55999908447265,93.76523844401042,15.430000305175781,2705.27001953125
2018-06-01,93.3000030517578,100.62999725341795,90.63999938964844,93.4800033569336,93.79000091552734,-0.07284104543102521,-0.07563025608898803,99.09199981689453,93.74190521240234,13.460000038146973,2734.6201171875
2018-06-04,90.83000183105467,93.3000030517578,93.77999877929688,94.76000213623048,91.06999969482422,-0.02647375283935305,-0.026830492889122523,98.50200042724609,93.73047674269904,12.739999771118164,2746.8701171875
2018-06-05,89.83999633789062,90.83000183105467,108.66999816894533,91.04000091552734,88.12000274658203,-0.010899542807512819,-0.010959378005645885,94.73600006103514,93.81238119942802,12.399999618530273,2748.800048828125
2018-06-06,88.12000274658203,89.83999633789062,99.08000183105467,90.47000122070312,90.70999908447266,-0.01914507637377516,-0.019330716564817364,92.54400024414062,93.68904804048084,11.640000343322754,2772.35009765625
2018-06-07,91.27999877929688,88.12000274658203,100.62999725341795,89.80000305175781,89.5,0.035860144510009295,0.035232139077849695,90.6740005493164,93.77380988711403,12.130000114440918,2770.3701171875
2018-06-08,93.48999786376952,91.27999877929688,93.3000030517578,90.63999938964844,93.88999938964844,0.024211208523524652,0.02392276367274699,90.71199951171874,93.7547621954055,12.180000305175781,2779.030029296875
2018-06-11,94.54000091552734,93.48999786376952,90.83000183105467,93.77999877929688,93.0199966430664,0.011231180615576264,0.011168579195715954,91.45399932861328,93.82714335123698,12.350000381469727,2782.0
2018-06-12,95.70999908447266,94.54000091552734,89.83999633789062,108.66999816894533,90.02999877929688,0.0123756944956106,0.012299741593064448,92.62799987792968,94.09761955624535,12.34000015258789,2786.85009765625
2018-06-13,100.01000213623048,95.70999908447266,88.12000274658203,99.08000183105467,92.62000274658205,0.044927417123499236,0.043947425706417645,95.00599975585938,94.44952428908576,12.9399995803833,2775.6298828125
2018-06-14,98.20999908447266,100.01000213623048,91.27999877929688,100.62999725341795,99.18000030517578,-0.017998230310063534,-0.01816216850105012,96.39199981689453,94.40333375476655,12.119999885559082,2782.489990234375
2018-06-15,101.66000366210938,98.20999908447266,93.48999786376952,93.3000030517578,94.79000091552734,0.03512885255878362,0.034525914194322785,98.0260009765625,94.73047674269904,11.979999542236328,2779.659912109375
2018-06-18,99.87000274658205,101.66000366210938,94.54000091552734,90.83000183105467,93.4800033569336,-0.01760772035260605,-0.017764580285250527,99.09200134277344,95.03476242792038,12.3100004196167,2773.75
2018-06-19,104.12999725341795,99.87000274658205,95.70999908447266,89.83999633789062,94.76000213623048,0.0426553959114786,0.04177072440871673,100.7760009765625,95.48095267159599,13.350000381469727,2762.590087890625
2018-06-20,98.51000213623048,104.12999725341795,100.01000213623048,88.12000274658203,91.04000091552734,-0.05397095232327975,-0.055482004612327,100.4760009765625,95.83666701543899,12.789999961853027,2767.320068359375
2018-06-21,107.4499969482422,98.51000213623048,98.20999908447266,91.27999877929688,90.47000122070312,0.0907521532650919,0.08686750713385927,102.32400054931641,96.64523824055989,14.640000343322754,2749.760009765625
2018-06-22,102.48999786376952,107.4499969482422,101.66000366210938,93.48999786376952,89.80000305175781,-0.04616099790921235,-0.047260382686699465,102.48999938964843,97.24952370779855,13.770000457763672,2754.8798828125
2018-06-25,114.31999969482422,102.48999786376952,99.87000274658205,94.54000091552734,90.63999938964844,0.11542591548083769,0.10923631895195982,105.37999877929687,98.37714276994977,17.329999923706055,2717.070068359375
2018-06-26,107.5199966430664,114.31999969482422,104.12999725341795,95.70999908447266,93.77999877929688,-0.05948218220705326,-0.06132468539876634,106.05799865722656,99.03142838251023,15.920000076293945,2723.06005859375
2018-06-27,112.75,107.5199966430664,98.51000213623048,100.01000213623048,108.66999816894533,0.0486421458353985,0.0474961328294294,108.90599822998047,99.22571418398903,17.90999984741211,2699.6298828125
2018-06-28,108.87999725341795,112.75,107.4499969482422,98.20999908447266,99.08000183105467,-0.03432374941536187,-0.034926645265349374,109.19199829101562,99.692380632673,16.850000381469727,2716.31005859375
2018-06-29,105.97000122070312,108.87999725341795,102.48999786376952,101.66000366210938,100.62999725341795,-0.026726635801999743,-0.027090286411366474,109.88799896240235,99.94666653587704,16.09000015258789,2718.3701171875
2018-07-02,104.8000030517578,105.97000122070312,114.31999969482422,99.87000274658205,93.3000030517578,-0.011040843214756402,-0.0111022456993043,107.98399963378907,100.4942855834961,15.600000381469727,2726.7099609375
2018-07-03,108.5,104.8000030517578,107.5199966430664,104.12999725341795,90.83000183105467,0.03530531336353948,0.034696371973746566,108.18000030517578,101.33571406773159,16.139999389648438,2713.219970703125
2018-07-05,103.22000122070312,108.5,112.75,98.51000213623048,89.83999633789062,-0.04866358321932607,-0.0498875284337065,106.27400054931641,101.97285715738933,14.970000267028809,2736.610107421875
2018-07-06,95.73999786376952,103.22000122070312,108.87999725341795,107.4499969482422,88.12000274658203,-0.0724666079100309,-0.07522648289527646,103.64600067138672,102.33571406773159,13.369999885559082,2759.820068359375
2018-07-09,94.16000366210938,95.73999786376952,105.97000122070312,102.48999786376952,91.27999877929688,-0.01650296884180369,-0.016640659807100205,101.28400115966795,102.47285715738933,12.6899995803833,2784.169921875
2018-07-10,91.95999908447266,94.16000366210938,104.8000030517578,114.31999969482422,93.48999786376952,-0.023364533688118527,-0.023641811905163033,98.71600036621093,102.4000000726609,12.640000343322754,2793.840087890625
2018-07-11,104.5,91.95999908447266,108.5,107.5199966430664,94.54000091552734,0.1363636476769463,0.1278333814655976,97.91600036621094,102.87428574335007,13.630000114440918,2774.02001953125
2018-07-12,100.81999969482422,104.5,103.22000122070312,112.75,95.70999908447266,-0.03521531392512711,-0.035850325777317865,97.43600006103516,103.11761910574776,12.579999923706055,2798.2900390625
2018-07-13,99.80999755859376,100.81999969482422,95.73999786376952,108.87999725341795,100.01000213623048,-0.010017874819357897,-0.010068391389590437,98.25,103.10809507824126,12.180000305175781,2801.31005859375
2018-07-16,100.9499969482422,99.80999755859376,94.16000366210938,105.97000122070312,98.20999908447266,0.011421695396587772,0.011356960290499287,99.60799865722657,103.23857116699219,12.829999923706055,2798.429931640625
2018-07-17,98.55999755859376,100.9499969482422,91.95999908447266,104.8000030517578,101.66000366210938,-0.023675081346201554,-0.023959839514008693,100.92799835205079,103.09095182872954,12.0600004196167,2809.550048828125
2018-07-18,98.08000183105467,98.55999755859376,104.5,108.5,99.87000274658205,-0.0048700866419333355,-0.004881984157555545,99.64399871826173,103.0057136898949,12.100000381469727,2815.6201171875
2018-07-19,100.58000183105467,98.08000183105467,100.81999969482422,103.22000122070312,104.12999725341795,0.025489395935231585,0.025169958091883965,99.59599914550782,102.83666628882999,12.869999885559082,2804.489990234375
2018-07-20,102.76000213623048,100.58000183105467,99.80999755859376,95.73999786376952,98.51000213623048,0.021674291762666442,0.02144274408144714,100.18600006103517,103.03904724121094,12.859999656677246,2801.830078125
2018-07-23,102.04000091552734,102.76000213623048,100.9499969482422,94.16000366210938,107.4499969482422,-0.00700662909434957,-0.0070312907843733275,100.40400085449218,102.78142838251023,12.619999885559082,2806.97998046875
2018-07-24,98.68000030517578,102.04000091552734,98.55999755859376,91.95999908447266,102.48999786376952,-0.03292826911216029,-0.03348260749211458,100.4280014038086,102.5999999273391,12.40999984741211,2820.39990234375
2018-07-25,94.1999969482422,98.68000030517578,98.08000183105467,104.5,114.31999969482422,-0.04539930424684646,-0.04646214556799853,99.6520004272461,101.64190455845424,12.289999961853027,2846.070068359375
2018-07-26,91.66000366210938,94.1999969482422,100.58000183105467,100.81999969482422,107.5199966430664,-0.026963836182801737,-0.027334030151570265,97.86800079345703,100.88666679745629,12.140000343322754,2837.43994140625
2018-07-27,97.1500015258789,91.66000366210938,102.76000213623048,99.80999755859376,112.75,0.05989523941115649,0.05817007249570398,96.74600067138672,100.14380972726005,13.029999732971191,2818.820068359375
2018-07-30,101.41000366210938,97.1500015258789,102.04000091552734,100.9499969482422,108.87999725341795,0.04384973823284688,0.04291555020594896,96.62000122070313,99.78809574672154,14.260000228881836,2802.60009765625
2018-07-31,94.12999725341795,101.41000366210938,98.68000030517578,98.55999755859376,105.97000122070312,-0.07178785273440935,-0.07449496535529618,95.71000061035156,99.22428603399368,12.829999923706055,2816.2900390625
2018-08-01,95.27999877929688,94.12999725341795,94.1999969482422,98.08000183105467,104.8000030517578,0.012217163066337688,0.012143135854775099,95.9260009765625,98.77095249720982,13.149999618530273,2813.360107421875
2018-08-02,91.66000366210938,95.27999877929688,91.66000366210938,100.58000183105467,108.5,-0.037993232195276616,-0.03873379320113195,95.9260009765625,97.96904790969123,12.1899995803833,2827.219970703125
2018-08-03,86.5999984741211,91.66000366210938,97.1500015258789,102.76000213623048,103.22000122070312,-0.05520406923221621,-0.05678632108562642,93.81600036621094,97.17761920747303,11.640000343322754,2840.35009765625
2018-08-06,84.66000366210938,86.5999984741211,101.41000366210938,102.04000091552734,95.73999786376952,-0.022401788062287875,-0.022656519599097386,90.46600036621093,96.6500004359654,11.270000457763672,2850.39990234375
2018-08-07,83.20999908447266,84.66000366210938,94.12999725341795,98.68000030517578,94.16000366210938,-0.017127386190814553,-0.017275756439716634,88.28200073242188,96.12857164655414,10.930000305175781,2858.449951171875
2018-08-08,84.41999816894531,83.20999908447266,95.27999877929688,94.1999969482422,91.95999908447266,0.014541510609131114,0.014436796754804916,86.11000061035156,95.76952398390998,10.850000381469727,2857.699951171875
2018-08-09,88.69000244140625,84.41999816894531,91.66000366210938,91.66000366210938,104.5,0.0505804828841101,0.04934285225124212,85.51600036621093,95.01666695731026,11.270000457763672,2853.580078125
2018-08-10,99.06999969482422,88.69000244140625,86.5999984741211,97.1500015258789,100.81999969482422,0.11703683580655655,0.11067949698875972,88.01000061035157,94.93333362397694,13.15999984741211,2833.280029296875
2018-08-13,107.77999877929688,99.06999969482422,84.66000366210938,101.41000366210938,99.80999755859376,0.08791762502576961,0.08426543327493942,92.63399963378906,95.31285749162946,14.779999732971191,2821.929931640625
2018-08-14,100.33999633789062,107.77999877929688,83.20999908447266,94.12999725341795,100.9499969482422,-0.06902952797987394,-0.07152771862037034,96.05999908447265,95.28380984351749,13.3100004196167,2839.9599609375
2018-08-15,111.12999725341795,100.33999633789062,84.41999816894531,95.27999877929688,98.55999755859376,0.10753439614640281,0.10213627992341573,101.4019989013672,95.88238125755673,14.640000343322754,2818.3701171875
2018-08-16,103.48999786376952,111.12999725341795,88.69000244140625,91.66000366210938,98.08000183105467,-0.06874830899371287,-0.07122569344433897,104.36199798583985,96.14000011625744,13.449999809265137,2840.68994140625
2018-08-17,101.80999755859376,103.48999786376952,99.06999969482422,86.5999984741211,100.58000183105467,-0.016233455791420992,-0.016366661899098897,104.90999755859374,96.19857134137835,12.640000343322754,2850.1298828125
2018-08-20,100.7699966430664,101.80999755859376,107.77999877929688,84.66000366210938,102.76000213623048,-0.010215115808531627,-0.0102676481595968,103.50799713134765,96.1038091750372,12.489999771118164,2857.050048828125
2018-08-21,101.55999755859376,100.7699966430664,100.33999633789062,83.20999908447266,102.04000091552734,0.007839644158425418,0.007809073817940987,103.75199737548829,96.08095187232608,12.859999656677246,2862.9599609375
2018-08-22,95.72000122070312,101.55999755859376,111.12999725341795,84.41999816894531,98.68000030517578,-0.05750291924260165,-0.059222457004398384,100.66999816894531,95.93999953497024,12.25,2861.820068359375
2018-08-23,95.91999816894533,95.72000122070312,103.48999786376952,88.69000244140625,94.1999969482422,0.00208939558808674,0.002087215836838671,99.15599822998048,96.02190435500373,12.40999984741211,2856.97998046875
2018-08-24,93.9499969482422,95.91999816894533,101.80999755859376,99.06999969482422,91.66000366210938,-0.0205379614085619,-0.020751798253177415,97.58399810791016,96.13095165434338,11.989999771118164,2874.68994140625
2018-08-27,93.38999938964844,93.9499969482422,100.7699966430664,107.77999877929688,97.1500015258789,-0.005960591557041428,-0.005978426790573749,96.10799865722656,95.95190393357049,12.15999984741211,2896.739990234375
2018-08-28,92.30999755859376,93.38999938964844,101.55999755859376,100.33999633789062,101.41000366210938,-0.01156442700624305,-0.01163181503195998,94.25799865722657,95.51857030959357,12.5,2897.52001953125
2018-08-29,91.0999984741211,92.30999755859376,95.72000122070312,111.12999725341795,94.12999725341795,-0.013107996061906824,-0.013194664037735034,93.33399810791016,95.37428465343658,12.25,2914.0400390625
2018-08-30,95.11000061035156,91.0999984741211,95.91999816894533,103.48999786376952,95.27999877929688,0.04401758730401739,0.04307633539519843,93.1719985961914,95.36618950253441,13.529999732971191,2901.1298828125
2018-08-31,92.7300033569336,95.11000061035156,93.9499969482422,101.80999755859376,91.66000366210938,-0.025023627779883872,-0.025342041898322513,92.9279998779297,95.41714186895462,12.859999656677246,2901.52001953125
2018-09-04,95.2300033569336,92.7300033569336,93.38999938964844,100.7699966430664,86.5999984741211,0.026959990396819844,0.026602972443458824,93.29600067138672,95.82809448242188,13.15999984741211,2896.719970703125
2018-09-05,97.94000244140624,95.2300033569336,92.30999755859376,101.55999755859376,84.66000366210938,0.02845740826360399,0.028060017744988192,94.42200164794922,96.46047537667411,13.90999984741211,2888.60009765625
2018-09-06,101.36000061035156,97.94000244140624,91.0999984741211,95.72000122070312,83.20999908447266,0.034919318804299326,0.034323470832763776,96.47400207519532,97.32476116362072,14.649999618530273,2878.050048828125
2018-09-07,102.37999725341795,101.36000061035156,95.11000061035156,95.91999816894533,84.41999816894531,0.01006310809909583,0.010012812167601616,97.9280014038086,98.17999921526227,14.880000114440918,2871.679931640625
2018-09-10,100.37999725341795,102.37999725341795,92.7300033569336,93.9499969482422,88.69000244140625,-0.019535065966542864,-0.019728397337165013,99.45800018310547,98.73666563488189,14.15999984741211,2877.1298828125
2018-09-11,96.44000244140624,100.37999725341795,95.2300033569336,93.38999938964844,99.06999969482422,-0.03925079617271621,-0.04004187823668527,99.7,98.61142767043341,13.220000267028809,2887.889892578125
2018-09-12,97.23999786376952,96.44000244140624,97.94000244140624,92.30999755859376,107.77999877929688,0.008295265471911728,0.008261048851026543,99.55999908447265,98.1095228649321,13.140000343322754,2888.919921875
2018-09-13,91.05999755859376,97.23999786376952,101.36000061035156,91.0999984741211,100.33999633789062,-0.0635540975004314,-0.06566352438360978,97.4999984741211,97.66761816115607,12.369999885559082,2904.179931640625
2018-09-14,88.06999969482422,91.05999755859376,102.37999725341795,95.11000061035156,111.12999725341795,-0.032835470502243225,-0.0333866537434554,94.63799896240235,96.56952303931827,12.069999694824219,2904.97998046875
2018-09-17,96.33999633789062,88.06999969482422,100.37999725341795,92.7300033569336,103.48999786376952,0.09390253970390816,0.08975161383751058,93.82999877929687,96.22904677618118,13.680000305175781,2888.800048828125
2018-09-18,92.48999786376952,96.33999633789062,96.44000244140624,95.2300033569336,101.80999755859376,-0.03996261802437806,-0.04078305572044051,93.03999786376951,95.78523726690383,12.789999961853027,2904.31005859375
2018-09-19,88.18000030517578,92.48999786376952,97.23999786376952,97.94000244140624,100.7699966430664,-0.04659960707256172,-0.047720324078668615,91.22799835205078,95.18571363176618,11.75,2907.949951171875
2018-09-20,87.30999755859375,88.18000030517578,91.05999755859376,101.36000061035156,101.55999755859376,-0.009866213921196465,-0.009915207530407635,90.47799835205078,94.50714220319476,11.800000190734863,2930.75
2018-09-21,90.1999969482422,87.30999755859375,88.06999969482422,102.37999725341795,95.72000122070312,0.03310044061917394,0.03256441737513082,90.90399780273438,94.24428485688709,11.680000305175781,2929.669921875
2018-09-24,91.51000213623048,90.1999969482422,96.33999633789062,100.37999725341795,95.91999816894533,0.014523339604323615,0.014418886036174042,89.93799896240236,94.03428504580543,12.199999809265137,2919.3701171875
2018-09-25,91.06999969482422,91.51000213623048,92.48999786376952,96.44000244140624,93.9499969482422,-0.0048082442480028575,-0.004819841042791556,89.6539993286133,93.8971423194522,12.420000076293945,2915.56005859375
2018-09-26,91.55999755859376,91.06999969482422,88.18000030517578,97.23999786376952,93.38999938964844,0.005380453117508788,0.005366030191090248,90.32999877929689,93.80999937511626,12.890000343322754,2905.969970703125
2018-09-27,87.66000366210938,91.55999755859376,87.30999755859375,91.05999755859376,92.30999755859376,-0.042594954133638896,-0.04352873165286531,90.4,93.58857109433129,12.40999984741211,2914.0
2018-09-28,87.30999755859375,87.66000366210938,90.1999969482422,88.06999969482422,91.0999984741211,-0.003992768524910706,-0.00400076090673832,89.8220001220703,93.40809486025856,12.119999885559082,2913.97998046875
2018-10-01,86.97000122070312,87.30999755859375,91.51000213623048,96.33999633789062,95.11000061035156,-0.003894128363277627,-0.0039017302226274516,88.91399993896485,93.02047584170387,12.0,2924.590087890625
2018-10-02,88.12000274658203,86.97000122070312,91.06999969482422,92.48999786376952,92.7300033569336,0.013222967801972851,0.013136307465214424,88.32400054931641,92.8009520031157,12.050000190734863,2923.429931640625
2018-10-03,85.80000305175781,88.12000274658203,91.55999755859376,88.18000030517578,95.2300033569336,-0.02632773062316096,-0.02668051104060975,87.17200164794922,92.3519043695359,11.609999656677246,2925.510009765625
2018-10-04,99.44000244140624,85.80000305175781,87.66000366210938,87.30999755859375,97.94000244140624,0.15897434620626139,0.14753542969181765,89.52800140380859,92.42333294096447,14.220000267028809,2901.610107421875
2018-10-05,102.62999725341795,99.44000244140624,87.30999755859375,90.1999969482422,101.36000061035156,0.03207959305804908,0.03157578914163586,92.59200134277344,92.48380897158668,14.819999694824219,2885.570068359375
2018-10-08,102.73999786376952,102.62999725341795,86.97000122070312,91.51000213623048,102.37999725341795,0.001071817336991021,0.0010712433508913073,95.74600067138671,92.5009518577939,15.6899995803833,2884.429931640625
2018-10-09,103.91999816894533,102.73999786376952,88.12000274658203,91.06999969482422,100.37999725341795,0.011485305915038602,0.011419850495961576,98.90599975585937,92.66952332996186,15.949999809265137,2880.340087890625
2018-10-10,135.61000061035156,103.91999816894533,85.80000305175781,91.55999755859376,96.44000244140624,0.3049461412603858,0.2661617688581444,108.86799926757813,94.53476133800689,22.959999084472656,2785.679931640625
2018-10-11,129.3000030517578,135.61000061035156,99.44000244140624,87.66000366210938,97.23999786376952,-0.04653047363906648,-0.04764781422067964,114.83999938964844,96.06142825172061,24.979999542236328,2728.3701171875
2018-10-12,124.80999755859376,129.3000030517578,102.62999725341795,87.30999755859375,91.05999755859376,-0.03472548636651407,-0.035342748010580495,119.2759994506836,97.66857110886346,21.309999465942383,2767.1298828125
2018-10-15,118.77999877929688,124.80999755859376,102.73999786376952,86.97000122070312,88.06999969482422,-0.048313427587930446,-0.0495195290586745,122.48399963378907,99.13095201764789,21.299999237060547,2750.7900390625
2018-10-16,111.77999877929688,118.77999877929688,103.91999816894533,88.12000274658203,96.33999633789062,-0.05893248082117408,-0.06074038938973924,124.05599975585938,99.86619022914341,17.6200008392334,2809.919921875
2018-10-17,109.27999877929688,111.77999877929688,135.61000061035156,85.80000305175781,92.48999786376952,-0.022365360773854537,-0.0226192582689025,118.78999938964844,100.66571408226376,17.399999618530273,2809.2099609375
2018-10-18,116.81999969482422,109.27999877929688,129.3000030517578,99.44000244140624,88.18000030517578,0.06899708089085199,0.0667209013477411,116.29399871826172,102.02952357700893,20.059999465942383,2768.780029296875
2018-10-19,114.9499969482422,116.81999969482422,124.80999755859376,102.62999725341795,87.30999755859375,-0.016007556509734067,-0.01613706133918126,114.3219985961914,103.34571402413505,19.889999389648438,2767.780029296875
2018-10-22,112.1500015258789,114.9499969482422,118.77999877929688,102.73999786376952,90.1999969482422,-0.024358377526743524,-0.02465995008870893,112.99599914550781,104.39095233735584,19.639999389648438,2755.8798828125
2018-10-23,108.70999908447266,112.1500015258789,111.77999877929688,103.91999816894533,91.51000213623048,-0.03067322688009466,-0.03115349677774501,112.38199920654297,105.20999981108166,20.709999084472656,2740.68994140625
2018-10-24,118.58000183105467,108.70999908447266,109.27999877929688,135.61000061035156,91.06999969482422,0.0907920414838066,0.08690407592656597,114.24199981689453,106.51999991280692,25.229999542236328,2656.10009765625
2018-10-25,113.91000366210938,118.58000183105467,116.81999969482422,129.3000030517578,91.55999755859376,-0.03938267917720917,-0.04017915865976759,113.66000061035156,107.58428591773624,24.219999313354492,2705.570068359375
2018-10-26,110.48999786376952,113.91000366210938,114.9499969482422,124.80999755859376,87.66000366210938,-0.03002375286093928,-0.030483695270036325,112.76800079345703,108.67142849876767,24.15999984741211,2658.68994140625
2018-10-29,110.38999938964844,110.48999786376952,112.1500015258789,118.77999877929688,87.30999755859375,-0.0009050454887724602,-0.0009054552897184895,112.41600036621094,109.77047620500836,24.700000762939453,2641.25
2018-10-30,106.08000183105467,110.38999938964844,108.70999908447266,111.77999877929688,86.97000122070312,-0.03904336971124145,-0.039826000802587004,111.89000091552734,110.68047623407273,23.350000381469727,2682.6298828125
2018-10-31,102.9000015258789,106.08000183105467,118.58000183105467,109.27999877929688,88.12000274658203,-0.029977377925014648,-0.030435886029866764,108.75400085449219,111.38428569975353,21.229999542236328,2711.739990234375
2018-11-01,99.56999969482422,102.9000015258789,113.91000366210938,116.81999969482422,85.80000305175781,-0.03236153334961034,-0.03289674633370306,105.88600006103516,112.03999982561383,19.34000015258789,2740.3701171875
2018-11-02,102.37999725341795,99.56999969482422,110.48999786376952,114.9499969482422,99.44000244140624,0.028221327379795103,0.02783044286705091,104.26399993896484,112.17999957856678,19.510000228881836,2723.06005859375
2018-11-05,101.83000183105467,102.37999725341795,110.38999938964844,112.1500015258789,102.62999725341795,-0.005372098428581662,-0.005386580037047386,102.55200042724607,112.14190455845424,19.959999084472656,2738.31005859375
2018-11-06,102.4800033569336,101.83000183105467,106.08000183105467,108.70999908447266,102.73999786376952,0.006383202535509502,0.0063629161803821195,101.83200073242188,112.12952386765252,19.90999984741211,2755.449951171875
2018-11-07,95.75,102.4800033569336,102.9000015258789,118.58000183105467,103.91999816894533,-0.06567138111318427,-0.0679270622846861,100.4020004272461,111.740476335798,16.360000610351562,2813.889892578125
2018-11-08,95.4000015258789,95.75,99.56999969482422,113.91000366210938,135.61000061035156,-0.0036553365443455776,-0.0036620336119768063,99.56800079345703,109.82571447463263,16.719999313354492,2806.830078125
2018-11-09,100.5500030517578,95.4000015258789,102.37999725341795,110.48999786376952,129.3000030517578,0.053983243642631074,0.05257655212053154,99.202001953125,108.45666685558501,17.360000610351562,2781.010009765625
2018-11-12,107.7699966430664,100.5500030517578,101.83000183105467,110.38999938964844,124.80999755859376,0.07180500618773866,0.06934414889037546,100.39000091552734,107.64523824055989,20.450000762939453,2726.219970703125
2018-11-13,105.31999969482422,107.7699966430664,102.4800033569336,106.08000183105467,118.77999877929688,-0.022733571722717616,-0.022995963729182008,100.95800018310547,107.00428590320405,20.020000457763672,2722.179931640625
2018-11-14,111.41999816894533,105.31999969482422,95.75,102.9000015258789,111.77999877929688,0.05791870956889955,0.05630349642835983,104.09199981689453,106.98714301699684,21.25,2701.580078125
2018-11-15,107.37999725341795,111.41999816894533,95.4000015258789,99.56999969482422,109.27999877929688,-0.03625920823837703,-0.03693290874259292,106.48799896240234,106.89666675385975,19.979999542236328,2730.199951171875
2018-11-16,101.93000030517578,107.37999725341795,100.5500030517578,102.37999725341795,116.81999969482422,-0.05075430329337893,-0.052087613241974785,106.76399841308594,106.18761916387649,18.139999389648438,2736.27001953125
2018-11-19,107.12999725341795,101.93000030517578,107.7699966430664,101.83000183105467,114.9499969482422,0.05101537263488187,0.04975671846232854,106.63599853515625,105.81523822602772,20.100000381469727,2690.72998046875
2018-11-20,107.61000061035156,107.12999725341795,105.31999969482422,102.4800033569336,112.1500015258789,0.004480569114532429,0.004470561247561912,107.09399871826172,105.5990477062407,22.479999542236328,2641.889892578125
2018-11-21,100.2699966430664,107.61000061035156,111.41999816894533,95.75,108.70999908447266,-0.06820931071139757,-0.07064707182729539,104.86399841308594,105.1971428280785,20.799999237060547,2649.929931640625
2018-11-23,99.29000091552734,100.2699966430664,107.37999725341795,95.4000015258789,118.58000183105467,-0.009773568967271218,-0.009821643790647238,103.24599914550781,104.27857135591053,21.520000457763672,2632.56005859375
2018-11-26,92.16999816894533,99.29000091552734,101.93000030517578,100.5500030517578,113.91000366210938,-0.07170916185849852,-0.07441019212672988,101.29399871826172,103.2433329990932,18.899999618530273,2673.449951171875
2018-11-27,91.54000091552734,92.16999816894533,107.12999725341795,107.7699966430664,110.48999786376952,-0.006835166170484408,-0.006858632912626421,98.17599945068359,102.34095219203404,19.020000457763672,2682.169921875
2018-11-28,93.5500030517578,91.54000091552734,107.61000061035156,105.31999969482422,110.38999938964844,0.021957637274717445,0.02172004011488705,95.36399993896484,101.53904760451545,18.489999771118164,2743.7900390625
2018-11-29,93.36000061035156,93.5500030517578,100.2699966430664,111.41999816894533,106.08000183105467,-0.002031025496611827,-0.0020330908258605045,93.98200073242188,100.93333326067243,18.790000915527344,2737.800048828125
2018-11-30,93.58999633789062,93.36000061035156,99.29000091552734,107.37999725341795,102.9000015258789,0.0024635360543641127,0.0024605065239699875,92.84199981689453,100.48999968029204,18.06999969482422,2760.169921875
2018-12-03,85.87000274658203,93.58999633789062,92.16999816894533,101.93000030517578,99.56999969482422,-0.08248737999130673,-0.08608894437014049,91.58200073242188,99.83761887323288,16.440000534057617,2790.3701171875
2018-12-04,96.56999969482422,85.87000274658203,91.54000091552734,107.12999725341795,102.37999725341795,0.12460692449049793,0.11743357414893241,92.58800048828125,99.56095232282367,20.739999771118164,2700.06005859375
2018-12-06,93.8499984741211,96.56999969482422,93.5500030517578,107.61000061035156,101.83000183105467,-0.028166109861227473,-0.028570384044856824,92.6479995727539,99.18095216296967,21.190000534057617,2695.949951171875
2018-12-07,96.48999786376952,93.8499984741211,93.36000061035156,100.2699966430664,102.4800033569336,0.028129988626226732,0.02774160711907586,93.2739990234375,98.89571380615234,23.229999542236328,2633.080078125
2018-12-10,91.77999877929688,96.48999786376952,93.58999633789062,99.29000091552734,95.75,-0.04881334012591132,-0.05004495822652444,92.91199951171875,98.70666612897601,22.639999389648438,2637.719970703125
2018-12-11,89.7699966430664,91.77999877929688,85.87000274658203,92.16999816894533,95.4000015258789,-0.021900219687994493,-0.02214358929260033,93.69199829101562,98.43857065836589,21.760000228881836,2636.780029296875
2018-12-12,91.41000366210938,89.7699966430664,96.56999969482422,91.54000091552734,100.5500030517578,0.018268988307572176,0.018104115354415914,92.65999908447266,98.00333259219215,21.459999084472656,2651.070068359375
2018-12-13,93.0,91.41000366210938,93.8499984741211,93.5500030517578,107.7699966430664,0.01739411742907193,0.017244571425070406,92.48999938964843,97.2999994187128,20.649999618530273,2650.5400390625
2018-12-14,96.4499969482422,93.0,96.48999786376952,93.36000061035156,105.31999969482422,0.03709674137894847,0.03642521455765436,92.48199920654297,96.87761833554222,21.6299991607666,2599.949951171875
2018-12-17,101.5500030517578,96.4499969482422,91.77999877929688,93.58999633789062,111.41999816894533,0.05287720336841906,0.05152661036725851,94.43600006103516,96.4076185680571,24.520000457763672,2545.93994140625
2018-12-18,103.63999938964844,101.5500030517578,89.7699966430664,85.87000274658203,107.37999725341795,0.020580957903323815,0.02037203172658989,97.21000061035156,96.22952343168713,25.579999923706055,2546.159912109375
2018-12-19,105.0500030517578,103.63999938964844,91.41000366210938,96.56999969482422,101.93000030517578,0.013604821212013452,0.013513106536776641,99.93800048828125,96.37809499104817,25.579999923706055,2506.9599609375
2018-12-20,109.6500015258789,105.0500030517578,93.0,93.8499984741211,107.12999725341795,0.04378865626357675,0.04285703243826603,103.26800079345703,96.4980951944987,28.3799991607666,2467.419921875
2018-12-21,106.61000061035156,109.6500015258789,96.4499969482422,96.48999786376952,107.61000061035156,-0.02772458616710427,-0.02811616709233033,105.30000152587891,96.45047614687965,30.110000610351562,2416.6201171875
2018-12-24,111.87999725341795,106.61000061035156,101.5500030517578,91.77999877929688,100.2699966430664,0.04943247925049432,0.048249522096930716,107.36600036621094,97.00333331880115,36.06999969482422,2351.10009765625
2018-12-26,97.31999969482422,111.87999725341795,103.63999938964844,89.7699966430664,99.29000091552734,-0.13013941648223382,-0.1394223290048771,106.1020004272461,96.90952373686291,30.40999984741211,2467.699951171875
2018-12-27,95.88999938964844,97.31999969482422,105.0500030517578,91.41000366210938,92.16999816894533,-0.014693796852239704,-0.01480281997905699,104.26999969482422,97.08666665213448,29.959999084472656,2488.830078125
2018-12-28,91.23999786376952,95.88999938964844,109.6500015258789,93.0,91.54000091552734,-0.04849308119174833,-0.04970832079759149,100.58799896240234,97.07238079252697,28.34000015258789,2485.739990234375
2018-12-31,87.11000061035156,91.23999786376952,106.61000061035156,96.4499969482422,93.5500030517578,-0.045265205503231765,-0.04632167916539934,96.68799896240233,96.76571400960286,25.420000076293945,2506.85009765625
2019-01-02,81.66000366210938,87.11000061035156,111.87999725341795,101.5500030517578,93.36000061035156,-0.06256453805597317,-0.0646073641002316,90.64400024414063,96.2085712977818,23.219999313354492,2510.030029296875
2019-01-03,83.80000305175781,81.66000366210938,97.31999969482422,103.63999938964844,93.58999633789062,0.02620621226645148,0.025868713167949236,87.94000091552735,95.74238114129929,25.450000762939453,2447.889892578125
2019-01-04,84.44000244140625,83.80000305175781,95.88999938964844,105.0500030517578,85.87000274658203,0.007637223942022375,0.007608207987836562,85.6500015258789,95.67428588867188,21.3799991607666,2531.93994140625
2019-01-07,82.73999786376953,84.44000244140625,91.23999786376952,109.6500015258789,96.56999969482422,-0.020132692189538615,-0.02033811667835991,83.9500015258789,95.01571437290737,21.399999618530273,2549.68994140625
2019-01-08,82.41000366210938,82.73999786376953,87.11000061035156,106.61000061035156,93.8499984741211,-0.003988327413344761,-0.003996302001697914,83.01000213623047,94.47095271519252,20.469999313354492,2574.409912109375
2019-01-09,86.62000274658203,82.41000366210938,81.66000366210938,111.87999725341795,96.48999786376952,0.05108601986882744,0.049823934281911834,84.002001953125,94.0009529477074,19.979999542236328,2584.9599609375
2019-01-10,86.3499984741211,86.62000274658203,83.80000305175781,97.31999969482422,91.77999877929688,-0.003117112259288124,-0.0031219805730592753,84.51200103759766,93.7423815046038,19.5,2596.639892578125
2019-01-11,83.8499984741211,86.3499984741211,84.44000244140625,95.88999938964844,89.7699966430664,-0.028951940291571,-0.02937931685032909,84.39400024414063,93.46047682989212,18.190000534057617,2596.260009765625
2019-01-14,83.01000213623047,83.8499984741211,82.73999786376953,91.23999786376952,91.41000366210938,-0.010017845595428065,-0.010068361869936843,84.44800109863282,93.06047675723121,19.06999969482422,2582.610107421875
2019-01-15,81.38999938964844,83.01000213623047,82.41000366210938,87.11000061035156,93.0,-0.019515753582603157,-0.019708700361707555,84.24400024414062,92.50761958530971,18.600000381469727,2610.300048828125
2019-01-16,83.33999633789062,81.38999938964844,86.62000274658203,81.66000366210938,96.4499969482422,0.023958679971315844,0.02367617421265684,83.58799896240234,91.88333384195964,19.040000915527344,2616.10009765625
2019-01-17,82.79000091552734,83.33999633789062,86.3499984741211,83.80000305175781,101.5500030517578,-0.00659941740498049,-0.006621289843365806,82.8759994506836,90.99000040690105,18.059999465942383,2635.9599609375
2019-01-18,82.48999786376953,82.79000091552734,83.8499984741211,84.44000244140625,103.63999938964844,-0.003623662863150745,-0.003630244233345194,82.60399932861328,89.98285747709728,17.799999237060547,2670.7099609375
2019-01-22,93.80999755859376,82.48999786376953,83.01000213623047,82.73999786376953,105.0500030517578,0.13722875485484876,0.12859438613705035,84.76399841308594,89.44761912027995,20.799999237060547,2632.89990234375
2019-01-23,88.44999694824219,93.80999755859376,81.38999938964844,82.41000366210938,109.6500015258789,-0.05713677379645721,-0.05883404800968719,86.17599792480469,88.43809509277344,19.520000457763672,2638.699951171875
2019-01-24,84.88999938964844,88.44999694824219,83.33999633789062,86.62000274658203,106.61000061035156,-0.04024870188154939,-0.04108109254319639,86.48599853515626,87.403809320359,18.889999389648438,2642.330078125
2019-01-25,83.37999725341797,84.88999938964844,82.79000091552734,86.3499984741211,111.87999725341795,-0.017787750584135398,-0.017947854047852624,86.60399780273437,86.04666646321614,17.420000076293945,2664.760009765625
2019-01-28,86.44000244140625,83.37999725341797,82.48999786376953,83.8499984741211,97.31999969482422,0.03669951173886421,0.03604212037051306,87.39399871826171,85.52857135591053,18.8700008392334,2643.85009765625
2019-01-29,86.83999633789062,86.44000244140625,93.80999755859376,83.01000213623047,95.88999938964844,0.004627416533861339,0.004616742956697888,85.9999984741211,85.09761882963635,19.1299991607666,2640.0
2019-01-30,82.38999938964844,86.83999633789062,88.44999694824219,81.38999938964844,91.23999786376952,-0.05124363353180539,-0.05260323991990316,84.78799896240234,84.67619033086868,17.65999984741211,2681.050048828125
2019-01-31,79.23999786376953,82.38999938964844,84.88999938964844,83.33999633789062,87.11000061035156,-0.03823281404556822,-0.03898286804806191,83.65799865722656,84.30142829531715,16.56999969482422,2704.10009765625
2019-02-01,80.0,79.23999786376953,83.37999725341797,82.79000091552734,81.66000366210938,0.009591142815741582,0.009545439802523106,82.98199920654297,84.22238050188336,16.139999389648438,2706.530029296875
2019-02-04,77.36000061035156,80.0,86.44000244140625,82.48999786376953,83.80000305175781,-0.03299999237060547,-0.03355677563908626,81.16599884033204,83.91571371895927,15.729999542236328,2724.8701171875
2019-02-05,80.62000274658203,77.36000061035156,86.83999633789062,93.80999755859376,84.44000244140625,0.042140668439889506,0.04127693272247035,79.92200012207032,83.73380897158668,15.569999694824219,2737.699951171875
2019-02-06,84.98999786376953,80.62000274658203,82.38999938964844,88.44999694824219,82.73999786376953,0.054204849520087306,0.05278678561818875,80.44199981689454,83.84095182872954,15.380000114440918,2731.610107421875
2019-02-07,85.01000213623047,84.98999786376953,79.23999786376953,84.88999938964844,82.41000366210938,0.0002353720786416602,0.00023534438297972995,81.59600067138672,83.96476127987816,16.3700008392334,2706.050048828125
2019-02-08,82.69999694824219,85.01000213623047,80.0,83.37999725341797,86.62000274658203,-0.027173334077635336,-0.027549356630334542,82.13600006103516,83.77809433710007,15.720000267028809,2707.8798828125
2019-02-11,82.7699966430664,82.69999694824219,77.36000061035156,86.44000244140625,86.3499984741211,0.0008464292310437216,0.0008460712118331787,83.21799926757812,83.6076180594308,15.970000267028809,2709.800048828125
2019-02-12,81.62999725341797,82.7699966430664,80.62000274658203,86.83999633789062,83.8499984741211,-0.013773099382431098,-0.013868828523392036,83.41999816894531,83.5019037155878,15.430000305175781,2744.72998046875
2019-02-13,80.2699966430664,81.62999725341797,84.98999786376953,82.38999938964844,83.01000213623047,-0.016660549505220223,-0.016800897493581667,82.47599792480469,83.37142726353237,15.649999618530273,2753.030029296875
2019-02-14,81.63999938964844,80.2699966430664,85.01000213623047,79.23999786376953,81.38999938964844,0.017067432463887755,0.01692342014255128,81.80199737548828,83.38333202543713,16.219999313354492,2745.72998046875
2019-02-15,80.44999694824219,81.63999938964844,82.69999694824219,80.0,83.33999633789062,-0.01457621815657606,-0.014683494960714933,81.35199737548828,83.24571300688244,14.90999984741211,2775.60009765625
2019-02-19,78.63999938964844,80.44999694824219,82.7699966430664,77.36000061035156,82.79000091552734,-0.022498416746469463,-0.022755367427221493,80.52599792480468,83.04809388660249,14.880000114440918,2779.760009765625
2019-02-20,75.58999633789062,78.63999938964844,81.62999725341797,80.62000274658203,82.48999786376953,-0.038784372780136245,-0.039556517220498175,79.31799774169922,82.71952238537017,14.020000457763672,2784.699951171875
2019-02-21,76.63999938964844,75.58999633789062,80.2699966430664,84.98999786376953,93.80999755859376,0.013890767332018994,0.013795174841651983,78.59199829101563,81.9019034249442,14.460000038146973,2774.8798828125
2019-02-22,74.9800033569336,76.63999938964844,81.63999938964844,85.01000213623047,88.44999694824219,-0.02165965613171772,-0.02189766961990916,77.25999908447265,81.2604751586914,13.510000228881836,2792.669921875
2019-02-25,79.3499984741211,74.9800033569336,80.44999694824219,82.69999694824219,84.88999938964844,0.05828214085807182,0.05664697166387155,77.03999938964844,80.99666559128534,14.850000381469727,2796.110107421875
2019-02-26,80.52999877929688,79.3499984741211,78.63999938964844,82.7699966430664,83.37999725341797,0.014870829588744305,0.01476134290639842,77.41799926757812,80.86095137823196,15.170000076293945,2793.89990234375
2019-02-27,80.37000274658203,80.52999877929688,75.58999633789062,81.62999725341797,86.44000244140625,-0.0019867879689572376,-0.0019887642502424718,78.3740005493164,80.57190377371651,14.699999809265137,2792.3798828125
2019-02-28,80.0,80.37000274658203,76.63999938964844,80.2699966430664,86.83999633789062,-0.004603741868078548,-0.004614371724964444,79.04600067138672,80.24618966238839,14.779999732971191,2784.489990234375
2019-03-01,79.2699966430664,80.0,74.9800033569336,81.63999938964844,82.38999938964844,-0.009125041961669966,-0.00916693017291436,79.90399932861328,80.09761810302734,13.569999694824219,2803.68994140625
2019-03-04,82.33999633789062,79.2699966430664,79.3499984741211,80.44999694824219,79.23999786376953,0.03872839440939657,0.03799726736533035,80.50199890136719,80.2452370779855,14.630000114440918,2792.81005859375
2019-03-05,82.45999908447266,82.33999633789062,80.52999877929688,78.63999938964844,80.0,0.0014574052941365156,0.0014563443097718796,80.88799896240235,80.3623798915318,14.739999771118164,2789.64990234375
2019-03-06,86.0999984741211,82.45999908447266,80.37000274658203,75.58999633789062,77.36000061035156,0.04414260768933054,0.04319607753544445,82.03399810791015,80.77857026599702,15.739999771118164,2771.449951171875
2019-03-07,88.69999694824219,86.0999984741211,80.0,76.63999938964844,80.62000274658203,0.03019742764458444,0.02975046119863232,83.7739974975586,81.16333189464751,16.59000015258789,2748.929931640625
2019-03-08,87.23999786376953,88.69999694824219,79.2699966430664,74.9800033569336,84.98999786376953,-0.016459967696781153,-0.01659693806354168,85.36799774169921,81.27047475179036,16.049999237060547,2743.070068359375
2019-03-11,81.2300033569336,87.23999786376953,82.33999633789062,79.3499984741211,85.01000213623047,-0.06889035596058701,-0.07137823845746459,85.14599914550782,81.09047480991909,14.329999923706055,2783.300048828125
2019-03-12,83.05999755859375,81.2300033569336,82.45999908447266,80.52999877929688,82.69999694824219,0.02252855011736199,0.02227853042018211,85.26599884033203,81.1076176961263,13.770000457763672,2791.52001953125
2019-03-13,82.76000213623047,83.05999755859375,86.0999984741211,80.37000274658203,82.7699966430664,-0.003611791851446333,-0.0036183301196255004,84.5979995727539,81.10714176722935,13.40999984741211,2810.919921875
2019-03-14,82.55999755859375,82.76000213623047,88.69999694824219,80.0,81.62999725341797,-0.0024166816393683677,-0.002419606527740995,83.36999969482422,81.15142749604725,13.5,2808.47998046875
2019-03-15,82.94000244140625,82.55999755859375,87.23999786376953,79.2699966430664,80.2699966430664,0.004602772456997695,0.004592212092091221,82.51000061035157,81.27857062930153,12.880000114440918,2822.47998046875
2019-03-18,85.5199966430664,82.94000244140625,81.2300033569336,82.33999633789062,81.63999938964844,0.031106753384566366,0.03063274320954299,83.36799926757813,81.46333240327381,13.100000381469727,2832.93994140625
2019-03-19,87.36000061035156,85.5199966430664,83.05999755859375,82.45999908447266,80.44999694824219,0.02151548222066424,0.02128729151963013,84.22799987792969,81.79238019670758,13.5600004196167,2832.570068359375
2019-03-20,86.62999725341797,87.36000061035156,82.76000213623047,86.0999984741211,78.63999938964844,-0.008356265474282698,-0.008391374785916195,85.00199890136719,82.17285628545852,13.90999984741211,2824.22998046875
2019-03-21,83.88999938964844,86.62999725341797,82.55999755859375,88.69999694824219,75.58999633789062,-0.031628742359926854,-0.032139734614718134,85.26799926757812,82.56809452601841,13.630000114440918,2854.8798828125
2019-03-22,98.5,83.88999938964844,82.94000244140625,87.23999786376953,76.63999938964844,0.17415664222968585,0.16055013859545766,88.37999877929687,83.60904693603516,16.479999542236328,2800.7099609375
2019-03-25,97.1999969482422,98.5,85.5199966430664,81.2300033569336,74.9800033569336,-0.01319800052545983,-0.013285868108335415,90.71599884033205,84.66714186895462,16.329999923706055,2798.360107421875
2019-03-26,89.8499984741211,97.1999969482422,87.36000061035156,83.05999755859375,79.3499984741211,-0.07561727062640644,-0.07862908382265411,91.21399841308593,85.16714186895462,14.680000305175781,2818.4599609375
2019-03-27,91.33999633789062,89.8499984741211,86.62999725341797,82.76000213623047,80.52999877929688,0.01658317071868054,0.016447171416636975,92.15599822998047,85.68190365745907,15.149999618530273,2805.3701171875
2019-03-28,87.94999694824219,91.33999633789062,83.88999938964844,82.55999755859375,80.37000274658203,-0.037114074070114245,-0.037820331178905243,92.96799774169922,86.04285576230004,14.430000305175781,2815.43994140625
2019-03-29,85.81999969482422,87.94999694824219,98.5,82.94000244140625,80.0,-0.02421827546704125,-0.024516360477405026,90.43199768066407,86.31999860491071,13.710000038146973,2834.39990234375
2019-04-01,84.93000030517578,85.81999969482422,97.1999969482422,85.5199966430664,79.2699966430664,-0.01037053592185122,-0.010424684622199847,87.97799835205078,86.58952258882069,13.399999618530273,2867.18994140625
2019-04-02,83.27999877929688,84.93000030517578,89.8499984741211,87.36000061035156,82.33999633789062,-0.019427781937478183,-0.019618981736285603,86.66399841308593,86.63428460984002,13.359999656677246,2867.239990234375
2019-04-03,84.2300033569336,83.27999877929688,91.33999633789062,86.62999725341797,82.45999908447266,0.011407355806456687,0.011342782532746799,85.24199981689453,86.71857052757626,13.739999771118164,2873.39990234375
2019-04-04,82.1500015258789,84.2300033569336,87.94999694824219,83.88999938964844,86.0999984741211,-0.024694310200136904,-0.025004329124062807,84.08200073242188,86.53047543480282,13.579999923706055,2879.389892578125
2019-04-05,79.0999984741211,82.1500015258789,85.81999969482422,98.5,88.69999694824219,-0.03712724278887569,-0.03783400757447541,82.73800048828124,86.07333265032086,12.819999694824219,2892.739990234375
2019-04-08,81.86000061035156,79.0999984741211,84.93000030517578,97.1999969482422,87.23999786376953,0.03489256876703295,0.03429762303719502,82.1240005493164,85.81714230492001,13.180000305175781,2895.77001953125
2019-04-09,88.13999938964844,81.86000061035156,83.27999877929688,89.8499984741211,81.2300033569336,0.07671632949514962,0.073915973968746,83.09600067138672,86.14618973504929,14.279999732971191,2878.199951171875
2019-04-10,89.48999786376953,88.13999938964844,84.2300033569336,91.33999633789062,83.05999755859375,0.015316524659287012,0.01520041083455809,84.1479995727539,86.45238022577195,13.300000190734863,2888.2099609375
2019-04-11,88.05999755859375,89.48999786376953,82.1500015258789,87.94999694824219,82.76000213623047,-0.01597944283508268,-0.016108490720344964,85.32999877929687,86.7047609601702,13.020000457763672,2888.320068359375
2019-04-12,84.9800033569336,88.05999755859375,79.0999984741211,85.81999969482422,82.55999755859375,-0.03497608774756977,-0.035602398413961636,86.50599975585938,86.81999933151971,12.010000228881836,2907.409912109375
2019-04-15,84.16999816894531,84.9800033569336,81.86000061035156,84.93000030517578,82.94000244140625,-0.009531715179935785,-0.009577432720054973,86.96799926757812,86.87857055664062,12.319999694824219,2905.580078125
2019-04-16,83.58000183105469,84.16999816894531,88.13999938964844,83.27999877929688,85.5199966430664,-0.007009580025253093,-0.007034262541662663,86.05599975585938,86.78618985130673,12.180000305175781,2907.06005859375
2019-04-17,85.55000305175781,83.58000183105469,89.48999786376953,84.2300033569336,87.36000061035156,0.023570246201779277,0.023296757082836468,85.26800079345703,86.6999994913737,12.600000381469727,2900.449951171875
2019-04-18,84.41000366210938,85.55000305175781,88.05999755859375,82.1500015258789,86.62999725341797,-0.013325533009726942,-0.013415114630005977,84.53800201416016,86.59428551083519,12.09000015258789,2905.030029296875
2019-04-22,83.2699966430664,84.41000366210938,84.9800033569336,79.0999984741211,83.88999938964844,-0.01350559139419516,-0.013597621446523257,84.19600067138671,86.56476157052177,12.420000076293945,2907.969970703125
2019-04-23,81.43000030517578,83.2699966430664,84.16999816894531,81.86000061035156,98.5,-0.022096750475176563,-0.022344540707138594,83.64800109863282,85.7519044421968,12.279999732971191,2933.679931640625
2019-04-24,85.16999816894531,81.43000030517578,83.58000183105469,88.13999938964844,97.1999969482422,0.04592899238306658,0.044905478427420084,83.96600036621093,85.17904735746838,13.140000343322754,2927.25
2019-04-25,86.94000244140625,85.16999816894531,85.55000305175781,89.48999786376953,89.8499984741211,0.020782016091510425,0.020569015987985877,84.24400024414062,85.04047611781529,13.25,2926.169921875
2019-04-26,84.08999633789062,86.94000244140625,84.41000366210938,88.05999755859375,91.33999633789062,-0.032781297716622526,-0.03333064334722695,84.17999877929688,84.6952380225772,12.729999542236328,2939.8798828125
2019-04-29,86.08000183105469,84.08999633789062,83.2699966430664,84.9800033569336,87.94999694824219,0.023665187059443094,0.023389507390094134,84.74199981689453,84.60619063604446,13.109999656677246,2943.030029296875
2019-04-30,88.55999755859375,86.08000183105469,81.43000030517578,84.16999816894531,85.81999969482422,0.02881035867548465,0.02840314314753964,86.16799926757812,84.73666672479538,13.119999885559082,2945.830078125
2019-05-01,95.75,88.55999755859375,85.16999816894531,83.58000183105469,84.93000030517578,0.08118792501828098,0.07806036722819563,88.28399963378907,85.2519048055013,14.800000190734863,2923.72998046875
2019-05-02,93.0199966430664,95.75,86.94000244140625,85.55000305175781,83.27999877929688,-0.02851178440661717,-0.028926140353104292,89.4999984741211,85.71571422758556,14.420000076293945,2917.52001953125
2019-05-03,86.2300033569336,93.0199966430664,84.08999633789062,84.41000366210938,84.2300033569336,-0.07299498528458537,-0.07579630381342231,89.9279998779297,85.81095232282367,12.869999885559082,2945.639892578125
2019-05-06,94.8499984741211,86.2300033569336,86.08000183105469,83.2699966430664,82.1500015258789,0.09996514880680896,0.09527849639951014,91.68199920654297,86.41571408226376,15.4399995803833,2932.469970703125
2019-05-07,111.54000091552734,94.8499984741211,88.55999755859375,81.43000030517578,79.0999984741211,0.17596207390514573,0.16208659887573176,96.27799987792969,87.96047610328311,19.31999969482422,2884.050048828125
2019-05-08,106.4800033569336,111.54000091552734,95.75,85.16999816894531,81.86000061035156,-0.04536486925821204,-0.046426073556191196,98.4240005493164,89.13285718645368,19.399999618530273,2879.419921875
2019-05-09,102.91999816894533,106.4800033569336,93.0199966430664,86.94000244140625,88.13999938964844,-0.03343355630873435,-0.03400523599078419,100.40400085449218,89.83666665213448,19.100000381469727,2870.719970703125
2019-05-10,96.01000213623048,102.91999816894533,86.2300033569336,84.08999633789062,89.48999786376953,-0.06713948849252738,-0.06949959466287982,102.36000061035156,90.1471430460612,16.040000915527344,2881.39990234375
2019-05-13,105.5999984741211,96.01000213623048,94.8499984741211,86.08000183105469,88.05999755859375,0.09988538823572957,0.09520598186293479,104.51000061035157,90.98238118489583,20.549999237060547,2811.8701171875
2019-05-14,97.26000213623048,105.5999984741211,111.54000091552734,88.55999755859375,84.9800033569336,-0.07897723918939692,-0.08227052988278888,101.65400085449218,91.56714303152901,18.059999465942383,2834.409912109375
2019-05-15,94.52999877929688,97.26000213623048,106.4800033569336,95.75,84.16999816894531,-0.028069127050909803,-0.028470595415862356,99.26399993896484,92.0604763939267,16.440000534057617,2850.9599609375
2019-05-16,94.2300033569336,94.52999877929688,102.91999816894533,93.0199966430664,83.58000183105469,-0.0031735472996640146,-0.0031785936803424854,97.5260009765625,92.56761932373047,15.289999961853027,2876.320068359375
2019-05-17,99.12000274658205,94.2300033569336,96.01000213623048,86.2300033569336,85.55000305175781,0.05189429285198721,0.05059262718699566,98.14800109863282,93.21380978538876,15.960000038146973,2859.530029296875
2019-05-20,96.83000183105467,99.12000274658205,105.5999984741211,94.8499984741211,84.41000366210938,-0.023103317716628435,-0.023374382497119005,96.39400177001953,93.80523826962425,16.309999465942383,2840.22998046875
2019-05-21,92.37999725341795,96.83000183105467,97.26000213623048,111.54000091552734,83.2699966430664,-0.045956877966406684,-0.04704640726232343,95.41800079345703,94.23904782249814,14.949999809265137,2864.360107421875
2019-05-22,89.30000305175781,92.37999725341795,94.52999877929688,106.4800033569336,81.43000030517578,-0.033340488127652446,-0.033908953214437265,94.37200164794922,94.61380985804966,14.75,2856.27001953125
2019-05-23,94.9800033569336,89.30000305175781,94.2300033569336,102.91999816894533,85.16999816894531,0.06360582431205164,0.06166485640788662,94.52200164794922,95.08095296223958,16.920000076293945,2822.239990234375
2019-05-24,90.19000244140624,94.9800033569336,99.12000274658205,96.01000213623048,86.94000244140625,-0.05043167768194956,-0.05174779521735358,92.73600158691406,95.23571486700149,15.850000381469727,2826.06005859375
2019-05-28,95.08000183105467,90.19000244140624,96.83000183105467,105.5999984741211,84.08999633789062,0.05421886303668,0.05280007850282996,92.38600158691406,95.75904846191406,17.5,2802.389892578125
2019-05-29,93.83000183105467,95.08000183105467,92.37999725341795,97.26000213623048,86.08000183105469,-0.013146823474205371,-0.013234007933479905,92.6760025024414,96.12809608096168,17.899999618530273,2783.02001953125
2019-05-30,92.77999877929688,93.83000183105467,89.30000305175781,94.52999877929688,88.55999755859375,-0.01119048312125559,-0.011253567649922023,93.37200164794922,96.32904852004279,17.299999237060547,2788.860107421875
2019-05-31,96.72000122070312,92.77999877929688,94.9800033569336,94.2300033569336,95.75,0.04246607559004878,0.04158913276090378,93.72000122070312,96.37523905436198,18.709999084472656,2752.06005859375
2019-06-03,96.02999877929688,96.72000122070312,90.19000244140624,99.12000274658205,93.0199966430664,-0.007134020189182522,-0.0071595889893411,94.88800048828125,96.51857248942058,18.860000610351562,2744.449951171875
2019-06-04,88.93000030517578,96.02999877929688,95.08000183105467,96.83000183105467,86.2300033569336,-0.07393521362463851,-0.076811083095007,93.65800018310547,96.6471437726702,16.969999313354492,2803.27001953125
2019-06-05,86.72000122070312,88.93000030517578,93.83000183105467,92.37999725341795,94.8499984741211,-0.024850996029334715,-0.025164995075479462,92.23600006103516,96.26000104631696,16.09000015258789,2826.14990234375
2019-06-06,86.11000061035156,86.72000122070312,92.77999877929688,89.30000305175781,111.54000091552734,-0.007034139780500048,-0.007058995971590743,90.9020004272461,95.0490486508324,15.930000305175781,2843.489990234375
2019-06-07,86.0,86.11000061035156,96.72000122070312,94.9800033569336,106.4800033569336,-0.0012774429168722623,-0.0012782595426111246,88.75800018310547,94.07381039574032,16.299999237060547,2873.340087890625
2019-06-10,83.86000061035156,86.0,96.02999877929688,90.19000244140624,102.91999816894533,-0.02488371383312138,-0.02519854723267078,86.32400054931641,93.16619146437873,15.9399995803833,2886.72998046875
2019-06-11,84.94999694824219,83.86000061035156,88.93000030517578,95.08000183105467,96.01000213623048,0.012997809801542859,0.012914063172938382,85.52799987792969,92.63952455066499,15.989999771118164,2885.719970703125
2019-06-12,86.19999694824219,84.94999694824219,86.72000122070312,93.83000183105467,105.5999984741211,0.014714538492115459,0.014607330072648474,85.4239990234375,91.71571495419457,15.90999984741211,2879.840087890625
2019-06-13,84.7300033569336,86.19999694824219,86.11000061035156,92.77999877929688,97.26000213623048,-0.017053290526114928,-0.017200372436866396,85.1479995727539,91.11904834565662,15.819999694824219,2891.639892578125
2019-06-14,82.56999969482422,84.7300033569336,86.0,96.72000122070312,94.52999877929688,-0.02549278386087328,-0.025823355096184743,84.46199951171874,90.54952457972935,15.279999732971191,2886.97998046875
2019-06-17,83.4800033569336,82.56999969482422,83.86000061035156,96.02999877929688,94.2300033569336,0.011020996311889464,0.010960707688055623,84.38600006103516,90.03761981782459,15.350000381469727,2889.669921875
2019-06-18,87.37000274658203,83.4800033569336,84.94999694824219,88.93000030517578,99.12000274658205,0.04659797835675761,0.04554488332478854,84.87000122070313,89.47809600830078,15.149999618530273,2917.75
2019-06-19,84.58000183105469,87.37000274658203,86.19999694824219,86.72000122070312,96.83000183105467,-0.03193316730937712,-0.03245415205308425,84.54600219726562,88.89476267496745,14.329999923706055,2926.4599609375
2019-06-20,81.20999908447266,84.58000183105469,84.7300033569336,86.11000061035156,92.37999725341795,-0.03984396634695608,-0.040659472672392054,83.84200134277344,88.36285800025577,14.75,2954.179931640625
2019-06-21,83.13999938964844,81.20999908447266,82.56999969482422,86.0,89.30000305175781,0.023765550140792957,0.023487545462500422,83.95600128173828,88.06952449253627,15.399999618530273,2950.4599609375
2019-06-24,82.58999633789062,83.13999938964844,83.4800033569336,83.86000061035156,94.9800033569336,-0.006615384361264409,-0.006637363001448982,83.77799987792969,87.47952415829613,15.260000228881836,2945.35009765625
2019-06-25,85.16000366210938,82.58999633789062,87.37000274658203,84.94999694824219,90.19000244140624,0.031117658774367563,0.030643319546179295,83.33600006103515,87.24000040690105,16.280000686645508,2917.3798828125
2019-06-26,85.36000061035156,85.16000366210938,84.58000183105469,86.19999694824219,95.08000183105467,0.0023484844955588002,0.002345731115849624,83.49199981689453,86.77714320591518,16.209999084472656,2913.780029296875
2019-06-27,86.5199966430664,85.36000061035156,81.20999908447266,84.7300033569336,93.83000183105467,0.013589456705957126,0.01349794814152663,84.55399932861329,86.42904772077289,15.819999694824219,2924.919921875
2019-06-28,85.77999877929688,86.5199966430664,83.13999938964844,82.56999969482422,92.77999877929688,-0.008552911378653327,-0.0085896974272394,85.08199920654297,86.09571438743954,15.079999923706055,2941.760009765625
2019-07-01,79.58000183105469,85.77999877929688,82.58999633789062,83.4800033569336,96.72000122070312,-0.07227788571312699,-0.07502303685034499,84.48000030517578,85.27952394031342,14.0600004196167,2964.330078125
2019-07-02,78.22000122070312,79.58000183105469,85.16000366210938,87.37000274658203,96.02999877929688,-0.01708972831187905,-0.017237443074372034,83.09199981689453,84.43142881847564,12.930000305175781,2973.010009765625
2019-07-03,80.04000091552734,78.22000122070312,85.36000061035156,84.58000183105469,88.93000030517578,0.023267702204311735,0.023001136220514216,82.02799987792969,84.00809551420666,12.569999694824219,2995.820068359375
2019-07-08,83.66000366210938,80.04000091552734,86.5199966430664,81.20999908447266,86.72000122070312,0.04522742010463632,0.04423448863386571,81.45600128173828,83.86238134474982,13.960000038146973,2975.949951171875
2019-07-09,82.30999755859375,83.66000366210938,85.77999877929688,83.13999938964844,86.11000061035156,-0.016136816213493166,-0.01626843246433222,80.76200103759766,83.68142881847564,14.09000015258789,2979.6298828125
2019-07-10,85.97000122070312,82.30999755859375,79.58000183105469,82.58999633789062,86.0,0.044466088818723826,0.04350583506208945,82.04000091552734,83.68000030517578,13.029999732971191,2993.070068359375
2019-07-11,88.19999694824219,85.97000122070312,78.22000122070312,85.16000366210938,83.86000061035156,0.02593923107915508,0.025608516026788115,84.03600006103515,83.88666679745629,12.930000305175781,2999.909912109375
2019-07-12,86.13999938964844,88.19999694824219,80.04000091552734,85.36000061035156,84.94999694824219,-0.023355982198078773,-0.023633055871928304,85.25599975585938,83.9433335803804,12.390000343322754,3013.77001953125
2019-07-15,86.19999694824219,86.13999938964844,83.66000366210938,86.5199966430664,86.19999694824219,0.0006965121780690975,0.0006962697260359952,85.76399841308594,83.9433335803804,12.680000305175781,3014.300048828125
2019-07-16,88.25,86.19999694824219,82.30999755859375,85.77999877929688,84.7300033569336,0.023781938797384328,0.023503553546982234,86.95199890136719,84.11095246814546,12.859999656677246,3004.0400390625
2019-07-17,90.3499984741211,88.25,85.97000122070312,79.58000183105469,82.56999969482422,0.02379601670392173,0.023517304336298752,87.82799835205078,84.48142860049293,13.970000267028809,2984.419921875
2019-07-18,84.04000091552734,90.3499984741211,88.19999694824219,78.22000122070312,83.4800033569336,-0.06983948716281518,-0.07239811327895787,86.99599914550781,84.50809515090216,13.529999732971191,2995.110107421875
2019-07-19,86.7699966430664,84.04000091552734,86.13999938964844,80.04000091552734,87.37000274658203,0.03248447998332504,0.031968014246929084,87.1219985961914,84.47952343168713,14.449999809265137,2976.610107421875
2019-07-22,81.22000122070312,86.7699966430664,86.19999694824219,83.66000366210938,84.58000183105469,-0.06396214863524219,-0.06609936382993661,86.1259994506836,84.31952340262276,13.529999732971191,2985.030029296875
2019-07-23,78.98999786376953,81.22000122070312,88.25,82.30999755859375,81.20999908447266,-0.027456332472513667,-0.02784030215572741,84.2739990234375,84.21380905877976,12.609999656677246,3005.469970703125
2019-07-24,83.88999938964844,78.98999786376953,90.3499984741211,85.97000122070312,83.13999938964844,0.06203318975055194,0.06018517445057358,82.98199920654297,84.24952334449405,12.069999694824219,3019.56005859375
2019-07-25,84.30000305175781,83.88999938964844,84.04000091552734,88.19999694824219,82.58999633789062,0.004887396174662051,0.004875491626383767,83.03399963378907,84.33095223563058,12.739999771118164,3003.669921875
2019-07-26,83.11000061035156,84.30000305175781,86.7699966430664,86.13999938964844,85.16000366210938,-0.014116279932702036,-0.014216862300134043,82.3020004272461,84.23333304268974,12.15999984741211,3025.860107421875
2019-07-29,88.16000366210938,83.11000061035156,81.22000122070312,86.19999694824219,85.36000061035156,0.06076288069631919,0.05898834803512124,83.69000091552735,84.36666652134487,12.829999923706055,3020.969970703125
2019-07-30,91.58000183105467,88.16000366210938,78.98999786376953,88.25,86.5199966430664,0.03879308106715973,0.03805954027903799,86.20800170898437,84.6076191493443,13.9399995803833,3013.179931640625
2019-07-31,96.27999877929688,91.58000183105467,83.88999938964844,90.3499984741211,85.77999877929688,0.05132121483151608,0.05004767301319841,88.68600158691406,85.1076191493443,16.1200008392334,2980.3798828125
2019-08-01,105.47000122070312,96.27999877929688,84.30000305175781,84.04000091552734,79.58000183105469,0.09545079515915389,0.09116596362626668,92.92000122070313,86.34047626313709,17.8700008392334,2953.56005859375
2019-08-02,102.69000244140624,105.47000122070312,83.11000061035156,86.7699966430664,78.22000122070312,-0.026358194245959643,-0.0267117988777288,96.83600158691407,87.5057144165039,17.610000610351562,2932.050048828125
2019-08-05,114.4000015258789,102.69000244140624,88.16000366210938,81.22000122070312,80.04000091552734,0.11403251344895304,0.10798632729906889,102.08400115966796,89.14190492175874,24.59000015258789,2844.739990234375
2019-08-06,107.4499969482422,114.4000015258789,91.58000183105467,78.98999786376953,83.66000366210938,-0.0607517874557415,-0.06267549759693536,105.25800018310547,90.27476174490792,20.170000076293945,2881.77001953125
2019-08-07,104.2699966430664,107.4499969482422,96.27999877929688,83.88999938964844,82.30999755859375,-0.029595164220503234,-0.030041938079988586,106.85599975585937,91.32047598702567,19.489999771118164,2883.97998046875
2019-08-08,98.66000366210938,104.2699966430664,105.47000122070312,84.30000305175781,85.97000122070312,-0.053802562209347427,-0.05530402368280287,105.49400024414062,91.92476181756882,16.90999984741211,2938.090087890625
2019-08-09,101.5199966430664,98.66000366210938,102.69000244140624,83.11000061035156,88.19999694824219,0.028988372945453422,0.028576157415336964,105.25999908447265,92.55904751732236,17.969999313354492,2918.64990234375
2019-08-12,105.30999755859376,101.5199966430664,114.4000015258789,88.16000366210938,86.13999938964844,0.037332555563931,0.036652567870052916,103.44199829101562,93.47190457298642,21.09000015258789,2882.699951171875
2019-08-13,102.20999908447266,105.30999755859376,107.4499969482422,91.58000183105467,86.19999694824219,-0.029436886772277182,-0.029878846825794676,102.39399871826171,94.23428562709263,17.520000457763672,2926.320068359375
2019-08-14,113.98999786376952,102.20999908447266,104.2699966430664,96.27999877929688,88.25,0.11525289976336994,0.10908119512451112,104.33799896240234,95.45999981108166,22.100000381469727,2840.60009765625
2019-08-15,112.26000213623048,113.98999786376952,98.66000366210938,105.47000122070312,90.3499984741211,-0.015176732695499906,-0.015293077964814909,107.05799865722656,96.50333331880115,21.18000030517578,2847.60009765625
2019-08-16,110.31999969482422,112.26000213623048,101.5199966430664,102.69000244140624,84.04000091552734,-0.01728133266069265,-0.017432397824595918,108.81799926757813,97.75476183210101,18.469999313354492,2888.679931640625
2019-08-19,101.22000122070312,110.31999969482422,105.30999755859376,114.4000015258789,86.7699966430664,-0.08248729604146321,-0.08608885287293613,108.0,98.44285728817894,16.8799991607666,2923.64990234375
2019-08-20,104.7699966430664,101.22000122070312,102.20999908447266,107.4499969482422,81.22000122070312,0.0350720744867683,0.03447106147805955,108.51199951171876,99.56428564162482,17.5,2900.510009765625
2019-08-21,98.02999877929688,104.7699966430664,113.98999786376952,104.2699966430664,78.98999786376953,-0.0643313742457352,-0.06649389750259956,105.31999969482422,100.47095235188802,15.800000190734863,2924.429931640625
2019-08-22,100.94000244140624,98.02999877929688,112.26000213623048,98.66000366210938,83.88999938964844,0.029684828096967486,0.02925276327753103,103.05599975585938,101.28285725911458,16.68000030517578,2922.949951171875
2019-08-23,111.37000274658205,100.94000244140624,110.31999969482422,101.5199966430664,84.30000305175781,0.10332871064898397,0.09833171096796155,103.26600036621093,102.57190486363002,19.8700008392334,2847.110107421875
2019-08-26,106.2699966430664,111.37000274658205,101.22000122070312,105.30999755859376,83.11000061035156,-0.04579335528185713,-0.046875022270904655,104.2759994506836,103.67476181756882,19.31999969482422,2878.3798828125
2019-08-27,106.48999786376952,106.2699966430664,104.7699966430664,102.20999908447266,88.16000366210938,0.002070210103064518,0.0020680701710261012,104.61999969482422,104.54761868431454,20.309999465942383,2869.159912109375
2019-08-28,103.9499969482422,106.48999786376952,98.02999877929688,113.98999786376952,91.58000183105467,-0.02385201395887604,-0.024141079020824234,105.80399932861329,105.13666607084728,19.350000381469727,2887.93994140625
2019-08-29,99.8000030517578,103.9499969482422,100.94000244140624,112.26000213623048,96.27999877929688,-0.03992298237921765,-0.040741771049928835,105.5759994506836,105.30428532191685,17.8799991607666,2924.580078125
2019-08-30,102.66000366210938,99.8000030517578,111.37000274658205,110.31999969482422,105.47000122070312,0.028657319868701236,0.028254378908216145,103.83399963378906,105.17047591436477,18.979999542236328,2926.4599609375
2019-09-03,102.19000244140624,102.66000366210938,106.2699966430664,101.22000122070312,102.69000244140624,-0.004578231092315921,-0.004588743289399232,103.01800079345703,105.14666639055524,19.65999984741211,2906.27001953125
2019-09-04,97.3000030517578,102.19000244140624,106.48999786376952,104.7699966430664,114.4000015258789,-0.04785203320111742,-0.04903482895859399,101.18000183105468,104.33238074893043,17.329999923706055,2937.780029296875
2019-09-05,95.51000213623048,97.3000030517578,103.9499969482422,98.02999877929688,107.4499969482422,-0.018396720034789094,-0.018568044143166623,99.49200286865235,103.76380956740607,16.270000457763672,2976.0
2019-09-06,94.4000015258789,95.51000213623048,99.8000030517578,100.94000244140624,104.2699966430664,-0.01162182583524951,-0.011689887097783173,98.41200256347656,103.29380979992095,15.0,2978.7099609375
2019-09-09,94.5,94.4000015258789,102.66000366210938,111.37000274658205,98.66000366210938,0.0010593058528043375,0.0010587451842708183,96.78000183105469,103.09571438743954,15.270000457763672,2978.429931640625
2019-09-10,93.8499984741211,94.5,102.19000244140624,106.2699966430664,101.5199966430664,-0.0068783230251736605,-0.006902087725878481,95.11200103759765,102.73047637939453,15.199999809265137,2979.389892578125
2019-09-11,97.79000091552734,93.8499984741211,97.3000030517578,106.48999786376952,105.30999755859376,0.04198191268476892,0.04112458491254261,95.21000061035156,102.37238130115327,14.609999656677246,3000.929931640625
2019-09-12,95.94000244140624,97.79000091552734,95.51000213623048,103.9499969482422,102.20999908447266,-0.018918074003487995,-0.01909931016522423,95.29600067138672,102.07381003243583,14.220000267028809,3009.570068359375
2019-09-13,98.93000030517578,95.94000244140624,94.4000015258789,99.8000030517578,113.98999786376952,0.031165288593729468,0.030689510898758883,96.20200042724609,101.35666729155041,13.739999771118164,3007.389892578125
2019-09-16,101.7300033569336,98.93000030517578,94.5,102.66000366210938,112.26000213623048,0.028302871152536824,0.027909745384222993,97.64800109863282,100.85523877825055,14.670000076293945,2997.9599609375
2019-09-17,101.66999816894533,101.7300033569336,93.8499984741211,102.19000244140624,110.31999969482422,-0.0005898474983602187,-0.0005900215268327505,99.21200103759766,100.44333394368489,14.4399995803833,3005.699951171875
2019-09-18,99.08999633789062,101.66999816894533,97.79000091552734,97.3000030517578,101.22000122070312,-0.02537623564001157,-0.025703765163884992,99.47200012207031,100.34190513974144,13.949999809265137,3006.72998046875
2019-09-19,97.3000030517578,99.08999633789062,95.94000244140624,95.51000213623048,104.7699966430664,-0.01806431882416326,-0.01822947055702501,99.74400024414062,99.98619115920295,14.050000190734863,3006.7900390625
2019-09-20,101.02999877929688,97.3000030517578,98.93000030517578,94.4000015258789,98.02999877929688,0.03833500113617605,0.03761846980068393,100.16399993896485,100.12904830206008,15.319999694824219,2992.070068359375
2019-09-23,97.5999984741211,101.02999877929688,101.7300033569336,94.5,100.94000244140624,-0.03395031521943026,-0.03454001257201868,99.33799896240234,99.97000049409412,14.90999984741211,2991.780029296875
2019-09-24,104.95999908447266,97.5999984741211,101.66999816894533,93.8499984741211,111.37000274658205,0.07540984349813362,0.07270183868810634,99.99599914550781,99.66476222446987,17.049999237060547,2966.60009765625
2019-09-25,99.68000030517578,104.95999908447266,99.08999633789062,97.79000091552734,106.2699966430664,-0.05030486685739666,-0.0516142583724501,100.11399993896484,99.3509528750465,15.960000038146973,2984.8701171875
2019-09-26,100.30999755859376,99.68000030517578,97.3000030517578,95.94000244140624,106.48999786376952,0.006320197145758488,0.006300308456082979,100.71599884033203,99.0566671462286,16.06999969482422,2977.6201171875
2019-09-27,103.1999969482422,100.30999755859376,101.02999877929688,98.93000030517578,103.9499969482422,0.028810681487259737,0.028403456919384684,101.14999847412109,99.02095286051433,17.219999313354492,2961.7900390625
2019-09-30,97.62000274658205,103.1999969482422,97.5999984741211,101.7300033569336,99.8000030517578,-0.05406971285530837,-0.05558640488172037,101.15399932861328,98.91714332217262,16.239999771118164,2976.739990234375
2019-10-01,102.73999786376952,97.62000274658205,104.95999908447266,101.66999816894533,102.66000366210938,0.05244821730315663,0.051119085652088704,100.70999908447266,98.92095256987072,18.559999465942383,2940.25
2019-10-02,103.80999755859376,102.73999786376952,99.68000030517578,99.08999633789062,102.19000244140624,0.01041463614047422,0.01036077744059462,101.53599853515625,98.9980951944987,20.559999465942383,2887.610107421875
2019-10-03,98.1999969482422,103.80999755859376,100.30999755859376,97.3000030517578,97.3000030517578,-0.05404104365945195,-0.05555609740367181,101.11399841308595,99.04095204671223,19.1200008392334,2910.6298828125
2019-10-04,95.19000244140624,98.1999969482422,103.1999969482422,101.02999877929688,95.51000213623048,-0.030651676174923148,-0.031131264372525214,99.51199951171876,99.02571396600632,17.040000915527344,2952.010009765625
2019-10-07,97.04000091552734,95.19000244140624,97.62000274658205,97.5999984741211,94.4000015258789,0.019434798053082014,0.01924835415939927,99.39599914550782,99.15142822265625,17.860000610351562,2938.7900390625
2019-10-08,102.2699966430664,97.04000091552734,102.73999786376952,104.95999908447266,94.5,0.05389525637053261,0.052493067923364556,99.30199890136718,99.52142806280227,20.280000686645508,2893.06005859375
2019-10-09,101.25,102.2699966430664,103.80999755859376,99.68000030517578,93.8499984741211,-0.009973566799129863,-0.010023636007046385,98.78999938964844,99.87380908784412,18.639999389648438,2919.39990234375
2019-10-10,99.66000366210938,101.25,98.1999969482422,100.30999755859376,97.79000091552734,-0.015703667534722188,-0.015828276387360403,99.08200073242188,99.96285683768136,17.56999969482422,2938.1298828125
2019-10-11,97.6999969482422,99.66000366210938,95.19000244140624,103.1999969482422,95.94000244140624,-0.019666933994026747,-0.019862901786557596,99.58399963378906,100.04666609991165,15.579999923706055,2970.27001953125
2019-10-14,94.43000030517578,97.6999969482422,97.04000091552734,97.62000274658205,98.93000030517578,-0.03346977221297909,-0.03404270530598536,99.06199951171875,99.83238038562592,14.569999694824219,2966.14990234375
2019-10-15,93.9800033569336,94.43000030517578,102.2699966430664,102.73999786376952,101.7300033569336,-0.004765402380471295,-0.0047767931124166295,97.40400085449218,99.4633327665783,13.539999961853027,2995.679931640625
2019-10-16,93.16000366210938,93.9800033569336,101.25,103.80999755859376,101.66999816894533,-0.00872525713485961,-0.0087635450682987,95.78600158691407,99.05809493291946,13.680000305175781,2989.68994140625
2019-10-17,90.2699966430664,93.16000366210938,99.66000366210938,98.1999969482422,99.08999633789062,-0.031021971934705017,-0.03151334220366597,93.90800018310547,98.63809494745163,13.789999961853027,2997.949951171875
2019-10-18,91.1999969482422,90.2699966430664,97.6999969482422,95.19000244140624,97.3000030517578,0.010302429818991543,0.01024972149566477,92.60800018310547,98.34761846633185,14.25,2986.199951171875
2019-10-21,88.0999984741211,91.1999969482422,94.43000030517578,97.04000091552734,101.02999877929688,-0.033991212476469856,-0.034582347995746235,91.34199981689453,97.73190416608539,14.0,3006.719970703125
2019-10-22,89.31999969482422,88.0999984741211,93.9800033569336,102.2699966430664,97.5999984741211,0.01384791420923226,0.013752907933018034,90.40999908447266,97.33761850992839,14.460000038146973,2995.989990234375
2019-10-23,87.58999633789062,89.31999969482422,93.16000366210938,101.25,104.95999908447266,-0.01936860012141095,-0.01955862918997802,89.2959976196289,96.51047552199591,14.010000228881836,3004.52001953125
2019-10-24,86.55000305175781,87.58999633789062,90.2699966430664,99.66000366210938,99.68000030517578,-0.01187342538662628,-0.01194447748304917,88.55199890136718,95.88523755754743,13.710000038146973,3010.2900390625
2019-10-25,83.81999969482422,86.55000305175781,91.1999969482422,97.6999969482422,100.30999755859376,-0.03154249867907022,-0.032050678026194636,87.0759994506836,95.0999995640346,12.649999618530273,3022.550048828125
2019-10-28,86.4800033569336,83.81999969482422,88.0999984741211,94.43000030517578,103.1999969482422,0.03173471333564826,0.031241573292329412,86.75200042724609,94.3038093930199,13.109999656677246,3039.419921875
2019-10-29,87.75,86.4800033569336,89.31999969482422,93.9800033569336,97.62000274658205,0.014685437023223447,0.014578650197567055,86.43800048828125,93.83380926223029,13.199999809265137,3036.889892578125
2019-10-30,86.47000122070312,87.75,87.58999633789062,93.16000366210938,102.73999786376952,-0.01458688067574787,-0.01469431525656549,86.21400146484375,93.05904751732236,12.329999923706055,3046.77001953125
2019-10-31,88.91999816894531,86.47000122070312,86.55000305175781,90.2699966430664,103.80999755859376,0.028333490385745508,0.027939521414428008,86.68800048828125,92.3499999273391,13.220000267028809,3037.56005859375
2019-11-01,85.69000244140625,88.91999816894531,83.81999969482422,91.1999969482422,98.1999969482422,-0.03632473902442246,-0.03700090733166518,87.06200103759765,91.75428590320405,12.300000190734863,3066.909912109375
2019-11-04,88.75,85.69000244140625,86.4800033569336,88.0999984741211,95.19000244140624,0.03571008835816225,0.035087267183352804,87.51600036621093,91.44761912027995,12.829999923706055,3078.27001953125
2019-11-05,90.9800033569336,88.75,87.75,89.31999969482422,97.04000091552734,0.02512679838798415,0.024816310683821657,88.16200103759766,91.15904780796596,13.100000381469727,3074.6201171875
2019-11-06,89.58999633789062,90.9800033569336,86.47000122070312,87.58999633789062,102.2699966430664,-0.015278159680756187,-0.015396073306179103,88.78600006103515,90.55523826962425,12.619999885559082,3076.780029296875
2019-11-07,90.1500015258789,89.58999633789062,88.91999816894531,86.55000305175781,101.25,0.006250755786128215,0.006231300842158442,89.03200073242188,90.02666691371373,12.729999542236328,3085.179931640625
2019-11-08,89.05999755859375,90.1500015258789,85.69000244140625,83.81999969482422,99.66000366210938,-0.01209100331487245,-0.012164694094820475,89.70599975585938,89.52190471830822,12.069999694824219,3093.080078125
2019-11-11,89.55999755859375,89.05999755859375,88.75,86.4800033569336,97.6999969482422,0.005614192832994913,0.005598491990040712,89.86799926757813,89.13428569975353,12.6899995803833,3087.010009765625
2019-11-12,90.3499984741211,89.55999755859375,90.9800033569336,87.75,94.43000030517578,0.008820912651437807,0.00878223567915841,89.74199829101562,88.93999989827473,12.680000305175781,3091.840087890625
2019-11-13,93.5,90.3499984741211,89.58999633789062,86.47000122070312,93.9800033569336,0.03486443363672165,0.0342704361449363,90.5239990234375,88.91714259556362,13.0,3094.0400390625
2019-11-14,93.4499969482422,93.5,90.1500015258789,88.91999816894531,93.16000366210938,-0.0005347919974095783,-0.000534935049654229,91.18399810791016,88.93095179966518,13.050000190734863,3096.6298828125
2019-11-15,93.3499984741211,93.4499969482422,89.05999755859375,85.69000244140625,90.2699966430664,-0.0010700746643843573,-0.0010706476030392631,92.04199829101563,89.07761855352493,12.050000190734863,3120.4599609375
2019-11-18,93.98999786376952,93.3499984741211,89.55999755859375,88.75,91.1999969482422,0.00685591215971848,0.006832517261987937,92.92799835205078,89.2104757399786,12.460000038146973,3122.030029296875
2019-11-19,95.9499969482422,93.98999786376952,90.3499984741211,90.9800033569336,88.0999984741211,0.020853272997340966,0.020638819744063463,94.047998046875,89.58428519112724,12.859999656677246,3120.179931640625
2019-11-20,95.36000061035156,95.9499969482422,93.5,89.58999633789062,89.31999969482422,-0.006148997984949389,-0.006167980930460852,94.41999816894531,89.87190428234283,12.779999732971191,3108.4599609375
2019-11-21,96.08999633789062,95.36000061035156,93.4499969482422,90.1500015258789,87.58999633789062,0.007655156489793757,0.0076260044603940706,94.947998046875,90.27666618710472,13.130000114440918,3103.5400390625
2019-11-22,94.4000015258789,96.08999633789062,93.3499984741211,89.05999755859375,86.55000305175781,-0.017587624897695164,-0.017744124862506074,95.15799865722656,90.65047563825335,12.34000015258789,3110.2900390625
2019-11-25,90.23999786376952,94.4000015258789,93.98999786376952,89.55999755859375,83.81999969482422,-0.04406783469138997,-0.04506832523844477,94.40799865722656,90.95618983677456,11.869999885559082,3133.639892578125
2019-11-26,89.87999725341797,90.23999786376952,95.9499969482422,90.3499984741211,86.4800033569336,-0.003989368560214479,-0.003997347318176162,93.19399871826172,91.11809430803571,11.539999961853027,3140.52001953125
2019-11-27,90.1999969482422,89.87999725341797,95.36000061035156,93.5,87.75,0.0035602993391510296,0.00355397647653707,92.16199798583985,91.23476082938058,11.75,3153.6298828125
2019-11-29,91.0500030517578,90.1999969482422,96.08999633789062,93.4499969482422,86.47000122070312,0.009423571311242274,0.00937944645565784,91.15399932861328,91.4528561546689,12.619999885559082,3140.97998046875
2019-12-02,98.91000366210938,91.0500030517578,94.4000015258789,93.3499984741211,88.91999816894531,0.08632619820873066,0.08280154308541102,92.05599975585938,91.92857070196243,14.90999984741211,3113.8701171875
2019-12-03,102.6500015258789,98.91000366210938,90.23999786376952,93.98999786376952,85.69000244140625,0.037812129464132926,0.037114775553401314,94.53800048828126,92.73618970598493,15.960000038146973,3093.199951171875
2019-12-04,98.72000122070312,102.6500015258789,89.87999725341797,95.9499969482422,88.75,-0.03828543835125997,-0.03903758580742766,96.30600128173828,93.21095166887555,14.800000190734863,3112.760009765625
2019-12-05,98.12000274658205,98.72000122070312,90.1999969482422,95.36000061035156,90.9800033569336,-0.006077780254273857,-0.00609632514002524,97.89000244140625,93.5509516398112,14.520000457763672,3117.429931640625
2019-12-06,96.5199966430664,98.12000274658205,91.0500030517578,96.08999633789062,89.58999633789062,-0.01630662513991188,-0.01644104140519756,98.98400115966797,93.88095165434338,13.619999885559082,3145.909912109375
2019-12-09,101.88999938964844,96.5199966430664,98.91000366210938,94.4000015258789,90.1500015258789,0.055636167979164375,0.05414358801873292,99.58000030517579,94.43999917166573,15.859999656677246,3135.9599609375
2019-12-10,101.02999877929688,101.88999938964844,102.6500015258789,90.23999786376952,89.05999755859375,-0.008440481062942595,-0.008476303638834799,99.25599975585938,95.00999922979446,15.680000305175781,3132.52001953125
2019-12-11,104.81999969482422,101.02999877929688,98.72000122070312,89.87999725341797,89.55999755859375,0.03751361933406261,0.036827100105533105,100.47599945068359,95.73666599818638,14.989999771118164,3141.6298828125
2019-12-12,101.3000030517578,104.81999969482422,98.12000274658205,90.1999969482422,90.3499984741211,-0.03358134567176718,-0.03415814908201519,101.11199951171875,96.25809478759766,13.9399995803833,3168.570068359375
2019-12-13,96.61000061035156,101.3000030517578,96.5199966430664,91.0500030517578,93.5,-0.04629814708899804,-0.047404179533474616,101.13000030517578,96.40619005475726,12.630000114440918,3168.800048828125
2019-12-16,94.20999908447266,96.61000061035156,101.88999938964844,98.91000366210938,93.4499969482422,-0.024842164483143025,-0.02515593850446926,99.59400024414063,96.442380632673,12.140000343322754,3191.449951171875
2019-12-17,98.55999755859376,94.20999908447266,101.02999877929688,102.6500015258789,93.3499984741211,0.04617342656187384,0.0451391516718139,99.1,96.6904758271717,12.289999961853027,3192.52001953125
2019-12-18,99.1999969482422,98.55999755859376,104.81999969482422,98.72000122070312,93.98999786376952,0.0064935004616650804,0.006472508512691137,97.97599945068359,96.93857102167038,12.579999923706055,3191.139892578125
2019-12-19,97.25,99.1999969482422,101.3000030517578,98.12000274658205,95.9499969482422,-0.01965722790555746,-0.019853001028583478,97.16599884033204,97.00047592889695,12.5,3205.3701171875
2019-12-20,99.29000091552734,97.25,96.61000061035156,96.5199966430664,95.36000061035156,0.020976873167376286,0.020759887767687717,97.70199890136719,97.18761880057198,12.510000228881836,3221.219970703125
2019-12-23,99.81999969482422,99.29000091552734,94.20999908447266,101.88999938964844,96.08999633789062,0.005337886739952502,0.005323690717958808,98.8239990234375,97.36523800804501,12.609999656677246,3224.010009765625
2019-12-24,98.83000183105467,99.81999969482422,98.55999755859376,101.02999877929688,94.4000015258789,-0.0099178307633363,-0.009967340068793634,98.87799987792968,97.57619040352958,12.670000076293945,3223.3798828125
2019-12-26,97.45999908447266,98.83000183105467,99.1999969482422,104.81999969482422,90.23999786376952,-0.013862215129004762,-0.013959192893926517,98.53000030517578,97.91999998546783,12.649999618530273,3239.909912109375
2019-12-27,99.62999725341795,97.45999908447266,97.25,101.3000030517578,89.87999725341797,0.022265526260311974,0.022021268467461063,99.00599975585938,98.38428569975353,13.430000305175781,3240.02001953125
2019-12-30,100.0199966430664,99.62999725341795,99.29000091552734,96.61000061035156,90.1999969482422,0.003914477571011599,0.0039068359391905404,99.1519989013672,98.8519047328404,14.819999694824219,3221.2900390625
2019-12-31,94.0999984741211,100.0199966430664,99.81999969482422,94.20999908447266,91.0500030517578,-0.0591881460471505,-0.06101210205230368,98.00799865722657,98.99714261009579,13.779999732971191,3230.780029296875
2020-01-02,89.66999816894531,94.0999984741211,98.83000183105467,98.55999755859376,98.91000366210938,-0.047077581052183515,-0.048221785831799195,96.17599792480469,98.55714234851655,12.470000267028809,3257.85009765625
2020-01-03,93.79000091552734,89.66999816894531,97.45999908447266,99.1999969482422,102.6500015258789,0.04594627891950687,0.04492200573827636,95.44199829101562,98.13523755754743,14.020000457763672,3234.85009765625
2020-01-06,92.66000366210938,93.79000091552734,99.62999725341795,97.25,98.72000122070312,-0.01204816336909631,-0.012121330771796395,94.04799957275391,97.84666624523345,13.850000381469727,3246.280029296875
2020-01-07,91.06999969482422,92.66000366210938,100.0199966430664,99.29000091552734,98.12000274658205,-0.01715955001559477,-0.01730848128178592,92.25800018310547,97.51095181419736,13.789999961853027,3237.179931640625
2020-01-08,90.20999908447266,91.06999969482422,94.0999984741211,99.81999969482422,96.5199966430664,-0.00944329211851791,-0.009488162709022944,91.48000030517578,97.2104757399786,13.449999809265137,3253.050048828125
2020-01-09,87.80999755859375,90.20999908447266,89.66999816894531,98.83000183105467,101.88999938964844,-0.02660460647640117,-0.026964913951080794,91.10800018310547,96.53999946230934,12.539999961853027,3274.699951171875
2020-01-10,88.33000183105469,87.80999755859375,93.79000091552734,97.45999908447266,101.02999877929688,0.005921925599803757,0.005904459918122796,90.01600036621093,95.93523770286923,12.5600004196167,3265.35009765625
2020-01-13,88.4800033569336,88.33000183105469,92.66000366210938,99.62999725341795,104.81999969482422,0.0016981945292586786,0.0016967542273071243,89.18000030517578,95.15714263916016,12.319999694824219,3288.1298828125
2020-01-14,86.87000274658203,88.4800033569336,91.06999969482422,100.0199966430664,101.3000030517578,-0.0181962087394677,-0.018363795825069976,88.34000091552734,94.46999976748512,12.390000343322754,3283.14990234375
2020-01-15,91.1500015258789,86.87000274658203,90.20999908447266,94.0999984741211,96.61000061035156,0.049269007067750614,0.048093737975996885,88.52800140380859,94.20999981108166,12.420000076293945,3289.2900390625
2020-01-16,90.37999725341795,91.1500015258789,87.80999755859375,89.66999816894531,94.20999908447266,-0.008447660554809056,-0.008483544271112947,89.04200134277343,94.02761877150763,12.319999694824219,3316.81005859375
2020-01-17,91.75,90.37999725341795,88.33000183105469,93.79000091552734,98.55999755859376,0.015158251695235991,0.015044513340814546,89.7260009765625,93.70333317347935,12.100000381469727,3329.6201171875
2020-01-21,92.9800033569336,91.75,88.4800033569336,92.66000366210938,99.1999969482422,0.013406031138240904,0.013316965431582884,90.6260009765625,93.40714300246466,12.850000381469727,3320.7900390625
2020-01-22,91.11000061035156,92.9800033569336,86.87000274658203,91.06999969482422,97.25,-0.020111880824562056,-0.020316877941433078,91.4740005493164,93.11476207914806,12.90999984741211,3321.75
2020-01-23,92.54000091552734,91.11000061035156,91.1500015258789,90.20999908447266,99.29000091552734,0.015695316601867182,0.015573418947338857,91.75200042724609,92.7933335077195,12.979999542236328,3325.5400390625
2020-01-24,98.43000030517578,92.54000091552734,90.37999725341795,87.80999755859375,99.81999969482422,0.06364814492518711,0.061704645369386336,93.36200103759765,92.72714306059338,14.5600004196167,3295.469970703125
2020-01-27,107.38999938964844,98.43000030517578,91.75,88.33000183105469,98.83000183105467,0.09102914819356656,0.08712142344506581,96.49000091552735,93.13476199195499,18.229999542236328,3243.6298828125
2020-01-28,102.11000061035156,107.38999938964844,92.9800033569336,88.4800033569336,97.45999908447266,-0.049166577980312653,-0.050416392641781285,98.31600036621094,93.35619063604446,16.280000686645508,3276.239990234375
2020-01-29,99.06999969482422,102.11000061035156,91.11000061035156,86.87000274658203,99.62999725341795,-0.029771823497757977,-0.030224001640305958,99.90800018310547,93.32952408563523,16.389999389648438,3273.39990234375
2020-01-30,96.48999786376952,99.06999969482422,92.54000091552734,91.1500015258789,100.0199966430664,-0.02604221095187398,-0.026387314011638796,100.6979995727539,93.16142890566871,15.489999771118164,3283.659912109375
2020-01-31,105.5999984741211,96.48999786376952,98.43000030517578,90.37999725341795,94.0999984741211,0.09441393732035963,0.09021900292965557,102.13199920654297,93.70904795328777,18.84000015258789,3225.52001953125
2020-02-03,102.9499969482422,105.5999984741211,107.38999938964844,91.75,89.66999816894531,-0.025094711781916468,-0.025414952991858426,101.24399871826172,94.34142884753999,17.969999313354492,3248.919921875
2020-02-04,96.18000030517578,102.9499969482422,102.11000061035156,92.9800033569336,93.79000091552734,-0.06576004704954008,-0.06802196480820995,100.05799865722656,94.45523834228516,16.049999237060547,3297.590087890625
2020-02-05,92.81999969482422,96.18000030517578,99.06999969482422,91.11000061035156,92.66000366210938,-0.034934504051678084,-0.035559308497275455,98.80799865722656,94.46285720098587,15.149999618530273,3334.68994140625
2020-02-06,93.61000061035156,92.81999969482422,96.48999786376952,92.54000091552734,91.06999969482422,0.00851110663784449,0.008475091378600494,98.23199920654297,94.58380962553478,14.960000038146973,3345.780029296875
2020-02-07,96.01000213623048,93.61000061035156,105.5999984741211,98.43000030517578,90.20999908447266,0.02563830264106981,0.02531515305580862,96.31399993896484,94.86000024704705,15.470000267028809,3327.7099609375
2020-02-10,96.80999755859376,96.01000213623048,102.9499969482422,107.38999938964844,87.80999755859375,0.008332417504044454,0.008297894553830844,95.08600006103515,95.28857167561848,15.039999961853027,3352.090087890625
2020-02-11,96.95999908447266,96.80999755859376,96.18000030517578,102.11000061035156,88.33000183105469,0.001549442512774668,0.0015482433652381138,95.24199981689453,95.69952392578125,15.180000305175781,3357.75
2020-02-12,96.6500015258789,96.95999908447266,92.81999969482422,99.06999969482422,88.4800033569336,-0.003197169570140712,-0.003202291436668289,96.00800018310547,96.0885714576358,13.739999771118164,3379.449951171875
2020-02-13,99.16999816894533,96.6500015258789,93.61000061035156,96.48999786376952,86.87000274658203,0.026073425797015215,0.02573930929222121,97.11999969482422,96.67428552536737,14.149999618530273,3373.93994140625
2020-02-14,98.16999816894533,99.16999816894533,96.01000213623048,105.5999984741211,91.1500015258789,-0.010083694851908853,-0.010134879681683558,97.5519989013672,97.00857107979911,13.680000305175781,3380.159912109375
2020-02-18,101.0199966430664,98.16999816894533,96.80999755859376,102.9499969482422,90.37999725341795,0.02903125728103184,0.028617832756966145,98.39399871826173,97.51523771740142,14.829999923706055,3370.2900390625
2020-02-19,95.91999816894533,101.0199966430664,96.95999908447266,96.18000030517578,91.75,-0.05048503903777468,-0.0518039921796553,98.18599853515626,97.71380905877976,14.380000114440918,3386.14990234375
2020-02-20,99.4800033569336,95.91999816894533,96.6500015258789,92.81999969482422,92.9800033569336,0.03711431668001053,0.03644216105014768,98.7519989013672,98.02333286830357,15.5600004196167,3373.22998046875
2020-02-21,104.86000061035156,99.4800033569336,99.16999816894533,93.61000061035156,91.11000061035156,0.05408119292190383,0.052669480285007265,99.88999938964844,98.67809477306548,17.079999923706055,3337.75
2020-02-24,112.72000122070312,104.86000061035156,98.16999816894533,96.01000213623048,92.54000091552734,0.07495709102232873,0.07228074545492191,102.8,99.63904716855004,25.030000686645508,3225.889892578125
2020-02-25,121.01000213623048,112.72000122070312,101.0199966430664,96.80999755859376,98.43000030517578,0.07354507474938488,0.07096632604335802,106.79800109863281,100.71428535098121,27.850000381469727,3128.2099609375
2020-02-26,113.44000244140624,121.01000213623048,95.91999816894533,96.95999908447266,107.38999938964844,-0.06255680986024692,-0.0645991201579181,110.302001953125,101.00238073439826,27.559999465942383,3116.389892578125
2020-02-27,118.0,113.44000244140624,99.4800033569336,96.6500015258789,102.11000061035156,0.040197438826300225,0.03941054016028358,114.00600128173828,101.75904737200055,39.15999984741211,2978.760009765625
2020-02-28,125.7300033569336,118.0,104.86000061035156,99.16999816894533,99.06999969482422,0.065508503024861,0.06345215283896817,118.18000183105468,103.02857135591053,40.11000061035156,2954.219970703125
2020-03-02,114.69000244140624,125.7300033569336,112.72000122070312,98.16999816894533,96.48999786376952,-0.08780721085472343,-0.09190391964120016,118.57400207519531,103.89523824055989,33.41999816894531,3090.22998046875
2020-03-03,116.72000122070312,114.69000244140624,121.01000213623048,101.0199966430664,105.5999984741211,0.017699875630694084,0.01754505700948615,117.71600189208985,104.42476218087333,36.81999969482422,3003.3701171875
2020-03-04,113.97000122070312,116.72000122070312,113.44000244140624,95.91999816894533,102.9499969482422,-0.02356065773851468,-0.02384264809453423,117.82200164794922,104.94952428908576,31.989999771118164,3130.1201171875
2020-03-05,119.66000366210938,113.97000122070312,118.0,99.4800033569336,96.18000030517578,0.04992543985664755,0.048719151987791046,118.1540023803711,106.06761968703498,39.619998931884766,3023.93994140625
2020-03-06,127.16000366210938,119.66000366210938,125.7300033569336,104.86000061035156,92.81999969482422,0.06267758457686634,0.060791746275650364,118.44000244140625,107.7028579711914,41.939998626708984,2972.3701171875
2020-03-09,137.19000244140625,127.16000366210938,114.69000244140624,112.72000122070312,93.61000061035156,0.07887699347625587,0.07592067929205067,122.94000244140625,109.77809615362258,54.459999084472656,2746.56005859375
2020-03-10,138.82000732421875,137.19000244140625,116.72000122070312,121.01000213623048,96.01000213623048,0.011881367838802115,0.01181133853810392,127.36000366210938,111.81666782924107,47.29999923706055,2882.22998046875
2020-03-11,146.92999267578125,138.82000732421875,113.97000122070312,113.44000244140624,96.80999755859376,0.058420868201089826,0.056778050367518595,133.952001953125,114.20333426339286,53.900001525878906,2741.3798828125
2020-03-12,155.0500030517578,146.92999267578125,119.66000366210938,118.0,96.95999908447266,0.05526448499792913,0.05379143218936957,141.03000183105468,116.96952492850167,75.47000122070312,2480.639892578125
2020-03-13,171.27999877929688,155.0500030517578,127.16000366210938,125.7300033569336,96.6500015258789,0.10467588138080375,0.09955197192561373,149.8540008544922,120.52333432152157,57.83000183105469,2711.02001953125
2020-03-16,207.58999633789065,171.27999877929688,137.19000244140625,114.69000244140624,99.16999816894533,0.21199204704211305,0.1922653257791523,163.93399963378906,125.68619137718564,82.69000244140625,2386.1298828125
2020-03-17,194.42999267578125,207.58999633789065,138.82000732421875,116.72000122070312,98.16999816894533,-0.06339420923101269,-0.06549279949611023,175.05599670410157,130.2700006394159,75.91000366210938,2529.18994140625
2020-03-18,181.3300018310547,194.42999267578125,146.92999267578125,113.97000122070312,101.0199966430664,-0.06737638912825172,-0.06975357767367671,181.93599853515624,134.0942866007487,76.44999694824219,2398.10009765625
2020-03-19,181.75999450683597,181.3300018310547,155.0500030517578,119.66000366210938,95.91999816894533,0.002371326705119081,0.0023685195468649174,187.2779968261719,138.18190547398157,72.0,2409.389892578125
2020-03-20,187.17999267578125,181.75999450683597,171.27999877929688,127.16000366210938,99.4800033569336,0.029819533080704508,0.029383576289116094,190.45799560546874,142.35809544154577,66.04000091552734,2304.919921875
2020-03-23,167.92999267578125,187.17999267578125,207.58999633789065,137.19000244140625,104.86000061035156,-0.10284218801815725,-0.10852349930762639,182.52599487304687,145.3614283970424,61.59000015258789,2237.39990234375
2020-03-24,171.91000366210938,167.92999267578125,194.42999267578125,138.82000732421875,112.72000122070312,0.023700417792622996,0.02342392306367963,178.0219970703125,148.17999994187127,61.66999816894531,2447.330078125
2020-03-25,171.88999938964844,171.91000366210938,181.3300018310547,146.92999267578125,121.01000213623048,-0.00011636479573495784,-0.0001163715666430697,176.13399658203124,150.6028569539388,63.95000076293945,2475.56005859375
2020-03-26,169.5800018310547,171.88999938964844,181.75999450683597,155.0500030517578,113.44000244140624,-0.013438813001315664,-0.01352993111579587,173.697998046875,153.27619025820778,61.0,2630.070068359375
2020-03-27,168.7100067138672,169.5800018310547,187.17999267578125,171.27999877929688,118.0,-0.005130293122972307,-0.005143498260247869,170.00400085449218,155.69095248267763,65.54000091552734,2541.469970703125
2020-03-30,157.66000366210938,168.7100067138672,167.92999267578125,207.58999633789065,125.7300033569336,-0.06549702218018794,-0.06774046555354188,167.95000305175782,157.211428687686,57.08000183105469,2626.64990234375
2020-03-31,152.9199981689453,157.66000366210938,171.91000366210938,194.42999267578125,114.69000244140624,-0.030064730325153666,-0.03052594200537999,164.152001953125,159.03190467471168,53.540000915527344,2584.590087890625
2020-04-01,156.99000549316406,152.9199981689453,171.88999938964844,181.3300018310547,116.72000122070312,0.026615271860795042,0.02626724718848702,161.17200317382813,160.94952392578125,57.060001373291016,2470.5
2020-04-02,147.3300018310547,156.99000549316406,169.5800018310547,181.75999450683597,113.97000122070312,-0.061532602867065966,-0.0635071628952433,156.7220031738281,162.53809538341704,50.90999984741211,2526.89990234375
2020-04-03,143.52000427246094,147.3300018310547,168.7100067138672,187.17999267578125,119.66000366210938,-0.025860296689351303,-0.026200553067933487,151.6840026855469,163.67428588867188,46.79999923706055,2488.64990234375
2020-04-06,143.3000030517578,143.52000427246094,157.66000366210938,167.92999267578125,127.16000366210938,-0.001532895862276229,-0.0015340719491713328,148.81200256347657,164.44285728817894,45.2400016784668,2663.679931640625
2020-04-07,134.4499969482422,143.3000030517578,152.9199981689453,171.91000366210938,137.19000244140625,-0.06175858977699489,-0.06374799611362585,145.11800231933594,164.3123808361235,46.70000076293945,2659.409912109375
2020-04-08,141.3699951171875,134.4499969482422,156.99000549316406,171.88999938964844,138.82000732421875,0.051468935113544445,0.05018817232291338,141.99400024414064,164.43380882626488,43.349998474121094,2749.97998046875
2020-04-09,137.75,141.3699951171875,147.3300018310547,169.5800018310547,146.92999267578125,-0.025606530679913586,-0.02594008430667569,140.0779998779297,163.99666631789435,41.66999816894531,2789.820068359375
2020-04-13,138.67999267578125,137.75,143.52000427246094,168.7100067138672,155.0500030517578,0.006751307991152533,0.0067286199699905375,139.10999755859376,163.21714201427642,41.16999816894531,2761.6298828125
2020-04-14,131.77999877929688,138.67999267578125,143.3000030517578,157.66000366210938,171.27999877929688,-0.04975478988245852,-0.05103521178053018,136.80599670410157,161.33618963332404,37.7599983215332,2846.06005859375
2020-04-15,135.92999267578125,131.77999877929688,134.4499969482422,152.9199981689453,207.58999633789065,0.031491834382505246,0.03100613724238761,137.10199584960938,157.92380850655692,40.84000015258789,2783.360107421875
2020-04-16,129.5500030517578,135.92999267578125,141.3699951171875,156.99000549316406,194.42999267578125,-0.046935849097269666,-0.048073062900151044,134.73799743652344,154.83428519112724,40.11000061035156,2799.550048828125
2020-04-17,127.1500015258789,129.5500030517578,137.75,147.3300018310547,181.3300018310547,-0.01852567710801256,-0.018699426695971744,132.6179977416992,152.25428517659506,38.150001525878906,2874.56005859375
2020-04-20,132.0399932861328,127.1500015258789,138.67999267578125,143.52000427246094,181.75999450683597,0.03845844830177714,0.0377373522690198,131.28999786376954,149.8866660708473,43.83000183105469,2823.159912109375
2020-04-21,132.22000122070312,132.0399932861328,131.77999877929688,143.3000030517578,187.17999267578125,0.0013632834271677385,0.001362355000026774,131.37799835205078,147.26952362060547,45.40999984741211,2736.56005859375
2020-04-22,124.0999984741211,132.22000122070312,135.92999267578125,134.4499969482422,167.92999267578125,-0.061412817059561475,-0.06337953122279356,129.01199951171876,145.18238103957404,41.97999954223633,2799.31005859375
2020-04-23,121.86000061035156,124.0999984741211,129.5500030517578,141.3699951171875,171.91000366210938,-0.018049942718062484,-0.01821483008602457,127.4739990234375,142.7990475609189,41.380001068115234,2797.800048828125
2020-04-24,119.87999725341795,121.86000061035156,127.1500015258789,137.75,171.88999938964844,-0.016248181084986935,-0.016381630291610202,126.0199981689453,140.32238079252699,35.93000030517578,2836.739990234375
2020-04-27,120.55999755859376,119.87999725341795,132.0399932861328,138.67999267578125,169.5800018310547,0.0056723416813093674,0.0056563145303230675,123.7239990234375,137.98809487479073,33.290000915527344,2878.47998046875
2020-04-28,117.79000091552734,120.55999755859376,132.22000122070312,131.77999877929688,168.7100067138672,-0.022976084100533978,-0.02324414832445854,120.83799896240234,135.5633326939174,33.56999969482422,2863.389892578125
2020-04-29,115.9800033569336,117.79000091552734,124.0999984741211,135.92999267578125,157.66000366210938,-0.015366309062954997,-0.015485594350864667,119.21399993896485,133.57857077462333,31.229999542236328,2939.510009765625
2020-04-30,118.52999877929688,115.9800033569336,121.86000061035156,129.5500030517578,152.9199981689453,0.02198650929950019,0.021748291400356917,118.54799957275391,131.94095175606864,34.150001525878906,2912.429931640625
2020-05-01,122.1500015258789,118.52999877929688,119.87999725341795,127.1500015258789,156.99000549316406,0.030540814847408226,0.03008372740287063,119.00200042724609,130.28190394810267,37.189998626708984,2830.7099609375
2020-05-04,121.25,122.1500015258789,120.55999755859376,132.0399932861328,147.3300018310547,-0.007368002575818489,-0.007395280378002158,119.14000091552734,129.03999909900483,35.970001220703125,2842.739990234375
2020-05-05,118.87000274658205,121.25,117.79000091552734,132.22000122070312,143.52000427246094,-0.01962884332715842,-0.019824047719296925,119.35600128173829,127.86618950253441,33.61000061035156,2868.43994140625
2020-05-06,119.16000366210938,118.87000274658205,115.9800033569336,124.0999984741211,143.3000030517578,0.0024396475883454727,0.0024366764794923608,119.99200134277343,126.71666572207496,34.119998931884766,2848.419921875
2020-05-07,115.83000183105467,119.16000366210938,118.52999877929688,121.86000061035156,134.4499969482422,-0.027945633842856088,-0.028343543825412407,119.452001953125,125.82999928792317,31.440000534057617,2881.18994140625
2020-05-08,115.6500015258789,115.83000183105467,122.1500015258789,119.87999725341795,141.3699951171875,-0.0015540041641224356,-0.00155521288098982,118.152001953125,124.60523768833706,27.979999542236328,2929.800048828125
2020-05-11,118.70999908447266,115.6500015258789,121.25,120.55999755859376,137.75,0.026459122509471023,0.026115134481754832,117.64400177001953,123.69857097807385,27.56999969482422,2930.18994140625
2020-05-12,130.75,118.70999908447266,118.87000274658205,117.79000091552734,138.67999267578125,0.1014236459302793,0.09660356659189141,120.02000122070312,123.32095227922711,33.040000915527344,2870.1201171875
2020-05-13,142.75,130.75,119.16000366210938,115.9800033569336,131.77999877929688,0.09177820267686432,0.08780774559108738,124.73800048828124,123.84333328973679,35.279998779296875,2820.0
2020-05-14,137.0500030517578,142.75,115.83000183105467,118.52999877929688,135.92999267578125,-0.039929926082256983,-0.04074900351984737,128.98200073242188,123.89666711716424,32.61000061035156,2852.5
2020-05-15,133.02000427246094,137.0500030517578,115.6500015258789,122.1500015258789,129.5500030517578,-0.02940531696139348,-0.029846320041061143,132.45600128173828,124.06190527053107,31.889999389648438,2863.699951171875
2020-05-18,125.9000015258789,133.02000427246094,118.70999908447266,121.25,127.1500015258789,-0.05352580452484679,-0.05501157180514077,133.89400177001954,124.00238146100726,29.299999237060547,2953.909912109375
2020-05-19,125.5999984741211,125.9000015258789,130.75,118.87000274658205,132.0399932861328,-0.002382867737266481,-0.0023857112846895415,132.86400146484374,123.69571504138764,30.530000686645508,2922.93994140625
2020-05-20,120.04000091552734,125.5999984741211,142.75,119.16000366210938,132.22000122070312,-0.04426749702341237,-0.04527721368636227,128.3220016479492,123.11571502685547,27.989999771118164,2971.610107421875
2020-05-21,122.08000183105467,120.04000091552734,137.0500030517578,115.83000183105467,124.0999984741211,0.01699434271883149,0.016851554335937657,125.3280014038086,123.01952471051898,29.530000686645508,2948.510009765625
2020-05-22,118.37999725341795,122.08000183105467,133.02000427246094,115.6500015258789,121.86000061035156,-0.030308031799975876,-0.030776816473780274,122.4,122.85381026495071,28.15999984741211,2955.449951171875
2020-05-26,113.58999633789062,118.37999725341795,125.9000015258789,118.70999908447266,119.87999725341795,-0.040462924705711,-0.041304324057562625,119.93799896240235,122.55428641183036,28.010000228881836,2991.77001953125
2020-05-27,109.81999969482422,113.58999633789062,125.5999984741211,130.75,120.55999755859376,-0.033189512849810976,-0.033752782931759345,116.78199920654296,122.04285794212704,27.6200008392334,3036.1298828125
2020-05-28,108.98999786376952,109.81999969482422,120.04000091552734,142.75,117.79000091552734,-0.007557838584603682,-0.0075865437708769875,114.5719985961914,121.62381017775763,28.59000015258789,3029.72998046875
2020-05-29,105.5999984741211,108.98999786376952,122.08000183105467,137.0500030517578,115.9800033569336,-0.0311037659977359,-0.03159775847842694,111.27599792480468,121.12952423095703,27.510000228881836,3044.31005859375
2020-06-01,106.47000122070312,105.5999984741211,118.37999725341795,133.02000427246094,118.52999877929688,0.008238662491981463,0.008204909969195496,108.89399871826171,120.55523863292876,28.229999542236328,3055.72998046875
2020-06-02,104.83000183105467,106.47000122070312,113.58999633789062,125.9000015258789,122.1500015258789,-0.015403394109565927,-0.01552325886036877,107.14199981689453,119.73047674269904,26.84000015258789,3080.820068359375
2020-06-03,106.8499984741211,104.83000183105467,109.81999969482422,125.5999984741211,121.25,0.019269260782059927,0.019085959553209624,106.54799957275391,119.04476238432385,25.65999984741211,3122.8701171875
2020-06-04,109.87999725341795,106.8499984741211,108.98999786376952,120.04000091552734,118.87000274658205,0.02835749950928368,0.027962868746289938,106.72599945068359,118.61666688464936,25.809999465942383,3112.35009765625
2020-06-05,107.58999633789062,109.87999725341795,105.5999984741211,122.08000183105467,119.16000366210938,-0.02084092621740663,-0.021061163662696388,107.1239990234375,118.06571415492466,24.520000457763672,3193.929931640625
2020-06-08,110.0500030517578,107.58999633789062,106.47000122070312,118.37999725341795,115.83000183105467,0.022864641673017827,0.022607163134938,107.83999938964844,117.79047611781529,25.809999465942383,3232.389892578125
2020-06-09,111.0,110.0500030517578,104.83000183105467,113.58999633789062,115.6500015258789,0.008632411830060693,0.008595365609216045,109.0739990234375,117.56904747372582,27.56999969482422,3207.179931640625
2020-06-10,116.52999877929688,111.0,106.8499984741211,109.81999969482422,118.70999908447266,0.04981980882249437,0.048618538797396894,111.00999908447265,117.46523793538411,27.56999969482422,3190.139892578125
2020-06-12,151.60000610351562,116.52999877929688,109.87999725341795,108.98999786376952,130.75,0.30095261041442156,0.2630967733591966,119.35400085449218,118.45809536888486,36.09000015258789,3041.31005859375
2020-06-15,141.8300018310547,151.60000610351562,107.58999633789062,105.5999984741211,142.75,-0.0644459358780618,-0.06661634325220438,126.202001953125,118.41428593226841,34.400001525878906,3066.590087890625
2020-06-16,143.24000549316406,141.8300018310547,110.0500030517578,106.47000122070312,137.0500030517578,0.009941504927772238,0.009892413262880036,132.84000244140626,118.70904795328777,33.66999816894531,3124.739990234375
2020-06-17,139.94000244140625,143.24000549316406,111.0,104.83000183105467,133.02000427246094,-0.023038277891683667,-0.02330780671575982,138.6280029296875,119.03857167561848,33.470001220703125,3113.489990234375
2020-06-18,135.8300018310547,139.94000244140625,116.52999877929688,106.8499984741211,125.9000015258789,-0.02936973373337226,-0.029809659448956204,142.48800354003907,119.51142883300781,32.939998626708984,3115.340087890625
2020-06-19,138.35000610351562,135.8300018310547,151.60000610351562,109.87999725341795,125.5999984741211,0.018552633722226597,0.018382633034531005,139.83800354003907,120.11857205345517,35.119998931884766,3097.739990234375
2020-06-22,133.97999572753906,138.35000610351562,141.8300018310547,107.58999633789062,120.04000091552734,-0.03158662944117874,-0.03209624715809378,138.26800231933595,120.78238133021763,31.770000457763672,3117.860107421875
2020-06-23,130.72999572753906,133.97999572753906,143.24000549316406,110.0500030517578,122.08000183105467,-0.024257352617096495,-0.024556408299121035,135.76600036621093,121.1942858014788,31.3700008392334,3131.2900390625
2020-06-24,136.88999938964844,130.72999572753906,139.94000244140625,111.0,118.37999725341795,0.0471200479111753,0.04604358425651647,135.15599975585937,122.07571447463263,33.84000015258789,3050.330078125
2020-06-25,127.1999969482422,136.88999938964844,135.8300018310547,116.52999877929688,113.58999633789062,-0.07078678124487592,-0.07341705223450515,133.42999877929688,122.72380974179222,32.220001220703125,3083.760009765625
2020-06-26,128.6300048828125,127.1999969482422,138.35000610351562,151.60000610351562,109.81999969482422,0.011242201013197839,0.011179477136546016,131.48599853515626,123.61952427455357,34.72999954223633,3009.050048828125
2020-06-29,121.31999969482422,128.6300048828125,133.97999572753906,141.8300018310547,108.98999786376952,-0.056829704660650626,-0.05850842374584206,128.9539993286133,124.2066672188895,31.780000686645508,3053.239990234375
2020-06-30,120.76000213623048,121.31999969482422,130.72999572753906,143.24000549316406,105.5999984741211,-0.0046158717441674435,-0.00462655777639632,126.96000061035156,124.92857215518043,30.43000030517578,3100.2900390625
2020-07-01,120.83000183105467,120.76000213623048,136.88999938964844,139.94000244140625,106.47000122070312,0.000579659602400584,0.0005794916646679354,123.74800109863281,125.61238170805431,28.6200008392334,3115.860107421875
2020-07-02,115.47000122070312,120.83000183105467,127.1999969482422,135.8300018310547,104.83000183105467,-0.044359848788597556,-0.0453738476578222,121.402001953125,126.11904834565662,27.68000030517578,3130.010009765625
2020-07-06,116.56999969482422,115.47000122070312,128.6300048828125,138.35000610351562,106.8499984741211,0.009526270568046558,0.009481181778410848,118.99000091552735,126.58190554664249,27.940000534057617,3179.719970703125
2020-07-07,118.12000274658205,116.56999969482422,121.31999969482422,133.97999572753906,109.87999725341795,0.01329675779201911,0.01320913181441462,118.35000152587891,126.97428676060268,29.43000030517578,3145.320068359375
2020-07-08,113.33999633789062,118.12000274658205,120.76000213623048,130.72999572753906,107.58999633789062,-0.040467374682902624,-0.04130896169755059,116.86600036621094,127.2480962844122,28.079999923706055,3169.93994140625
2020-07-09,115.11000061035156,113.33999633789062,120.83000183105467,136.88999938964844,110.0500030517578,0.015616766628297585,0.015496079798660294,115.72200012207031,127.48904854910714,29.260000228881836,3152.050048828125
2020-07-10,109.70999908447266,115.11000061035156,115.47000122070312,127.1999969482422,111.0,-0.04691166273344016,-0.048047685744880504,114.56999969482422,127.42761993408203,27.290000915527344,3185.0400390625
2020-07-13,123.3000030517578,109.70999908447266,116.56999969482422,128.6300048828125,116.52999877929688,0.12387206344629842,0.11677992243654654,115.91600036621094,127.75000108991351,32.189998626708984,3155.219970703125
2020-07-14,112.75,123.3000030517578,118.12000274658205,121.31999969482422,151.60000610351562,-0.08556368848854945,-0.08944745653818212,114.84199981689453,125.9000007992699,29.520000457763672,3197.52001953125
2020-07-15,113.70999908447266,112.75,113.33999633789062,120.76000213623048,141.8300018310547,0.008514404296875,0.008478361202420407,114.91600036621094,124.56095304943267,27.760000228881836,3226.56005859375
2020-07-16,115.62000274658205,113.70999908447266,115.11000061035156,120.83000183105467,143.24000549316406,0.016797147810110324,0.016657635824372023,115.01800079345703,123.24571482340495,28.0,3215.570068359375
2020-07-17,117.97000122070312,115.62000274658205,109.70999908447266,115.47000122070312,139.94000244140625,0.020325189571841262,0.020121389791743504,116.67000122070313,122.19952428908576,25.68000030517578,3224.72998046875
2020-07-20,112.51000213623048,117.97000122070312,123.3000030517578,116.56999969482422,135.8300018310547,-0.04628294505361452,-0.047388239631315505,114.51200103759766,121.08904811314174,24.459999084472656,3251.840087890625
2020-07-21,115.45999908447266,112.51000213623048,112.75,118.12000274658205,138.35000610351562,0.026219863943031774,0.025882016133389734,115.05400085449219,119.9990477789016,24.84000015258789,3257.300048828125
2020-07-22,112.83999633789062,115.45999908447266,113.70999908447266,113.33999633789062,133.97999572753906,-0.022691865298432812,-0.022953288023602813,114.88000030517578,118.99238114129929,24.31999969482422,3276.02001953125
2020-07-23,116.6999969482422,112.83999633789062,115.62000274658205,115.11000061035156,130.72999572753906,0.03420773427529289,0.033635659462262726,115.09599914550782,118.32428596133278,26.079999923706055,3235.659912109375
2020-07-24,117.22000122070312,116.6999969482422,117.97000122070312,109.70999908447266,136.88999938964844,0.004455906478656901,0.004446008320004076,114.94599914550781,117.3876193818592,25.84000015258789,3215.6298828125
2020-07-27,112.70999908447266,117.22000122070312,112.51000213623048,123.3000030517578,127.1999969482422,-0.03847468085023298,-0.03923438133093271,114.98599853515626,116.69761948358445,24.739999771118164,3239.409912109375
2020-07-28,113.87999725341795,112.70999908447266,115.45999908447266,112.75,128.6300048828125,0.010380606675973958,0.010327098160494918,114.66999816894531,115.99523816789899,25.440000534057617,3218.43994140625
2020-07-29,110.9499969482422,113.87999725341795,112.83999633789062,113.70999908447266,121.31999969482422,-0.025728840673007736,-0.026065616418724836,114.29199829101563,115.50142851329986,24.100000381469727,3258.43994140625
2020-07-30,112.16000366210938,110.9499969482422,116.6999969482422,115.62000274658205,120.76000213623048,0.010905874241994296,0.010846834064141586,113.38399963378906,115.09190477643695,24.760000228881836,3246.219970703125
2020-07-31,112.04000091552734,112.16000366210938,117.22000122070312,117.97000122070312,120.83000183105467,-0.0010699245957903614,-0.0010704973736999296,112.3479995727539,114.67333330426898,24.459999084472656,3271.1201171875
2020-08-03,111.0199966430664,112.04000091552734,112.70999908447266,112.51000213623048,115.47000122070312,-0.009103929526294574,-0.009145623538522754,112.00999908447265,114.46142832438152,24.280000686645508,3294.610107421875
2020-08-04,109.0,111.0199966430664,113.87999725341795,115.45999908447266,116.56999969482422,-0.018194890147229748,-0.01836245279567425,111.03399963378907,114.1009521484375,23.760000228881836,3306.510009765625
2020-08-05,105.66999816894533,109.0,110.9499969482422,112.83999633789062,118.12000274658205,-0.030550475514263042,-0.031026869104250922,109.97799987792969,113.50809478759766,22.989999771118164,3327.77001953125
2020-08-06,105.83999633789062,105.66999816894533,112.16000366210938,116.6999969482422,113.33999633789062,0.0016087647571783048,0.0016074720813781408,108.71399841308593,113.1509519304548,22.649999618530273,3349.159912109375
2020-08-07,108.18000030517578,105.83999633789062,112.04000091552734,117.22000122070312,115.11000061035156,0.022108881786189416,0.02186802405800987,107.94199829101562,112.82095191592262,22.209999084472656,3351.280029296875
2020-08-10,111.12999725341795,108.18000030517578,111.0199966430664,112.70999908447266,109.70999908447266,0.02726933758476835,0.02690415321823713,107.96399841308593,112.88857087634858,22.1299991607666,3360.469970703125
2020-08-11,118.33999633789062,111.12999725341795,109.0,113.87999725341795,123.3000030517578,0.06487896394014281,0.06286114382036984,109.83199768066406,112.65238008045014,24.030000686645508,3333.68994140625
2020-08-12,115.7300033569336,118.33999633789062,105.66999816894533,110.9499969482422,112.75,-0.022055036857571264,-0.02230188543630371,111.84399871826172,112.7942850022089,22.280000686645508,3380.35009765625
2020-08-13,115.18000030517578,115.7300033569336,105.83999633789062,112.16000366210938,113.70999908447266,-0.004752467258308912,-0.004763796138502357,113.71199951171874,112.86428506033761,22.1299991607666,3373.429931640625
2020-08-14,114.3499984741211,115.18000030517578,108.18000030517578,112.04000091552734,115.62000274658205,-0.007206128050491034,-0.007232217603226085,114.94599914550781,112.8038086664109,22.049999237060547,3372.85009765625
2020-08-17,110.3499984741211,114.3499984741211,111.12999725341795,111.0199966430664,117.97000122070312,-0.03498032403476814,-0.03560678824973968,114.78999938964844,112.44095139276413,21.350000381469727,3381.989990234375
2020-08-18,112.58999633789062,110.3499984741211,118.33999633789062,109.0,112.51000213623048,0.02029902940410877,0.020095750413860344,113.63999938964844,112.44476064046223,21.510000228881836,3389.780029296875
2020-08-19,114.72000122070312,112.58999633789062,115.7300033569336,105.66999816894533,115.45999908447266,0.01891824275773324,0.018741518203051744,113.43799896240235,112.4095226469494,22.540000915527344,3374.85009765625
2020-08-20,112.98999786376952,114.72000122070312,115.18000030517578,105.83999633789062,112.83999633789062,-0.015080224359528716,-0.015195087177240784,112.9999984741211,112.41666557675316,22.719999313354492,3385.510009765625
2020-08-21,111.25,112.98999786376952,114.3499984741211,108.18000030517578,116.6999969482422,-0.01539957426910843,-0.015519379268437479,112.37999877929687,112.15714191255115,22.540000915527344,3397.159912109375
2020-08-24,108.25,111.25,110.3499984741211,111.12999725341795,117.22000122070312,-0.026966292134831482,-0.027336554163750387,111.95999908447266,111.72999899727958,22.3700008392334,3431.280029296875
2020-08-25,103.87999725341795,108.25,112.58999633789062,118.33999633789062,112.70999908447266,-0.040369540384129765,-0.04120700652800228,110.21799926757812,111.3095227196103,22.030000686645508,3443.6201171875
2020-08-26,105.8000030517578,103.87999725341795,114.72000122070312,115.7300033569336,113.87999725341795,0.01848292115041117,0.018314187914193376,108.43399963378906,110.92476109095982,23.270000457763672,3478.72998046875
2020-08-27,114.73999786376952,105.8000030517578,112.98999786376952,115.18000030517578,110.9499969482422,0.08449900334727056,0.08111813228692442,108.78399963378904,111.10523732503255,24.469999313354492,3484.550048828125
2020-08-28,111.55999755859376,114.73999786376952,111.25,114.3499984741211,112.16000366210938,-0.02771483671240227,-0.028106139680670546,108.84599914550782,111.07666560581752,22.959999084472656,3508.010009765625
2020-08-31,119.01000213623048,111.55999755859376,108.25,110.3499984741211,112.04000091552734,0.06678025045423475,0.06464500026931229,110.99799957275391,111.40857042585101,26.40999984741211,3500.31005859375
2020-09-01,120.0999984741211,119.01000213623048,103.87999725341795,112.58999633789062,111.0199966430664,0.009158863274726148,0.009117175236511147,114.24199981689453,111.84095146542504,26.1200008392334,3526.64990234375
2020-09-02,122.01000213623048,120.0999984741211,105.8000030517578,114.72000122070312,109.0,0.015903444516037535,0.015778309715025616,117.48399963378907,112.46047537667411,26.56999969482422,3580.840087890625
2020-09-03,132.91000366210938,122.01000213623048,114.73999786376952,112.98999786376952,105.66999816894533,0.08933695053712465,0.08556920889064959,121.11800079345703,113.7576184953962,33.599998474121094,3455.06005859375
2020-09-04,122.13999938964844,132.91000366210938,111.55999755859376,111.25,105.83999633789062,-0.08103230739381362,-0.08450431218870162,123.23400115966797,114.53380911690849,30.75,3426.9599609375
2020-09-08,123.55999755859376,122.13999938964844,119.01000213623048,108.25,108.18000030517578,0.011625988014092536,0.011558925493667181,124.14400024414063,115.26618993849982,31.459999084472656,3331.840087890625
2020-09-09,121.54000091552734,123.55999755859376,120.0999984741211,103.87999725341795,111.12999725341795,-0.016348305948359343,-0.016483414051575,124.43200073242187,115.76190439860027,28.809999465942383,3398.9599609375
2020-09-10,120.58000183105467,121.54000091552734,122.01000213623048,105.8000030517578,118.33999633789062,-0.007898626602281245,-0.007929985993281435,124.14600067138672,115.86857132684617,29.709999084472656,3339.18994140625
2020-09-11,113.9499969482422,120.58000183105467,132.91000366210938,114.73999786376952,115.7300033569336,-0.05498428248576248,-0.05655371933651087,120.35399932861328,115.78380911690849,26.8700008392334,3340.969970703125
2020-09-14,111.2699966430664,113.9499969482422,122.13999938964844,111.55999755859376,115.18000030517578,-0.023519090627032613,-0.023800078909793018,118.17999877929688,115.59761846633185,25.850000381469727,3383.5400390625
2020-09-15,108.97000122070312,111.2699966430664,123.55999755859376,119.01000213623048,114.3499984741211,-0.02067040075269566,-0.02088702380935929,115.26199951171876,115.34142812093098,25.59000015258789,3401.199951171875
2020-09-16,103.4800033569336,108.97000122070312,121.54000091552734,120.0999984741211,110.3499984741211,-0.0503808185947463,-0.05169423643275153,111.65,115.01428549630302,26.040000915527344,3385.489990234375
2020-09-17,100.37000274658205,103.4800033569336,120.58000183105467,122.01000213623048,112.58999633789062,-0.030054121660821997,-0.03051500456795746,107.60800018310547,114.43238103957404,26.459999084472656,3357.010009765625
2020-09-18,101.19000244140624,100.37000274658205,113.9499969482422,132.91000366210938,114.72000122070312,0.008169768580106096,0.008136576678339788,105.05600128173828,113.78809538341704,25.829999923706055,3319.469970703125
2020-09-21,108.73999786376952,101.19000244140624,111.2699966430664,122.13999938964844,112.98999786376952,0.07461206878352522,0.0719597302038494,104.55000152587891,113.58571443103608,27.780000686645508,3281.06005859375
2020-09-22,104.69000244140624,108.73999786376952,108.97000122070312,123.55999755859376,111.25,-0.0372447627545216,-0.03795606642086746,103.69400177001953,113.27333359491257,26.860000610351562,3315.570068359375
2020-09-23,107.3499984741211,104.69000244140624,103.4800033569336,121.54000091552734,108.25,0.025408309969269682,0.025090884459132115,104.46800079345704,113.23047637939453,28.579999923706055,3236.919921875
2020-09-24,102.26000213623048,107.3499984741211,100.37000274658205,120.58000183105467,103.87999725341795,-0.047414964231393575,-0.04857589956869437,104.84600067138672,113.15333375476655,28.510000228881836,3246.590087890625
2020-09-25,99.63999938964844,102.26000213623048,101.19000244140624,113.9499969482422,105.8000030517578,-0.02562099248826233,-0.025954926273627645,104.53600006103515,112.86000024704705,26.3799991607666,3298.4599609375
2020-09-28,101.8499984741211,99.63999938964844,108.73999786376952,111.2699966430664,114.73999786376952,0.022179838398335594,0.021937443422773834,103.15800018310547,112.2461907523019,26.190000534057617,3351.60009765625
2020-09-29,96.93000030517578,101.8499984741211,104.69000244140624,108.97000122070312,111.55999755859376,-0.04830631558816789,-0.04951205603825508,101.60599975585937,111.54952421642486,26.270000457763672,3335.469970703125
2020-09-30,101.58000183105467,96.93000030517578,107.3499984741211,103.4800033569336,119.01000213623048,0.04797277944123346,0.0468576117459081,100.45200042724609,110.71952420189267,26.3700008392334,3363.0
2020-10-01,101.0,101.58000183105467,102.26000213623048,100.37000274658205,120.0999984741211,-0.0057098033136415705,-0.00572616655757937,100.2,109.81000046502976,26.700000762939453,3380.800048828125
2020-10-02,102.72000122070312,101.0,99.63999938964844,101.19000244140624,122.01000213623048,0.017029715056466666,0.016886334984183706,100.81600036621094,108.89142899286179,27.6299991607666,3348.419921875
2020-10-05,103.22000122070312,102.72000122070312,101.8499984741211,108.73999786376952,132.91000366210938,0.004867601188260462,0.0048557927213647946,101.09000091552734,107.47761935279483,27.959999084472656,3408.60009765625
2020-10-06,106.13999938964844,103.22000122070312,96.93000030517578,104.69000244140624,122.13999938964844,0.0282890731874903,0.027896327102502397,102.93200073242187,106.71571459089007,29.479999542236328,3360.969970703125
2020-10-07,104.19000244140624,106.13999938964844,101.58000183105467,107.3499984741211,123.55999755859376,-0.018371932913656908,-0.01854279279296714,103.4540008544922,105.79333387102399,28.059999465942383,3419.43994140625
2020-10-08,104.8000030517578,104.19000244140624,101.0,102.26000213623048,121.54000091552734,0.005854694270639005,0.0058376221504246005,104.21400146484375,104.9961911156064,26.360000610351562,3446.830078125
2020-10-09,109.22000122070312,104.8000030517578,102.72000122070312,99.63999938964844,120.58000183105467,0.042175553819043365,0.04131040689379289,105.51400146484374,104.45523870558966,25.0,3477.139892578125
2020-10-12,109.68000030517578,109.22000122070312,103.22000122070312,101.8499984741211,113.9499969482422,0.004211674412483601,0.004202830135917972,106.80600128173828,104.2519055321103,25.06999969482422,3534.219970703125
2020-10-13,110.97000122070312,109.68000030517578,106.13999938964844,96.93000030517578,111.2699966430664,0.011761496279522499,0.011692867476292284,107.77200164794922,104.2376200358073,26.06999969482422,3511.929931640625
2020-10-14,116.93000030517578,110.97000122070312,104.19000244140624,101.58000183105467,108.97000122070312,0.05370820058494097,0.05231556224935793,110.32000122070312,104.61666761125836,26.399999618530273,3488.669921875
2020-10-15,117.58999633789062,116.93000030517578,104.8000030517578,101.0,103.4800033569336,0.005644368690604029,0.005628498930161352,112.87799987792968,105.288572038923,26.969999313354492,3483.340087890625
2020-10-16,115.91999816894533,117.58999633789062,109.22000122070312,102.72000122070312,100.37000274658205,-0.014201872786411385,-0.014303684475710855,114.21799926757812,106.02904801141648,27.40999984741211,3483.81005859375
2020-10-19,119.76000213623048,115.91999816894533,109.68000030517578,103.22000122070312,101.19000244140624,0.03312632874345467,0.03258947573238951,116.23399963378907,106.91333371117001,29.18000030517578,3426.919921875
2020-10-20,119.58999633789062,119.76000213623048,110.97000122070312,106.13999938964844,108.73999786376952,-0.0014195540690327135,-0.0014205625904569529,117.95799865722657,107.43000030517578,29.350000381469727,3443.1201171875
2020-10-21,117.47000122070312,119.58999633789062,116.93000030517578,104.19000244140624,104.69000244140624,-0.017727194431862436,-0.017886203131101175,118.06599884033203,108.03857167561848,28.649999618530273,3435.56005859375
2020-10-22,118.5999984741211,117.47000122070312,117.58999633789062,104.8000030517578,107.3499984741211,0.00961945383225915,0.009573481470456526,118.26799926757812,108.57428596133278,28.110000610351562,3453.489990234375
2020-10-23,118.94000244140624,118.5999984741211,115.91999816894533,109.22000122070312,102.26000213623048,0.0028668125772306485,0.0028627111069487263,118.87200012207032,109.36857169015067,27.549999237060547,3465.389892578125
2020-10-26,133.0800018310547,118.94000244140624,119.76000213623048,109.68000030517578,99.63999938964844,0.11888346308563658,0.11233128010451254,121.53600006103515,110.96095275878906,32.459999084472656,3400.969970703125
2020-10-27,135.32000732421875,133.0800018310547,119.58999633789062,110.97000122070312,101.8499984741211,0.016832021809014996,0.016691933128353577,124.68200225830078,112.5547627040318,33.349998474121094,3390.679931640625
2020-10-28,152.00999450683594,135.32000732421875,117.47000122070312,116.93000030517578,96.93000030517578,0.12333717321363258,0.1163038739813859,131.59000091552736,115.17761957077752,40.279998779296875,3271.030029296875
2020-10-29,147.83999633789062,152.00999450683594,118.5999984741211,117.58999633789062,101.58000183105467,-0.02743239470847947,-0.027815688896455394,137.43800048828126,117.38047645205543,37.59000015258789,3310.110107421875
2020-10-30,145.24000549316406,147.83999633789062,118.94000244140624,115.91999816894533,101.0,-0.01758651859530791,-0.017742998755188633,142.6980010986328,119.48714338030133,38.02000045776367,3269.9599609375
2020-11-02,142.64999389648438,145.24000549316406,133.0800018310547,119.76000213623048,102.72000122070312,-0.017832632186189135,-0.01799354949456556,144.61199951171875,121.38857160295758,37.130001068115234,3310.239990234375
2020-11-03,136.27999877929688,142.64999389648438,135.32000732421875,119.58999633789062,103.22000122070312,-0.04465471706791635,-0.04568245103740906,144.8039978027344,122.96285720098587,35.54999923706055,3369.159912109375
2020-11-04,122.12000274658205,136.27999877929688,152.00999450683594,117.47000122070312,106.13999938964844,-0.10390369943902555,-0.10970739347792677,138.82599945068358,123.72380974179222,29.56999969482422,3443.43994140625
2020-11-05,117.68000030517578,122.12000274658205,147.83999633789062,118.5999984741211,104.19000244140624,-0.036357700143685334,-0.03703511147107214,132.79400024414062,124.36619059244792,27.579999923706055,3510.449951171875
2020-11-06,113.12999725341795,117.68000030517578,145.24000549316406,118.94000244140624,104.8000030517578,-0.03866419986368497,-0.03943150322618017,126.3719985961914,124.76285698300316,24.860000610351562,3509.43994140625
2020-11-09,116.77999877929688,113.12999725341795,142.64999389648438,133.0800018310547,109.22000122070312,0.03226378161843946,0.03175423674210641,121.1979995727539,125.12285686674572,25.75,3550.5
2020-11-10,116.0500030517578,116.77999877929688,136.27999877929688,135.32000732421875,109.68000030517578,-0.006251033868553968,-0.0062706533850085,117.1520004272461,125.42619033086868,24.799999237060547,3545.530029296875
2020-11-11,118.31999969482422,116.0500030517578,122.12000274658205,152.00999450683594,110.97000122070312,0.019560504811482193,0.019371656805935864,116.39199981689453,125.77619025820778,23.450000762939453,3572.659912109375
2020-11-12,121.56999969482422,118.31999969482422,117.68000030517578,147.83999633789062,116.93000030517578,0.02746788377605247,0.027097410234110504,117.16999969482421,125.99714261009579,25.350000381469727,3537.010009765625
2020-11-13,114.38999938964844,121.56999969482422,113.12999725341795,145.24000549316406,117.58999633789062,-0.05906062616763719,-0.06087656885553929,117.42200012207032,125.84476180303665,23.100000381469727,3585.14990234375
2020-11-16,115.0,114.38999938964844,116.77999877929688,142.64999389648438,115.91999816894533,0.0053326393356616375,0.005318471161375245,117.06600036621094,125.8009523664202,22.450000762939453,3626.909912109375
2020-11-17,116.25,115.0,116.0500030517578,136.27999877929688,119.76000213623048,0.010869565217391353,0.010810916104215676,117.10599975585937,125.63380940755208,22.709999084472656,3609.530029296875
2020-11-18,117.9000015258789,116.25,118.31999969482422,122.12000274658205,119.58999633789062,0.014193561512936936,0.014093776018004664,117.02200012207031,125.55333346412296,23.84000015258789,3567.7900390625
2020-11-19,114.1500015258789,117.9000015258789,121.56999969482422,117.68000030517578,117.47000122070312,-0.03180661536443563,-0.032323434142351726,115.53800048828126,125.39523824055989,23.110000610351562,3581.8701171875
2020-11-20,113.98999786376952,114.1500015258789,114.38999938964844,113.12999725341795,118.5999984741211,-0.001401696539383046,-0.0014026798349393674,115.45800018310547,125.17571440197173,23.700000762939453,3557.5400390625
2020-11-23,109.8499984741211,113.98999786376952,115.0,116.77999877929688,118.94000244140624,-0.03631897067491985,-0.036994921568128204,114.4279998779297,124.74285707019624,22.65999984741211,3577.590087890625
2020-11-24,104.55999755859376,109.8499984741211,116.25,116.0500030517578,133.0800018310547,-0.04815658615392304,-0.049354738973417536,112.08999938964844,123.38476162865048,21.639999389648438,3635.409912109375
2020-11-25,103.45999908447266,104.55999755859376,117.9000015258789,118.31999969482422,135.32000732421875,-0.010520261092246908,-0.010575990240359207,109.20199890136719,121.86761837913876,21.25,3629.64990234375
2020-11-27,106.12000274658205,103.45999908447266,114.1500015258789,121.56999969482422,152.00999450683594,0.02571045510968495,0.025385499425115424,107.59599914550782,119.68238067626953,20.84000015258789,3638.35009765625
2020-11-30,106.12000274658205,106.12000274658205,113.98999786376952,114.38999938964844,147.83999633789062,0.0,0.0,106.02200012207031,117.69571431477864,20.56999969482422,3621.6298828125
2020-12-01,108.43000030517578,106.12000274658205,109.8499984741211,115.0,145.24000549316406,0.02176778645690458,0.021534251147196554,105.73800048828124,115.94285692487445,20.770000457763672,3662.449951171875
2020-12-02,107.5199966430664,108.43000030517578,104.55999755859376,116.25,142.64999389648438,-0.008392545047940403,-0.008427960745228091,106.33000030517579,114.26999991280692,21.170000076293945,3669.010009765625
2020-12-03,107.88999938964844,107.5199966430664,103.45999908447266,117.9000015258789,136.27999877929688,0.0034412458903838594,0.003435338352725168,107.21600036621093,112.91809517996651,21.280000686645508,3666.719970703125
2020-12-04,103.72000122070312,107.88999938964844,106.12000274658205,114.1500015258789,122.12000274658205,-0.03865046058518562,-0.039417211466403416,106.73600006103516,112.04190463111514,20.790000915527344,3699.1201171875
2020-12-07,104.41999816894533,103.72000122070312,106.12000274658205,113.98999786376952,117.68000030517578,0.006748909949901627,0.0067262380072477075,106.39599914550782,111.41047595796131,21.299999237060547,3691.9599609375
2020-12-08,102.81999969482422,104.41999816894533,108.43000030517578,109.8499984741211,113.12999725341795,-0.015322720764009312,-0.01544132678762759,105.2739990234375,110.91952369326637,20.68000030517578,3702.25
2020-12-09,113.93000030517578,102.81999969482422,107.5199966430664,104.55999755859376,116.77999877929688,0.1080529142513782,0.10260434372934976,106.55599975585938,110.78380948021298,22.270000457763672,3672.820068359375
2020-12-10,114.66000366210938,113.93000030517578,107.88999938964844,103.45999908447266,116.0500030517578,0.006407472614571974,0.006387032030443715,107.91000061035156,110.71761903308686,22.520000457763672,3668.10009765625
2020-12-11,120.7699966430664,114.66000366210938,103.72000122070312,106.12000274658205,118.31999969482422,0.05328791894131202,0.05191662307210162,111.31999969482422,110.83428555443173,23.309999465942383,3663.4599609375
2020-12-14,127.68000030517578,120.7699966430664,104.41999816894533,106.12000274658205,121.56999969482422,0.05721622798857706,0.0556392536004647,115.97200012207031,111.12523796444847,24.719999313354492,3647.489990234375
2020-12-15,119.11000061035156,127.68000030517578,102.81999969482422,108.43000030517578,114.38999938964844,-0.0671209247677047,-0.06947969507458227,119.23000030517578,111.3499999273391,22.889999389648438,3694.6201171875
2020-12-16,111.8499984741211,119.11000061035156,113.93000030517578,107.5199966430664,115.0,-0.060952078742576354,-0.0628887667231286,118.81399993896484,111.1999998546782,22.5,3701.169921875
2020-12-17,110.20999908447266,111.8499984741211,114.66000366210938,107.88999938964844,116.25,-0.014662489155311764,-0.0147710458976152,117.9239990234375,110.91238076346261,21.93000030517578,3722.47998046875
2020-12-18,110.3000030517578,110.20999908447266,120.7699966430664,103.72000122070312,117.9000015258789,0.0008166588152873633,0.0008163255309178055,115.83000030517579,110.55047607421875,21.56999969482422,3709.409912109375
2020-12-21,121.61000061035156,110.3000030517578,127.68000030517578,104.41999816894533,114.1500015258789,0.10253850630708139,0.09761525408458242,114.61600036621094,110.9057141258603,25.15999984741211,3694.919921875
2020-12-22,120.56999969482422,121.61000061035156,119.11000061035156,102.81999969482422,113.98999786376952,-0.008551935780837572,-0.008588713413723246,114.90800018310547,111.21904754638672,24.229999542236328,3687.260009765625
2020-12-23,118.30999755859376,120.56999969482422,111.8499984741211,113.93000030517578,109.8499984741211,-0.018744315683426716,-0.018922216968210417,116.2,111.62190464564732,23.309999465942383,3690.010009765625
2020-12-24,115.26000213623048,118.30999755859376,110.20999908447266,114.66000366210938,104.55999755859376,-0.025779693054703623,-0.026117813087365854,117.21000061035156,112.13142867315383,21.530000686645508,3703.06005859375
2020-12-28,114.4000015258789,115.26000213623048,110.3000030517578,120.7699966430664,103.45999908447266,-0.007461396793443598,-0.0074893722587345635,118.03000030517578,112.65238117036365,21.700000762939453,3735.360107421875
2020-12-29,116.2699966430664,114.4000015258789,121.61000061035156,127.68000030517578,106.12000274658205,0.0163461109462002,0.01621395152483562,116.96199951171874,113.13571421305339,23.079999923706055,3727.0400390625
2020-12-30,112.04000091552734,116.2699966430664,120.56999969482422,119.11000061035156,106.12000274658205,-0.03638080200969296,-0.03705908524529484,115.25599975585938,113.41761888776507,22.770000457763672,3732.0400390625
2020-12-31,111.86000061035156,112.04000091552734,118.30999755859376,111.8499984741211,108.43000030517578,-0.0016065717931534884,-0.0016078637135107144,113.96600036621093,113.58095223563058,22.75,3756.070068359375
2021-01-04,124.6500015258789,111.86000061035156,115.26000213623048,110.20999908447266,107.5199966430664,0.11433936032308356,0.10826172736104374,115.84400024414063,114.39666675385975,26.969999313354492,3700.64990234375
2021-01-05,120.06999969482422,124.6500015258789,114.4000015258789,110.3000030517578,107.88999938964844,-0.03674289430396693,-0.037434918709895966,116.97799987792969,114.97666676839192,25.34000015258789,3726.860107421875
2021-01-06,119.9000015258789,120.06999969482422,116.2699966430664,121.61000061035156,103.72000122070312,-0.0014158255132621367,-0.0014168287412464643,117.7040008544922,115.7471429734003,25.06999969482422,3748.139892578125
2021-01-07,109.37999725341795,119.9000015258789,112.04000091552734,120.56999969482422,104.41999816894533,-0.08773981766956307,-0.09183004195156423,117.17200012207032,115.98333340599423,22.3700008392334,3803.7900390625
2021-01-08,111.0,109.37999725341795,111.86000061035156,118.30999755859376,102.81999969482422,0.014810776990867192,0.01470216850416709,117.0,116.37285723005023,21.559999465942383,3824.679931640625
2021-01-11,118.8000030517578,111.0,124.6500015258789,115.26000213623048,113.93000030517578,0.07027029776358384,0.06791123130440711,115.83000030517579,116.6047621227446,24.079999923706055,3799.610107421875
2021-01-12,115.79000091552734,118.8000030517578,120.06999969482422,114.4000015258789,114.66000366210938,-0.025336717667583608,-0.025663219085768456,114.9740005493164,116.6585715157645,23.329999923706055,3801.18994140625
2021-01-13,117.76000213623048,115.79000091552734,119.9000015258789,116.2699966430664,120.7699966430664,0.017013569437142717,0.0168704595901374,114.54600067138672,116.51523844401042,22.209999084472656,3809.840087890625
2021-01-14,122.77999877929688,117.76000213623048,109.37999725341795,112.04000091552734,127.68000030517578,0.042629046807073134,0.041745452936041746,117.2260009765625,116.28190503801618,23.25,3795.5400390625
2021-01-15,124.25,122.77999877929688,111.0,111.86000061035156,119.11000061035156,0.011972644040708413,0.011901538919586395,119.8760009765625,116.52666691371373,24.34000015258789,3768.25
2021-01-19,120.70999908447266,124.25,118.8000030517578,124.6500015258789,111.8499984741211,-0.02849095304247362,-0.028904697848221916,120.25800018310547,116.94857170468285,23.239999771118164,3798.909912109375
2021-01-20,114.16999816894533,120.70999908447266,115.79000091552734,120.06999969482422,110.20999908447266,-0.05417944631869853,-0.055702417478247425,119.93399963378906,117.13714308965774,21.579999923706055,3851.85009765625
2021-01-21,112.58999633789062,114.16999816894533,117.76000213623048,119.9000015258789,110.3000030517578,-0.013839028259566621,-0.013935680361292722,118.89999847412109,117.24619038899739,21.31999969482422,3853.070068359375
2021-01-25,116.62999725341795,112.58999633789062,122.77999877929688,109.37999725341795,121.61000061035156,0.03588241448559071,0.035253637864449,117.66999816894531,117.00904737200055,23.190000534057617,3855.360107421875
2021-01-26,115.30999755859376,116.62999725341795,124.25,111.0,120.56999969482422,-0.01131784040049355,-0.011382374542946076,115.88199768066406,116.75857107979911,23.020000457763672,3849.6201171875
2021-01-27,157.69000244140625,115.30999755859376,120.70999908447266,118.8000030517578,118.30999755859376,0.3675310535088465,0.31300696328933136,123.27799835205079,118.63380940755208,37.209999084472656,3750.77001953125
2021-01-28,133.22000122070312,157.69000244140625,114.16999816894533,115.79000091552734,115.26000213623048,-0.1551778859905566,-0.16862918975171504,127.08799896240234,119.48904745919364,30.209999084472656,3787.3798828125
2021-01-29,137.3300018310547,133.22000122070312,112.58999633789062,117.76000213623048,114.4000015258789,0.030851227838848416,0.030384895727341262,132.03600006103517,120.58095223563058,33.09000015258789,3714.239990234375
2021-02-01,129.44000244140625,137.3300018310547,116.62999725341795,122.77999877929688,116.2699966430664,-0.05745284558690111,-0.05916932970395837,134.5980010986328,121.20809536888486,30.239999771118164,3773.860107421875
2021-02-02,119.0999984741211,129.44000244140625,115.30999755859376,124.25,112.04000091552734,-0.0798826002183195,-0.08325400862196942,135.3560012817383,121.5442857288179,25.559999465942383,3826.31005859375
2021-02-03,111.02999877929688,119.0999984741211,157.69000244140625,120.70999908447266,111.86000061035156,-0.0677581847037364,-0.07016303947768848,126.02400054931641,121.50476183210101,22.90999984741211,3830.169921875
2021-02-04,108.47000122070312,111.02999877929688,133.22000122070312,114.16999816894533,124.6500015258789,-0.023056809751772267,-0.023326775765862475,121.07400054931641,120.73428562709263,21.770000457763672,3871.739990234375
2021-02-05,107.63999938964844,108.47000122070312,137.3300018310547,112.58999633789062,120.06999969482422,-0.007651902108546049,-0.007681328117557165,115.13600006103516,120.1423808506557,20.8700008392334,3886.830078125
2021-02-08,106.61000061035156,107.63999938964844,129.44000244140625,116.62999725341795,119.9000015258789,-0.009568922195626883,-0.009614998500929554,110.56999969482422,119.509523664202,21.239999771118164,3915.590087890625
2021-02-09,108.13999938964844,106.61000061035156,119.0999984741211,115.30999755859376,109.37999725341795,0.014351362635188991,0.014249356622300745,108.37799987792968,119.45047614687965,21.6299991607666,3911.22998046875
2021-02-10,114.93000030517578,108.13999938964844,111.02999877929688,157.69000244140625,111.0,0.06278898607222771,0.06089657172621425,109.15800018310547,119.63761901855469,21.989999771118164,3909.8798828125
2021-02-11,116.22000122070312,114.93000030517578,108.47000122070312,133.22000122070312,118.8000030517578,0.011224231376507188,0.011161707114355941,110.70800018310547,119.51476178850446,21.25,3916.3798828125
2021-02-12,118.58999633789062,116.22000122070312,107.63999938964844,137.3300018310547,115.79000091552734,0.020392317090815126,0.020187177945938207,112.8979995727539,119.6480949038551,19.969999313354492,3934.830078125
2021-02-16,124.66000366210938,118.58999633789062,106.61000061035156,129.44000244140625,117.76000213623048,0.051184817536580995,0.0499179256612036,116.50800018310547,119.97666640508743,21.459999084472656,3932.590087890625
2021-02-18,121.0500030517578,124.66000366210938,108.13999938964844,119.0999984741211,122.77999877929688,-0.028958771893962676,-0.029386352162695594,119.09000091552734,119.894285656157,22.489999771118164,3913.969970703125
2021-02-19,117.4499969482422,121.0500030517578,114.93000030517578,111.02999877929688,124.25,-0.029739826623352728,-0.03019102347333047,119.59400024414063,119.57047598702567,22.049999237060547,3906.7099609375
2021-02-22,117.05999755859376,117.4499969482422,116.22000122070312,108.47000122070312,120.70999908447266,-0.003320556830838428,-0.003326082114407821,119.76199951171876,119.39666639055524,23.450000762939453,3876.5
2021-02-23,112.77999877929688,117.05999755859376,118.58999633789062,107.63999938964844,114.16999816894533,-0.036562436943111676,-0.037247595451769394,118.6,119.33047594342914,23.110000610351562,3881.3701171875
2021-02-24,109.5999984741211,112.77999877929688,124.66000366210938,106.61000061035156,112.58999633789062,-0.02819649175026895,-0.02860164696361846,115.58799896240234,119.18809509277344,21.34000015258789,3925.429931640625
2021-02-25,127.83000183105467,109.5999984741211,121.0500030517578,108.13999938964844,116.62999725341795,0.16633214973299548,0.15386390991240692,116.94399871826172,119.72142864408947,28.889999389648438,3829.340087890625
2021-02-26,124.95999908447266,127.83000183105467,117.4499969482422,114.93000030517578,115.30999755859376,-0.02245171482024333,-0.02270759173925662,118.44599914550781,120.18095252627418,27.950000762939453,3811.14990234375
2021-03-01,114.94000244140624,124.95999908447266,117.05999755859376,116.22000122070312,157.69000244140625,-0.0801856331344315,-0.08358340444451577,118.02200012207031,118.14523824055989,23.350000381469727,3901.820068359375
2021-03-02,114.91999816894533,114.94000244140624,112.77999877929688,118.58999633789062,133.22000122070312,-0.0001740409956151323,-0.00017405614250668854,118.45,117.27380952380952,24.100000381469727,3870.2900390625
2021-03-03,121.2300033569336,114.91999816894533,109.5999984741211,124.66000366210938,137.3300018310547,0.054907807940545394,0.0534533772713194,120.7760009765625,116.50714292980376,26.670000076293945,3819.719970703125
2021-03-04,124.62000274658205,121.2300033569336,127.83000183105467,121.0500030517578,129.44000244140625,0.027963369593147602,0.027579533706623274,120.13400115966797,116.27761913481213,28.56999969482422,3768.469970703125
2021-03-05,116.20999908447266,124.62000274658205,124.95999908447266,117.4499969482422,119.0999984741211,-0.0674851827696662,-0.06987023779916515,118.38400115966797,116.14000011625744,24.65999984741211,3841.93994140625
2021-03-08,114.62000274658205,116.20999908447266,114.94000244140624,117.05999755859376,111.02999877929688,-0.01368209577847812,-0.013776558270473785,118.32000122070312,116.31095268612816,25.469999313354492,3821.35009765625
2021-03-09,108.70999908447266,114.62000274658205,114.91999816894533,112.77999877929688,108.47000122070312,-0.05156171279437194,-0.05293855529192459,117.0780014038086,116.32238115583148,24.030000686645508,3875.43994140625
2021-03-10,114.68000030517578,108.70999908447266,121.2300033569336,109.5999984741211,107.63999938964844,0.05491676268035062,0.053461865882107204,115.76800079345703,116.6576192946661,22.559999465942383,3898.81005859375
2021-03-11,112.87000274658205,114.68000030517578,124.62000274658205,127.83000183105467,106.61000061035156,-0.01578302715187596,-0.015908905374710968,113.41800079345703,116.95571463448661,21.90999984741211,3939.340087890625
2021-03-12,111.7300033569336,112.87000274658205,116.20999908447266,124.95999908447266,108.13999938964844,-0.010100109523413447,-0.01015146169726788,112.52200164794922,117.12666720435733,20.690000534057617,3943.340087890625
2021-03-15,110.48999786376952,111.7300033569336,114.62000274658205,114.94000244140624,114.93000030517578,-0.011098231951204185,-0.011160276813366279,111.69600067138671,116.91523851667132,20.030000686645508,3968.93994140625
2021-03-16,113.7300033569336,110.48999786376952,108.70999908447266,114.91999816894533,116.22000122070312,0.029323971000152493,0.02890224792211552,112.7000015258789,116.79666718982514,19.790000915527344,3962.7099609375
2021-03-17,109.9000015258789,113.7300033569336,114.68000030517578,121.2300033569336,118.58999633789062,-0.03367626587536887,-0.034256372419222574,111.74400177001954,116.38285791306268,19.229999542236328,3974.1201171875
2021-03-18,117.8000030517578,109.9000015258789,112.87000274658205,124.62000274658205,124.66000366210938,0.07188354336845593,0.06941742182992507,112.7300018310547,116.05619121733166,21.579999923706055,3915.4599609375
2021-03-19,115.9499969482422,117.8000030517578,111.7300033569336,116.20999908447266,121.0500030517578,-0.015704635446424864,-0.01582925974181033,113.57400054931641,115.81333378383091,20.950000762939453,3913.10009765625
2021-03-22,108.62999725341795,115.9499969482422,110.48999786376952,114.62000274658205,117.4499969482422,-0.06313065879675483,-0.06521145022010578,113.20200042724609,115.3933337983631,18.8799991607666,3940.590087890625
2021-03-23,111.69000244140624,108.62999725341795,113.7300033569336,108.70999908447266,117.05999755859376,0.028169062555067015,0.02777961124967402,112.79400024414062,115.13761974516369,20.299999237060547,3910.52001953125
2021-03-24,110.66999816894533,111.69000244140624,109.9000015258789,114.68000030517578,112.77999877929688,-0.00913245814455066,-0.009174414679989445,112.9479995727539,115.03714352562314,21.200000762939453,3889.139892578125
2021-03-25,104.75,110.66999816894533,117.8000030517578,112.87000274658205,109.5999984741211,-0.053492349027674524,-0.05497622492927027,110.33799896240234,114.80619121733166,19.809999465942383,3909.52001953125
2021-03-26,103.26000213623048,104.75,115.9499969482422,111.7300033569336,127.83000183105467,-0.014224323281809226,-0.014326458662864324,107.8,113.63619123186383,18.860000610351562,3974.5400390625
2021-03-29,105.83999633789062,103.26000213623048,108.62999725341795,110.48999786376952,124.95999908447266,0.024985416892170598,0.02467838506688818,107.24199981689453,112.72571491059803,20.739999771118164,3971.090087890625
2021-03-30,101.9000015258789,105.83999633789062,111.69000244140624,113.7300033569336,114.94000244140624,-0.03722595378247573,-0.03793653000331411,105.28399963378907,112.10476248604911,19.610000610351562,3958.550048828125
2021-03-31,100.04000091552734,101.9000015258789,110.66999816894533,109.9000015258789,114.91999816894533,-0.018253195117756582,-0.018421840041925736,103.15800018310547,111.3961911882673,19.399999618530273,3972.889892578125
2021-04-01,98.97000122070312,100.04000091552734,104.75,117.8000030517578,121.2300033569336,-0.010695718562894752,-0.01075332891835914,102.00200042724609,110.33619108654204,17.329999923706055,4019.8701171875
2021-04-05,99.23999786376952,98.97000122070312,103.26000213623048,115.9499969482422,124.62000274658205,0.0027280654717209973,0.002724351055026409,101.1979995727539,109.12761942545573,17.90999984741211,4077.909912109375
2021-04-06,99.05999755859376,99.23999786376952,105.83999633789062,108.62999725341795,116.20999908447266,-0.0018137878783799355,-0.001815434783339276,99.84199981689453,108.31095268612816,18.1200008392334,4073.93994140625
2021-04-07,97.08999633789062,99.05999755859376,101.9000015258789,111.69000244140624,114.62000274658205,-0.019886950022766636,-0.02008735685101444,98.87999877929687,107.47619047619048,17.15999984741211,4079.949951171875
2021-04-08,100.72000122070312,97.08999633789062,100.04000091552734,110.66999816894533,108.70999908447266,0.037388042226095486,0.03670605619251602,99.01599884033203,107.09571438743954,16.950000762939453,4097.169921875
2021-04-09,102.05999755859376,100.72000122070312,98.97000122070312,104.75,114.68000030517578,0.013304173169680134,0.013216449858680531,99.63399810791017,106.49476187569755,16.690000534057617,4128.7998046875
2021-04-12,102.08000183105467,102.05999755859376,99.23999786376952,103.26000213623048,112.87000274658205,0.00019600502586158974,0.00019598581938617772,100.20199890136719,105.98095230829148,16.90999984741211,4127.990234375
2021-04-13,100.44000244140624,102.08000183105467,99.05999755859376,105.83999633789062,111.7300033569336,-0.016065824453673883,-0.016196278937432324,100.47799987792969,105.44333321707589,16.649999618530273,4141.58984375
2021-04-14,107.47000122070312,100.44000244140624,97.08999633789062,101.9000015258789,110.48999786376952,0.06999202119093928,0.06765119161511464,102.55400085449219,105.29952385312035,16.989999771118164,4124.66015625
2021-04-15,108.66000366210938,107.47000122070312,100.72000122070312,100.04000091552734,113.7300033569336,0.011072880132963148,0.011012024614227508,104.14200134277344,105.05809529622395,16.56999969482422,4170.419921875
2021-04-16,107.8000030517578,108.66000366210938,102.05999755859376,98.97000122070312,109.9000015258789,-0.007914601337819294,-0.007946088041499214,105.29000244140624,104.95809536888486,16.25,4185.47021484375
2021-04-19,111.9000015258789,107.8000030517578,102.08000183105467,99.23999786376952,117.8000030517578,0.038033379944827805,0.037327942169635364,107.25400238037109,104.67714291527157,17.290000915527344,4163.259765625
2021-04-20,116.37000274658205,111.9000015258789,100.44000244140624,99.05999755859376,115.9499969482422,0.03994639106121345,0.03916916476816059,110.44000244140625,104.69714319138299,18.68000030517578,4134.93994140625
2021-04-21,112.9000015258789,116.37000274658205,107.47000122070312,97.08999633789062,108.62999725341795,-0.029818691576898315,-0.030272309051204083,111.5260025024414,104.90047672816685,17.5,4173.419921875
2021-04-22,116.0500030517578,112.9000015258789,108.66000366210938,100.72000122070312,111.69000244140624,0.027900810303858492,0.027518674346437764,113.00400238037109,105.10809580485027,18.709999084472656,4134.97998046875
2021-04-23,108.36000061035156,116.0500030517578,107.8000030517578,102.05999755859376,110.66999816894533,-0.06626456044104134,-0.06856213616784544,113.11600189208984,104.9980959211077,17.329999923706055,4180.169921875
2021-04-26,104.01000213623048,108.36000061035156,111.9000015258789,102.08000183105467,104.75,-0.040143950254883376,-0.04097195394577794,111.53800201416016,104.96285792759487,17.639999389648438,4187.6201171875
2021-04-27,103.38999938964844,104.01000213623048,116.37000274658205,100.44000244140624,103.26000213623048,-0.0059609915762715016,-0.005978829208533403,108.94200134277344,104.96904827299572,17.559999465942383,4186.72021484375
2021-04-28,104.77999877929688,103.38999938964844,112.9000015258789,107.47000122070312,105.83999633789062,0.013444234431319702,0.01335466263470863,107.31800079345703,104.91857219877697,17.280000686645508,4183.18017578125
2021-04-29,105.45999908447266,104.77999877929688,116.0500030517578,108.66000366210938,101.9000015258789,0.006489791115650734,0.006468823091128155,105.2,105.08809589204334,17.610000610351562,4211.47021484375
2021-04-30,109.22000122070312,105.45999908447266,108.36000061035156,107.8000030517578,100.04000091552734,0.03565334884195037,0.035032482479512746,105.37200012207032,105.52523876371838,18.610000610351562,4181.169921875
2021-05-03,108.31999969482422,109.22000122070312,104.01000213623048,111.9000015258789,98.97000122070312,-0.008240262917231234,-0.008274401553949772,106.23399963378907,105.97047678629558,18.309999465942383,4192.66015625
2021-05-04,111.22000122070312,108.31999969482422,103.38999938964844,116.37000274658205,99.23999786376952,0.02677254001153284,0.026420426388379034,107.8,106.54095313662575,19.479999542236328,4164.66015625
2021-05-06,108.38999938964844,111.22000122070312,104.77999877929688,112.9000015258789,99.05999755859376,-0.025445080021523125,-0.025774404538400367,108.52200012207031,106.98523893810454,18.389999389648438,4201.6201171875
2021-05-07,107.02999877929688,108.38999938964844,105.45999908447266,116.0500030517578,97.08999633789062,-0.012547288661406197,-0.012626670605548087,108.83600006103515,107.45857238769531,16.690000534057617,4232.60009765625
2021-05-10,114.0999984741211,107.02999877929688,109.22000122070312,108.36000061035156,100.72000122070312,0.06605624381443786,0.06396608590381657,109.81199951171875,108.09571511404855,19.65999984741211,4188.43017578125
2021-05-12,146.27999877929688,114.0999984741211,108.31999969482422,104.01000213623048,102.05999755859376,0.28203331056550796,0.24844734144134614,117.40399932861328,110.20142945789155,27.59000015258789,4063.0400390625
2021-05-13,130.00999450683594,146.27999877929688,111.22000122070312,103.38999938964844,102.08000183105467,-0.11122507798901926,-0.11791125661398578,121.16199798583985,111.53142910911923,23.1299991607666,4112.5
2021-05-14,117.55999755859376,130.00999450683594,108.38999938964844,104.77999877929688,100.44000244140624,-0.09576184504482499,-0.10066250753882282,122.99599761962891,112.34666697184245,18.809999465942383,4173.85009765625
2021-05-17,120.6999969482422,117.55999755859376,107.02999877929688,105.45999908447266,107.47000122070312,0.02670976058912733,0.026359282036263892,125.72999725341796,112.97666676839192,19.719999313354492,4163.2900390625
2021-05-18,123.93000030517578,120.6999969482422,114.0999984741211,109.22000122070312,108.66000366210938,0.026760591869100514,0.026408789719608545,127.69599761962891,113.7038094656808,21.34000015258789,4127.830078125
2021-05-19,130.1699981689453,123.93000030517578,146.27999877929688,108.31999969482422,107.8000030517578,0.050350987237986145,0.049124381872459676,124.4739974975586,114.76904732840401,22.18000030517578,4115.68017578125
2021-05-21,124.22000122070312,130.1699981689453,130.00999450683594,111.22000122070312,111.9000015258789,-0.04570943406267702,-0.04678707745362576,123.31599884033203,115.35571398053851,20.149999618530273,4155.85986328125
2021-05-24,116.12000274658205,124.22000122070312,117.55999755859376,108.38999938964844,116.37000274658205,-0.06520687807537306,-0.06743003414871032,123.02799987792969,115.34380921863374,18.399999618530273,4197.0498046875
2021-05-26,106.29000091552734,116.12000274658205,120.6999969482422,107.02999877929688,112.9000015258789,-0.08465382017349332,-0.08845294665041625,120.14600067138672,115.02904728480748,17.360000610351562,4195.990234375
2021-05-27,103.87999725341795,106.29000091552734,123.93000030517578,114.0999984741211,116.0500030517578,-0.022673851174624726,-0.02293485580437857,116.13600006103516,114.44952319917225,16.739999771118164,4200.8798828125
2021-05-28,105.41000366210938,103.87999725341795,130.1699981689453,146.27999877929688,108.36000061035156,0.014728595005243594,0.014621182654074727,111.18400115966797,114.30904715401786,16.760000228881836,4204.10986328125
2021-06-01,113.04000091552734,105.41000366210938,124.22000122070312,130.00999450683594,104.01000213623048,0.07238399571520593,0.06988420346674509,108.94800109863282,114.73904709588913,17.899999618530273,4202.0400390625
2021-06-02,112.56999969482422,113.04000091552734,116.12000274658205,117.55999755859376,103.38999938964844,-0.004157831005807799,-0.004166498819691023,108.23800048828124,115.17618996756417,17.479999542236328,4208.1201171875
2021-06-03,114.30999755859376,112.56999969482422,106.29000091552734,120.6999969482422,104.77999877929688,0.01545703001231824,0.015338787024194998,109.84199981689453,115.62999943324498,18.040000915527344,4192.85009765625
2021-06-04,108.16000366210938,114.30999755859376,103.87999725341795,123.93000030517578,105.45999908447266,-0.05380101502785861,-0.0553023885270076,110.69800109863282,115.75857107979911,16.420000076293945,4229.89013671875
2021-06-07,108.02999877929688,108.16000366210938,105.41000366210938,130.1699981689453,109.22000122070312,-0.0012019681805728322,-0.0012026911236875297,111.22200012207031,115.701904296875,16.420000076293945,4226.52001953125
2021-06-08,109.62000274658205,108.02999877929688,113.04000091552734,124.22000122070312,108.31999969482422,0.014718170741939263,0.014610909644227546,110.53800048828126,115.76380920410156,17.06999969482422,4227.259765625
2021-06-09,120.97000122070312,109.62000274658205,112.56999969482422,116.12000274658205,111.22000122070312,0.1035394835772796,0.09852272638926124,112.21800079345704,116.22809491838727,17.889999389648438,4219.5498046875
2021-06-10,116.76000213623048,120.97000122070312,114.30999755859376,106.29000091552734,108.38999938964844,-0.03480200910961162,-0.03542202678089015,112.70800170898437,116.62666647774834,16.100000381469727,4239.18017578125
2021-06-11,116.12000274658205,116.76000213623048,108.16000366210938,103.87999725341795,107.02999877929688,-0.005481323894647727,-0.005496401472432418,114.30000152587891,117.05952380952382,15.649999618530273,4247.43994140625
2021-06-14,119.8000030517578,116.12000274658205,108.02999877929688,105.41000366210938,114.0999984741211,0.03169135565047232,0.031199548345728224,116.6540023803711,117.3309525989351,16.389999389648438,4255.14990234375
2021-06-15,122.9000015258789,119.8000030517578,109.62000274658205,113.04000091552734,146.27999877929688,0.02587644737189021,0.02554731783248261,119.31000213623047,116.21761939639138,17.020000457763672,4246.58984375
2021-06-16,121.56999969482422,122.9000015258789,120.97000122070312,112.56999969482422,130.00999450683594,-0.01082182111099994,-0.010880802930188553,119.43000183105468,115.8157148815337,18.149999618530273,4223.7001953125
2021-06-17,120.62999725341795,121.56999969482422,116.76000213623048,114.30999755859376,117.55999755859376,-0.007732190867532629,-0.007762239248770238,120.2040008544922,115.96190534319196,17.75,4221.85986328125
2021-06-18,128.8300018310547,120.62999725341795,116.12000274658205,108.16000366210938,120.6999969482422,0.06797649642990766,0.06576573320774214,122.74600067138672,116.3490484328497,20.700000762939453,4166.4501953125
2021-06-21,121.25,128.8300018310547,119.8000030517578,108.02999877929688,123.93000030517578,-0.058837240730578944,-0.06063919019879334,123.03600006103515,116.22142937069847,17.889999389648438,4224.7900390625
2021-06-22,114.01000213623048,121.25,122.9000015258789,109.62000274658205,130.1699981689453,-0.05971132258778988,-0.06156834723474413,121.25800018310547,115.45190575009303,16.65999984741211,4246.43994140625
2021-06-23,110.4800033569336,114.01000213623048,121.56999969482422,120.97000122070312,124.22000122070312,-0.03096218501144221,-0.03145164309682321,119.04000091552734,114.79762013753258,16.31999969482422,4241.83984375
2021-06-24,107.87000274658205,110.4800033569336,120.62999725341795,116.76000213623048,116.12000274658205,-0.02362419017964079,-0.023907715636724076,116.48800201416016,114.40476299467544,15.970000267028809,4266.490234375
2021-06-25,105.91000366210938,107.87000274658205,128.8300018310547,116.12000274658205,106.29000091552734,-0.01817001051791267,-0.018337112416163988,111.9040023803711,114.38666788736981,15.619999885559082,4280.7001953125
2021-06-28,106.31999969482422,105.91000366210938,121.25,119.8000030517578,103.87999725341795,0.003871173813031703,0.003863700101501134,108.91800231933594,114.50285847981773,15.760000228881836,4290.60986328125
2021-06-29,107.01000213623048,106.31999969482422,114.01000213623048,122.9000015258789,105.41000366210938,0.006489864967897052,0.006468896467176537,107.51800231933593,114.57904888334731,16.020000457763672,4291.7998046875
2021-06-30,106.7300033569336,107.01000213623048,110.4800033569336,121.56999969482422,113.04000091552734,-0.002616566430308387,-0.002619995623364257,106.76800231933593,114.27857280912856,15.829999923706055,4297.5
2021-07-01,108.72000122070312,106.7300033569336,107.87000274658205,120.62999725341795,112.56999969482422,0.018645158823001662,0.018473468692391293,106.93800201416016,114.09523954845612,15.479999542236328,4319.93994140625
2021-07-02,106.11000061035156,108.72000122070312,105.91000366210938,128.8300018310547,114.30999755859376,-0.02400662786098784,-0.024299483433278497,106.97800140380859,113.70476350330173,15.069999694824219,4352.33984375
2021-07-06,112.23999786376952,106.11000061035156,106.31999969482422,121.25,108.16000366210938,0.05777021221522771,0.05616311912393979,108.16200103759766,113.89904894147602,16.440000534057617,4343.5400390625
2021-07-07,112.6999969482422,112.23999786376952,107.01000213623048,114.01000213623048,108.02999877929688,0.004098352576868303,0.00408997720563066,109.3,114.1214298066639,16.200000762939453,4358.1298828125
2021-07-08,120.02999877929688,112.6999969482422,106.7300033569336,110.4800033569336,109.62000274658205,0.06503994702343241,0.0630123074001357,111.95999908447266,114.61714390345982,19.0,4320.81982421875
2021-07-09,112.62000274658205,120.02999877929688,108.72000122070312,107.87000274658205,120.97000122070312,-0.061734533933802904,-0.06372235715274885,112.73999938964843,114.21952492850167,16.18000030517578,4369.5498046875
2021-07-12,111.58999633789062,112.62000274658205,106.11000061035156,105.91000366210938,116.76000213623048,-0.009145856717914902,-0.00918793683445234,113.83599853515625,113.97333417619977,16.170000076293945,4384.6298828125
2021-07-13,116.4000015258789,111.58999633789062,112.23999786376952,106.31999969482422,116.12000274658205,0.04310426871440831,0.0422011410261941,114.66799926757812,113.98666745140439,17.1200008392334,4369.2099609375
2021-07-14,117.66000366210938,116.4000015258789,112.6999969482422,107.01000213623048,119.8000030517578,0.010824760478635786,0.010766592154552834,115.66000061035156,113.88476271856399,16.329999923706055,4374.2998046875
2021-07-15,121.02999877929688,117.66000366210938,120.02999877929688,106.7300033569336,122.9000015258789,0.02864180700576302,0.028239298103742098,115.86000061035156,113.79571496872674,17.010000228881836,4360.02978515625
2021-07-16,128.88999938964844,121.02999877929688,112.62000274658205,108.72000122070312,121.56999969482422,0.06494258191875724,0.06292088401668539,119.11399993896484,114.144286382766,18.450000762939453,4327.16015625
2021-07-19,139.5399932861328,128.88999938964844,111.58999633789062,106.11000061035156,120.62999725341795,0.08262855106615596,0.07939192771556264,124.70399932861328,115.04476238432385,22.5,4258.490234375
2021-07-20,131.3000030517578,139.5399932861328,116.4000015258789,112.23999786376952,128.8300018310547,-0.05905110098062383,-0.06086644584542137,127.68399963378906,115.16238149007161,19.729999542236328,4323.06005859375
2021-07-21,122.52999877929688,131.3000030517578,117.66000366210938,112.6999969482422,121.25,-0.06679363342439415,-0.06912891655251262,128.65799865722656,115.22333381289528,17.90999984741211,4358.68994140625
2021-07-22,118.81999969482422,122.52999877929688,121.02999877929688,120.02999877929688,114.01000213623048,-0.030278292021818864,-0.03074614763966341,128.21599884033202,115.45238131568546,17.690000534057617,4367.47998046875
2021-07-23,114.91999816894533,118.81999969482422,128.88999938964844,112.62000274658205,110.4800033569336,-0.0328227700378354,-0.033373522181417925,125.4219985961914,115.66380964006696,17.200000762939453,4411.7900390625
2021-07-26,114.86000061035156,114.91999816894533,139.5399932861328,111.58999633789062,107.87000274658205,-0.0005220810959774003,-0.0005222174277656868,120.48600006103516,115.99666668119885,17.579999923706055,4422.2998046875
2021-07-27,121.11000061035156,114.86000061035156,131.3000030517578,116.4000015258789,105.91000366210938,0.054414069012609145,0.052985227822581006,118.4479995727539,116.72047605968658,19.360000610351562,4401.4599609375
2021-07-28,117.08000183105467,121.11000061035156,122.52999877929688,117.66000366210938,106.31999969482422,-0.03327552439094317,-0.033841751109574124,117.35800018310547,117.23285711379279,18.309999465942383,4400.64013671875
2021-07-29,114.04000091552734,117.08000183105467,118.81999969482422,121.02999877929688,107.01000213623048,-0.025965159446393105,-0.026308205390435428,116.4020004272461,117.56761896042596,17.700000762939453,4419.14990234375
2021-07-30,116.18000030517578,114.04000091552734,114.91999816894533,128.88999938964844,106.7300033569336,0.01876533999007579,0.018591443118540104,116.65400085449218,118.01761881510417,18.239999771118164,4395.259765625
2021-08-02,122.8499984741211,116.18000030517578,114.86000061035156,139.5399932861328,108.72000122070312,0.057410898187509884,0.05582337135538519,118.25200042724609,118.6904758271717,19.459999084472656,4387.16015625
2021-08-03,117.5500030517578,122.8499984741211,121.11000061035156,131.3000030517578,106.11000061035156,-0.043142006415895606,-0.04410028559908376,117.54000091552734,119.23523784819103,18.040000915527344,4423.14990234375
2021-08-04,116.20999908447266,117.5500030517578,117.08000183105467,122.52999877929688,112.23999786376952,-0.011399437962542058,-0.011464909590870102,117.36600036621094,119.42428552536737,17.969999313354492,4402.66015625
2021-08-05,113.3499984741211,116.20999908447266,114.04000091552734,118.81999969482422,112.6999969482422,-0.024610624153543204,-0.02491852786468728,117.22799987792969,119.45523797898065,17.280000686645508,4429.10009765625
2021-08-06,112.0,113.3499984741211,116.18000030517578,114.91999816894533,120.02999877929688,-0.011909999932018578,-0.011981492196785565,116.39199981689453,119.07285708472843,16.149999618530273,4436.52001953125
2021-08-09,115.08999633789062,112.0,122.8499984741211,114.86000061035156,112.62000274658205,0.027589253016880644,0.02721552786577761,114.83999938964844,119.1904758271717,16.719999313354492,4432.35009765625
2021-08-10,114.1500015258789,115.08999633789062,117.5500030517578,121.11000061035156,111.58999633789062,-0.008167476252688433,-0.008201012817753544,114.15999908447266,119.31238083612351,16.790000915527344,4436.75
2021-08-11,118.05999755859376,114.1500015258789,116.20999908447266,117.08000183105467,116.4000015258789,0.03425314043319072,0.033679562790056176,114.52999877929688,119.39142826625279,16.170000076293945,4442.41015625
2021-08-12,117.72000122070312,118.05999755859376,113.3499984741211,114.04000091552734,117.66000366210938,-0.0028798606210532762,-0.0028840153983552656,115.40399932861328,119.39428529285249,15.59000015258789,4460.830078125
2021-08-13,117.80999755859376,117.72000122070312,112.0,116.18000030517578,121.02999877929688,0.0007644948773142257,0.0007642027999571217,116.56599884033203,119.24095190139045,15.449999809265137,4468.0
2021-08-16,117.69000244140624,117.80999755859376,115.08999633789062,122.8499984741211,128.88999938964844,-0.0010185478284884253,-0.001019066900824485,117.08600006103515,118.7076187133789,16.1200008392334,4479.7099609375
2021-08-17,120.52999877929688,117.69000244140624,114.1500015258789,117.5500030517578,139.5399932861328,0.024131160497720128,0.023844604838505305,118.36199951171875,117.80238087972005,17.90999984741211,4448.080078125
2021-08-18,128.41000366210938,120.52999877929688,118.05999755859376,116.20999908447266,131.3000030517578,0.06537795538554358,0.06332962388960488,120.43200073242187,117.66476186116536,21.56999969482422,4400.27001953125
2021-08-19,130.41000366210938,128.41000366210938,117.72000122070312,113.3499984741211,122.52999877929688,0.015575110528480929,0.015455063388255181,122.97000122070312,118.04000018891834,21.670000076293945,4405.7998046875
2021-08-20,120.51000213623048,130.41000366210938,117.80999755859376,112.0,118.81999969482422,-0.07591443330934688,-0.07895060698443422,123.51000213623047,118.12047649565197,18.559999465942383,4441.669921875
2021-08-23,113.33000183105467,120.51000213623048,117.69000244140624,115.08999633789062,114.91999816894533,-0.05958011930876228,-0.061428821864186176,122.63800201416015,118.04476238432385,17.149999618530273,4479.52978515625
2021-08-24,111.08999633789062,113.33000183105467,120.52999877929688,114.1500015258789,114.86000061035156,-0.01976533536550462,-0.01996328227331421,120.7500015258789,117.86523837134952,17.219999313354492,4486.22998046875
2021-08-25,108.83999633789062,111.08999633789062,128.41000366210938,118.05999755859376,121.11000061035156,-0.02025384889883708,-0.020461770360061127,116.83600006103515,117.28095245361328,16.790000915527344,4496.18994140625
2021-08-26,116.5999984741211,108.83999633789062,130.41000366210938,117.72000122070312,117.08000183105467,0.07129733918898506,0.06887038056163042,114.0739990234375,117.25809515090216,18.84000015258789,4470.0
2021-08-27,109.62000274658205,116.5999984741211,120.51000213623048,117.80999755859376,114.04000091552734,-0.05986274287206128,-0.061729396156498875,111.89599914550782,117.04761904761905,16.389999389648438,4509.3701171875
2021-08-30,107.9000015258789,109.62000274658205,113.33000183105467,117.69000244140624,116.18000030517578,-0.01569057815734065,-0.015814978267761712,110.80999908447265,116.65333339146206,16.190000534057617,4528.7900390625
2021-08-31,105.80999755859376,107.9000015258789,111.08999633789062,120.52999877929688,122.8499984741211,-0.01936982333391235,-0.01955987656311379,109.75399932861328,115.84190477643695,16.479999542236328,4522.68017578125
2021-09-01,105.1999969482422,105.80999755859376,108.83999633789062,128.41000366210938,117.5500030517578,-0.005765056463721829,-0.005781738548073081,109.0259994506836,115.2538092476981,16.110000610351562,4524.08984375
2021-09-02,105.6999969482422,105.1999969482422,116.5999984741211,130.41000366210938,116.20999908447266,0.004752851848902617,0.004741592709806261,106.84599914550782,114.75333295549665,16.40999984741211,4536.9501953125
2021-09-03,105.4800033569336,105.6999969482422,109.62000274658205,120.51000213623048,113.3499984741211,-0.0020813017754043317,-0.0020834706939163268,106.01799926757812,114.37857128324963,16.40999984741211,4535.43017578125
2021-09-07,111.01000213623048,105.4800033569336,107.9000015258789,113.33000183105467,112.0,0.05242698713787419,0.05109891327774711,106.63999938964847,114.33142852783203,18.139999389648438,4520.02978515625
2021-09-08,115.05999755859376,111.01000213623048,105.80999755859376,111.08999633789062,115.08999633789062,0.03648315777341549,0.03583340362845672,108.48999938964846,114.33000001453217,17.959999084472656,4514.06982421875
2021-09-09,117.02999877929688,115.05999755859376,105.1999969482422,108.83999633789062,114.1500015258789,0.017121512797702687,0.016976591539390937,110.85599975585937,114.46714274088542,18.799999237060547,4493.27978515625
2021-09-10,124.9800033569336,117.02999877929688,105.6999969482422,116.5999984741211,118.05999755859376,0.06793133949039332,0.06572344960471241,114.71200103759766,114.79666682652065,20.950000762939453,4458.580078125
2021-09-13,118.01000213623048,124.9800033569336,105.4800033569336,109.62000274658205,117.72000122070312,-0.05576893129693161,-0.05738436662093033,117.21800079345704,114.8104763939267,19.3700008392334,4468.72998046875
2021-09-14,120.37000274658205,118.01000213623048,111.01000213623048,107.9000015258789,117.80999755859376,0.019998310038391365,0.019800970469700672,119.09000091552734,114.93238140287853,19.459999084472656,4443.0498046875
2021-09-15,112.4800033569336,120.37000274658205,115.05999755859376,105.80999755859376,117.69000244140624,-0.06554788742723106,-0.06779489730240215,118.57400207519531,114.68428620837983,18.18000030517578,4480.7001953125
2021-09-16,112.11000061035156,112.4800033569336,117.02999877929688,105.1999969482422,120.52999877929688,-0.0032894980044398947,-0.003294920297347005,117.59000244140626,114.28333391462054,18.690000534057617,4473.75
2021-09-17,118.9000015258789,112.11000061035156,124.9800033569336,105.6999969482422,128.41000366210938,0.06056552384765923,0.0588022789203094,116.3740020751953,113.83047667003814,20.809999465942383,4432.990234375
2021-09-20,138.92999267578125,118.9000015258789,118.01000213623048,105.4800033569336,130.41000366210938,0.16846081491044185,0.15568733991196645,120.55800018310546,114.23619043259393,25.709999084472656,4357.72998046875
2021-09-21,130.75999450683594,138.92999267578125,120.37000274658205,111.01000213623048,120.51000213623048,-0.058806583168916626,-0.06060661659550372,122.63599853515625,114.72428530738468,24.360000610351562,4354.18994140625
2021-09-22,117.62000274658205,130.75999450683594,112.4800033569336,115.05999755859376,113.33000183105467,-0.1004893875210966,-0.10590442746336712,123.66399841308593,114.92857106526692,20.8700008392334,4395.64013671875
2021-09-23,108.30999755859376,117.62000274658205,112.11000061035156,117.02999877929688,111.08999633789062,-0.0791532474969171,-0.08246164907639482,122.90399780273438,114.7961901710147,18.6299991607666,4448.97998046875
2021-09-24,103.06999969482422,108.30999755859376,118.9000015258789,124.9800033569336,108.83999633789062,-0.0483796323689768,-0.04958909721889101,119.73799743652344,114.52142842610677,17.75,4455.47998046875
2021-09-27,107.7300033569336,103.06999969482422,138.92999267578125,118.01000213623048,116.5999984741211,0.04521202751437858,0.04421976197887885,113.49799957275391,114.0990477062407,18.760000228881836,4443.10986328125
2021-09-28,121.05999755859376,107.7300033569336,130.75999450683594,120.37000274658205,109.62000274658205,0.1237352064075865,0.11665814222990932,111.55800018310546,114.64380936395554,23.25,4352.6298828125
2021-09-29,119.04000091552734,121.05999755859376,117.62000274658205,112.4800033569336,107.9000015258789,-0.016685913462774815,-0.01682669152092649,111.84199981689453,115.17428552536737,22.559999465942383,4359.4599609375
2021-09-30,118.01000213623048,119.04000091552734,108.30999755859376,112.11000061035156,105.80999755859376,-0.008652543442332128,-0.008690194035932318,113.78200073242188,115.75523812430245,23.139999389648438,4307.5400390625
2021-10-01,112.61000061035156,118.01000213623048,103.06999969482422,118.9000015258789,105.1999969482422,-0.0457588460988686,-0.04683885761078951,115.69000091552735,116.10809544154576,21.100000381469727,4357.0400390625
2021-10-04,117.16999816894533,112.61000061035156,107.7300033569336,138.92999267578125,105.6999969482422,0.04049371755508702,0.03969532892374863,117.57799987792971,116.65428597586495,22.959999084472656,4300.4599609375
2021-10-05,110.75,117.16999816894533,121.05999755859376,130.75999450683594,105.4800033569336,-0.05479216752814531,-0.05635044712748555,115.51600036621093,116.90523819696335,21.299999237060547,4345.72021484375
2021-10-06,110.91999816894533,110.75,119.04000091552734,117.62000274658205,111.01000213623048,0.0015349721800932414,0.0015337953144465078,113.89199981689453,116.9009522937593,21.0,4363.5498046875
2021-10-07,107.43000030517578,110.91999816894533,118.01000213623048,108.30999755859376,115.05999755859376,-0.03146409954365337,-0.03196972872054627,111.7759994506836,116.53761909121559,19.540000915527344,4399.759765625
2021-10-08,107.2699966430664,107.43000030517578,112.61000061035156,103.06999969482422,117.02999877929688,-0.001489375981149177,-0.0014904862040522671,110.70799865722657,116.07285708472843,18.770000457763672,4391.33984375
2021-10-11,110.29000091552734,107.2699966430664,117.16999816894533,107.7300033569336,124.9800033569336,0.028153298843755836,0.027764279304053625,109.33199920654297,115.37333315894718,20.0,4361.18994140625
2021-10-12,109.12000274658205,110.29000091552734,110.75,121.05999755859376,118.01000213623048,-0.01060837935654213,-0.010665049353704957,109.00599975585938,114.9499998546782,19.850000381469727,4350.64990234375
2021-10-13,108.72000122070312,109.12000274658205,110.91999816894533,119.04000091552734,120.37000274658205,-0.0036657030407878377,-0.0036724381945997847,108.56600036621094,114.3952378772554,18.639999389648438,4363.7998046875
2021-10-14,107.97000122070312,108.72000122070312,107.43000030517578,118.01000213623048,112.4800033569336,-0.006898454668681331,-0.006922359005845679,108.6740005493164,114.18047587076823,16.860000610351562,4438.259765625
2021-10-15,106.76000213623048,107.97000122070312,107.2699966430664,112.61000061035156,112.11000061035156,-0.011206808102180776,-0.011270077519020712,108.57200164794922,113.92571403866722,16.299999237060547,4471.3701171875
2021-10-18,104.37000274658205,106.76000213623048,110.29000091552734,117.16999816894533,118.9000015258789,-0.022386655506045128,-0.022641040398196317,107.38800201416018,113.23380933489118,16.309999465942383,4486.4599609375
2021-10-19,103.05999755859376,104.37000274658205,109.12000274658205,110.75,138.92999267578125,-0.012551548850382455,-0.012630984936874822,106.1760009765625,111.52571432931083,15.699999809265137,4519.6298828125
2021-10-20,101.83999633789062,103.05999755859376,108.72000122070312,110.91999816894533,130.75999450683594,-0.011837776534096234,-0.01190840092119388,104.8,110.14857155936105,15.489999771118164,4536.18994140625
2021-10-21,102.13999938964844,101.83999633789062,107.97000122070312,107.43000030517578,117.62000274658205,0.002945827401274137,0.002941496954150494,103.63399963378906,109.4114285423642,15.010000228881836,4549.77978515625
2021-10-22,106.08000183105467,102.13999938964844,106.76000213623048,107.2699966430664,108.30999755859376,0.038574529713630845,0.0378491284547648,103.49799957275391,109.30523826962425,15.430000305175781,4544.89990234375
2021-10-25,102.36000061035156,106.08000183105467,104.37000274658205,110.29000091552734,103.06999969482422,-0.03506788420524032,-0.03569752644424391,103.09599914550782,109.27142878941127,15.239999771118164,4566.47998046875
2021-10-26,103.25,102.36000061035156,103.05999755859376,109.12000274658205,107.7300033569336,0.008694796642648939,0.008657214586760309,103.13399963378906,109.05809529622395,15.979999542236328,4574.7900390625
2021-10-27,109.61000061035156,103.25,101.83999633789062,108.72000122070312,121.05999755859376,0.06159806886539054,0.05977538495488302,104.68800048828125,108.51285734630767,16.979999542236328,4551.68017578125
2021-10-28,106.27999877929688,109.61000061035156,102.13999938964844,107.97000122070312,119.04000091552734,-0.03038045627690844,-0.030851507390139983,105.51600036621093,107.90523819696335,16.530000686645508,4596.419921875
2021-10-29,105.16999816894533,106.27999877929688,106.08000183105467,106.76000213623048,118.01000213623048,-0.01044411576120352,-0.010499038284375822,105.33399963378906,107.29380943661644,16.260000228881836,4605.3798828125
2021-11-01,106.66000366210938,105.16999816894533,102.36000061035156,104.37000274658205,112.61000061035156,0.01416759074931706,0.014068168385367518,106.19400024414062,107.01047624860492,16.40999984741211,4613.669921875
2021-11-02,105.44000244140624,106.66000366210938,103.25,103.05999755859376,117.16999816894533,-0.011438225940512914,-0.011504145598220316,106.63200073242187,106.451905023484,16.030000686645508,4630.64990234375
2021-11-03,102.25,105.44000244140624,109.61000061035156,101.83999633789062,110.75,-0.030254195443318088,-0.03072129898574549,105.16000061035156,106.0471431187221,15.100000381469727,4660.56982421875
2021-11-04,104.45999908447266,102.25,106.27999877929688,102.13999938964844,110.91999816894533,0.02161368297772759,0.02138341932085941,104.79600067138672,105.73952411469959,15.4399995803833,4680.06005859375
2021-11-05,110.20999908447266,104.45999908447266,105.16999816894533,106.08000183105467,107.43000030517578,0.055044993781305784,0.053583414152563145,105.80400085449219,105.87190500895183,16.479999542236328,4697.52978515625
2021-11-08,111.48999786376952,110.20999908447266,106.66000366210938,102.36000061035156,107.2699966430664,0.011614180110062211,0.011547253222409926,106.76999969482422,106.07285744803292,17.219999313354492,4701.7001953125
2021-11-09,110.5500030517578,111.48999786376952,105.44000244140624,103.25,110.29000091552734,-0.008431203067743365,-0.008466946710062156,107.79199981689453,106.08523850213913,17.780000686645508,4685.25
2021-11-10,117.19000244140624,110.5500030517578,102.25,109.61000061035156,109.12000274658205,0.06006331258570552,0.05832863519471795,110.78000030517578,106.46952420189267,18.729999542236328,4646.7099609375
2021-11-11,114.66000366210938,117.19000244140624,104.45999908447266,106.27999877929688,108.72000122070312,-0.02158886190451126,-0.021825310684306053,112.82000122070312,106.75238146100726,17.65999984741211,4649.27001953125
2021-11-12,112.11000061035156,114.66000366210938,110.20999908447266,105.16999816894533,107.97000122070312,-0.022239691002212014,-0.022490721809370694,113.2000015258789,106.94952428908576,16.290000915527344,4682.85009765625
2021-11-15,110.66000366210938,112.11000061035156,111.48999786376952,106.66000366210938,106.76000213623048,-0.012933698513496461,-0.013018067046416266,113.03400268554688,107.13523864746094,16.489999771118164,4682.7998046875
2021-11-16,109.58000183105467,110.66000366210938,110.5500030517578,105.44000244140624,104.37000274658205,-0.009759640297432037,-0.009807577743284496,112.84000244140626,107.38333384195964,16.3700008392334,4700.89990234375
2021-11-17,111.52999877929688,109.58000183105467,117.19000244140624,102.25,103.05999755859376,0.017795189958552893,0.017638709241358186,111.70800170898437,107.7866672334217,17.110000610351562,4688.669921875
2021-11-18,112.1500015258789,111.52999877929688,114.66000366210938,104.45999908447266,101.83999633789062,0.005559067097355097,0.005543672510533979,111.20600128173828,108.27761986142113,17.59000015258789,4704.5400390625
2021-11-19,113.73999786376952,112.1500015258789,112.11000061035156,110.20999908447266,102.13999938964844,0.014177408080763287,0.014077848525039975,111.53200073242188,108.83000074114118,17.90999984741211,4697.9599609375
2021-11-22,118.62000274658205,113.73999786376952,110.66000366210938,111.48999786376952,106.08000183105467,0.04290491449329448,0.04201000646808617,113.1240005493164,109.42714364188058,19.170000076293945,4682.93994140625
2021-11-23,115.02999877929688,118.62000274658205,109.58000183105467,110.5500030517578,102.36000061035156,-0.03026474358590936,-0.030732176269162834,114.21399993896485,110.03047688802083,19.3799991607666,4690.7001953125
2021-11-24,110.4800033569336,115.02999877929688,111.52999877929688,117.19000244140624,103.25,-0.03955485934667502,-0.04035841380985219,114.00400085449219,110.37476276216053,18.579999923706055,4701.4599609375
2021-11-26,149.74000549316406,110.4800033569336,112.1500015258789,114.66000366210938,109.61000061035156,0.3553584444543425,0.30406595400119363,121.52200164794922,112.28571537562779,28.6200008392334,4594.6201171875
2021-11-29,131.24000549316406,149.74000549316406,113.73999786376952,112.11000061035156,106.27999877929688,-0.12354747777035824,-0.13187274353845146,125.02200317382812,113.47428712390717,22.959999084472656,4655.27001953125
2021-11-30,142.5500030517578,131.24000549316406,118.62000274658205,110.66000366210938,105.16999816894533,0.08617797230420621,0.08266508681824587,129.8080032348633,115.25428735642205,27.190000534057617,4567.0
2021-12-01,155.02000427246094,142.5500030517578,115.02999877929688,109.58000183105467,106.66000366210938,0.08747808455798811,0.08386133164705956,137.8060043334961,117.55714452834357,31.1200008392334,4513.0400390625
2021-12-02,147.30999755859375,155.02000427246094,110.4800033569336,111.52999877929688,105.44000244140624,-0.04973555993661427,-0.051014975160481375,145.17200317382813,119.55095381963821,27.950000762939453,4577.10009765625
2021-12-03,156.10000610351562,147.30999755859375,149.74000549316406,112.1500015258789,102.25,0.059670142492708855,0.05795767336783025,146.44400329589843,122.11523982456752,30.670000076293945,4538.43017578125
2021-12-06,138.8800048828125,156.10000610351562,131.24000549316406,113.73999786376952,104.45999908447266,-0.11031390485202108,-0.11688658055088214,147.9720031738281,123.75428771972656,27.18000030517578,4591.669921875
2021-12-07,117.91999816894533,138.8800048828125,142.5500030517578,118.62000274658205,110.20999908447266,-0.15092170202293198,-0.16360387315745306,143.04600219726564,124.12143053327289,21.889999389648438,4686.75
2021-12-08,114.29000091552734,117.91999816894533,155.02000427246094,115.02999877929688,111.48999786376952,-0.030783559275647576,-0.03126732699301604,134.9000015258789,124.25476401192802,19.899999618530273,4701.2099609375
2021-12-09,121.79000091552734,114.29000091552734,147.30999755859375,110.4800033569336,110.5500030517578,0.06562253862910805,0.06355917169621064,129.79600219726564,124.79000200544085,21.579999923706055,4667.4501953125
2021-12-10,113.8499984741211,121.79000091552734,156.10000610351562,149.74000549316406,117.19000244140624,-0.0651942062707872,-0.06741647850907023,121.34600067138672,124.63095419747489,18.690000534057617,4712.02001953125
2021-12-13,121.06999969482422,113.8499984741211,138.8800048828125,131.24000549316406,114.66000366210938,0.06341678803223072,0.061487109091782365,117.78399963378907,124.93619210379464,20.309999465942383,4668.97021484375
2021-12-14,126.56999969482422,121.06999969482422,117.91999816894533,142.5500030517578,112.11000061035156,0.04542826475479966,0.044426624194241086,119.51399993896484,125.62476348876953,21.889999389648438,4634.08984375
2021-12-15,118.61000061035156,126.56999969482422,114.29000091552734,155.02000427246094,110.66000366210938,-0.06289009325800099,-0.06495470720618067,120.37799987792968,126.00333477201916,19.290000915527344,4709.85009765625
2021-12-16,128.97000122070312,118.61000061035156,121.79000091552734,147.30999755859375,109.58000183105467,0.0873450852123796,0.08373902345426211,121.81399993896484,126.92666807628814,20.56999969482422,4668.669921875
2021-12-17,136.05999755859375,128.97000122070312,113.8499984741211,156.10000610351562,111.52999877929688,0.05497399605166864,0.05351611833199846,126.25599975585938,128.09476325625465,21.56999969482422,4620.64013671875
2021-12-20,138.6699981689453,136.05999755859375,121.06999969482422,138.8800048828125,112.1500015258789,0.019182718338853322,0.01900104958805467,129.7759994506836,129.3576202392578,22.8700008392334,4568.02001953125
2021-12-21,131.41000366210938,138.6699981689453,126.56999969482422,117.91999816894533,113.73999786376952,-0.052354471786975165,-0.05377476203800914,130.74400024414064,130.1990490867978,21.010000228881836,4649.22998046875
2021-12-22,122.6999969482422,131.41000366210938,118.61000061035156,114.29000091552734,118.62000274658205,-0.06628115418262182,-0.06857990767819602,131.56199951171874,130.3933345249721,18.6299991607666,4696.56005859375
2021-12-23,120.45999908447266,122.6999969482422,128.97000122070312,121.79000091552734,115.02999877929688,-0.018255891764320298,-0.01842458682984892,129.85999908447266,130.6519059680757,17.959999084472656,4725.7900390625
2021-12-27,115.91999816894533,120.45999908447266,136.05999755859375,113.8499984741211,110.4800033569336,-0.037688867259111025,-0.038417457798735705,125.83199920654297,130.91095334007628,17.68000030517578,4791.18994140625
2021-12-28,114.83000183105467,115.91999816894533,138.6699981689453,121.06999969482422,149.74000549316406,-0.00940300513378256,-0.00944749248269469,121.06399993896484,129.24857221330916,17.540000915527344,4786.35009765625
2021-12-29,109.5,114.83000183105467,131.41000366210938,126.56999969482422,131.24000549316406,-0.04641645690206042,-0.04752824047732884,116.68199920654297,128.21333385649183,16.950000762939453,4793.06005859375
2021-12-30,110.83999633789062,109.5,122.6999969482422,118.61000061035156,142.5500030517578,0.012237409478453198,0.012163137698620608,114.30999908447265,126.70333353678386,17.329999923706055,4778.72998046875
2021-12-31,109.66999816894533,110.83999633789062,120.45999908447266,128.97000122070312,155.02000427246094,-0.01055573987370595,-0.010611846879098401,112.1519989013672,124.54380943661644,17.219999313354492,4766.18017578125
2022-01-03,108.4499969482422,109.66999816894533,115.91999816894533,136.05999755859375,147.30999755859375,-0.011124293253144124,-0.01118663094296232,110.65799865722656,122.69333321707589,16.600000381469727,4796.56005859375
2022-01-04,109.30999755859376,108.4499969482422,114.83000183105467,138.6699981689453,156.10000610351562,0.00792992747396748,0.007898650837926777,109.55399780273437,120.46523757207962,16.90999984741211,4793.5400390625
2022-01-05,119.30999755859376,109.30999755859376,109.5,131.41000366210938,138.8800048828125,0.09148294047522665,0.08753726745395399,111.51599731445314,119.53333246140252,19.729999542236328,4700.580078125
2022-01-06,117.81999969482422,119.30999755859376,110.83999633789062,122.6999969482422,117.91999816894533,-0.012488457750892135,-0.012567093921641438,112.91199798583986,119.52857062930153,19.610000610351562,4696.0498046875
2022-01-07,113.86000061035156,117.81999969482422,109.66999816894533,120.45999908447266,114.29000091552734,-0.03361058474562717,-0.034188404619874706,113.74999847412111,119.50809442429315,18.760000228881836,4677.02978515625
2022-01-10,113.0199966430664,113.86000061035156,108.4499969482422,115.91999816894533,121.79000091552734,-0.007377515921151212,-0.007404864383903097,114.66399841308593,119.09047517322358,19.399999618530273,4670.2900390625
2022-01-11,111.61000061035156,113.0199966430664,109.30999755859376,114.83000183105467,113.8499984741211,-0.012475633291406107,-0.01255410736334339,115.1239990234375,118.98380860828217,18.40999984741211,4713.06982421875
2022-01-12,113.94000244140624,111.61000061035156,119.30999755859376,109.5,121.06999969482422,0.020876281859267154,0.0206613583431374,114.05,118.644284929548,17.6200008392334,4726.35009765625
2022-01-13,123.44000244140624,113.94000244140624,117.81999969482422,110.83999633789062,126.56999969482422,0.0833772142921041,0.08008321235361458,115.1740005493164,118.49523744128999,20.309999465942383,4659.02978515625
2022-01-14,117.56999969482422,123.44000244140624,113.86000061035156,109.66999816894533,118.61000061035156,-0.04755348858137265,-0.04872132954903013,115.91600036621094,118.44571358816964,19.190000534057617,4662.85009765625
2022-01-18,127.9499969482422,117.56999969482422,113.0199966430664,108.4499969482422,128.97000122070312,0.0882878053956051,0.08460564047066747,118.9020004272461,118.39714195614769,22.790000915527344,4577.10986328125
2022-01-19,129.85000610351562,127.9499969482422,111.61000061035156,109.30999755859376,136.05999755859375,0.014849622513410488,0.014740446358489446,122.55000152587891,118.10142807733445,23.850000381469727,4532.759765625
2022-01-20,135.60000610351562,129.85000610351562,113.94000244140624,119.30999755859376,138.6699981689453,0.044281861607431416,0.04332943540435905,126.88200225830079,117.95523797898065,25.59000015258789,4482.72998046875
2022-01-21,149.5,135.60000610351562,123.44000244140624,117.81999969482422,131.41000366210938,0.10250732500611592,0.09758697231326979,132.09400177001953,118.81666637602306,28.850000381469727,4397.93994140625
2022-01-24,154.3800048828125,149.5,117.56999969482422,113.86000061035156,122.6999969482422,0.03264217312918061,0.03212073431949644,139.45600280761718,120.32523818243118,29.899999618530273,4410.1298828125
2022-01-25,150.8000030517578,154.3800048828125,127.9499969482422,113.0199966430664,120.45999908447266,-0.02318954345008739,-0.023462651339261262,144.0260040283203,121.77000027611142,31.15999984741211,4356.4501953125
2022-01-26,148.5500030517578,150.8000030517578,129.85000610351562,111.61000061035156,115.91999816894533,-0.014920424101236618,-0.015032853358719237,147.76600341796876,123.32381003243583,31.959999084472656,4349.93017578125
2022-01-27,141.13999938964844,148.5500030517578,135.60000610351562,113.94000244140624,114.83000183105467,-0.0498822181748968,-0.05116932120401354,148.8740020751953,124.57666705903553,30.489999771118164,4326.509765625
2022-01-28,132.44000244140625,141.13999938964844,149.5,123.44000244140624,109.5,-0.061640902549701115,-0.06362257013514311,145.46200256347657,125.66904812767392,27.65999984741211,4431.85009765625
2022-01-31,125.05999755859376,132.44000244140625,154.3800048828125,117.56999969482422,110.83999633789062,-0.05572338226192297,-0.05733612849582816,139.5980010986328,126.34619104294549,24.829999923706055,4515.5498046875
2022-02-01,117.98999786376952,125.05999755859376,150.8000030517578,127.9499969482422,109.66999816894533,-0.05653286288856496,-0.05819374561062711,133.03600006103517,126.7423815046038,21.959999084472656,4546.5400390625
2022-02-02,119.61000061035156,117.98999786376952,148.5500030517578,129.85000610351562,108.4499969482422,0.013730000643380702,0.013636598157575392,127.24799957275391,127.27381025041852,22.09000015258789,4589.3798828125
2022-02-03,125.11000061035156,119.61000061035156,141.13999938964844,135.60000610351562,109.30999755859376,0.04598277712510934,0.04495690004360733,124.04199981689453,128.02619134812127,24.350000381469727,4477.43994140625
2022-02-04,124.88999938964844,125.11000061035156,132.44000244140625,149.5,119.30999755859376,-0.0017584623102058217,-0.001760010219947485,122.53199920654296,128.29190572102866,23.219999313354492,4500.52978515625
2022-02-07,124.12999725341795,124.88999938964844,125.05999755859376,154.3800048828125,117.81999969482422,-0.0060853722471351235,-0.0061039635866823256,122.34599914550782,128.5923817952474,22.860000610351562,4483.8701171875
2022-02-08,118.86000061035156,124.12999725341795,117.98999786376952,150.8000030517578,113.86000061035156,-0.042455464107579166,-0.04338304632763776,122.51999969482422,128.83047703334265,21.440000534057617,4521.5400390625
2022-02-09,119.31999969482422,118.86000061035156,119.61000061035156,148.5500030517578,113.0199966430664,0.0038700915540177405,0.003862622015362615,122.46199951171874,129.13047717866442,19.959999084472656,4587.18017578125
2022-02-10,129.10000610351562,119.31999969482422,125.11000061035156,141.13999938964844,111.61000061035156,0.0819645192231393,0.078778388041098,123.26000061035157,129.96333458310082,23.90999984741211,4504.080078125
2022-02-11,141.1699981689453,129.10000610351562,124.88999938964844,132.44000244140625,113.94000244140624,0.0934933500758448,0.08937747979552184,126.51600036621093,131.26000104631697,27.360000610351562,4418.64013671875
2022-02-14,140.58999633789062,141.1699981689453,124.12999725341795,125.05999755859376,123.44000244140624,-0.004108534664430397,-0.004116997881877059,129.80800018310546,132.07666742234002,28.329999923706055,4401.669921875
2022-02-15,129.0500030517578,140.58999633789062,118.86000061035156,117.98999786376952,117.56999969482422,-0.08208260606535522,-0.08564787723117184,131.84600067138672,132.6233342488607,25.700000762939453,4471.06982421875
2022-02-16,122.58000183105467,129.0500030517578,119.31999969482422,119.61000061035156,127.9499969482422,-0.05013561462767446,-0.05143605681727861,132.4980010986328,132.36762019566126,24.290000915527344,4475.009765625
2022-02-17,134.49000549316406,122.58000183105467,129.10000610351562,125.11000061035156,129.85000610351562,0.09716106611357622,0.09272599468464682,133.5760009765625,132.5885725475493,28.110000610351562,4380.259765625
2022-02-18,133.63999938964844,134.49000549316406,141.1699981689453,124.88999938964844,135.60000610351562,-0.0063202176280587885,-0.006340274758438731,132.07000122070312,132.495238894508,27.75,4348.8701171875
2022-02-22,130.69000244140625,133.63999938964844,140.58999633789062,124.12999725341795,149.5,-0.0220742065378271,-0.022321487631583453,130.09000244140626,131.59952472505114,28.809999465942383,4304.759765625
2022-02-23,131.24000549316406,130.69000244140625,129.0500030517578,118.86000061035156,154.3800048828125,0.004208455440227077,0.004199624658927693,130.5280029296875,130.49761999221076,31.020000457763672,4225.5
2022-02-24,128.5,131.24000549316406,122.58000183105467,119.31999969482422,150.8000030517578,-0.020877822146287417,-0.021098845613493112,131.71200256347657,129.4357150849842,30.31999969482422,4288.7001953125
2022-02-25,117.76000213623048,128.5,134.49000549316406,129.10000610351562,148.5500030517578,-0.0835797499126032,-0.08728023121416431,128.36600189208986,127.96952456519718,27.59000015258789,4384.64990234375
2022-02-28,123.63999938964844,117.76000213623048,133.63999938964844,141.1699981689453,141.13999938964844,0.04993204098804016,0.04872543920628359,126.36600189208984,127.13619123186383,30.149999618530273,4373.93994140625
2022-03-01,132.8000030517578,123.63999938964844,130.69000244140625,140.58999633789062,132.44000244140625,0.07408608627732072,0.07147014769504353,126.78800201416016,127.15333411807106,33.31999969482422,4306.259765625
2022-03-02,124.91999816894533,132.8000030517578,131.24000549316406,129.0500030517578,125.05999755859376,-0.05933738480217743,-0.06117074226537793,125.52400054931641,127.14666748046875,30.739999771118164,4386.5400390625
2022-03-03,122.36000061035156,124.91999816894533,128.5,122.58000183105467,117.98999786376952,-0.020493096350606366,-0.020705993486194167,124.29600067138672,127.3547628493536,30.479999542236328,4363.490234375
2022-03-04,127.8499984741211,122.36000061035156,117.76000213623048,134.49000549316406,119.61000061035156,0.04486758610971342,0.04389016553141522,126.31399993896484,127.7471437000093,31.979999542236328,4328.8701171875
2022-03-07,133.66000366210938,127.8499984741211,123.63999938964844,133.63999938964844,125.11000061035156,0.04544392066742442,0.044441599679336925,128.31800079345703,128.15428670247397,36.45000076293945,4201.08984375
2022-03-08,139.7100067138672,133.66000366210938,132.8000030517578,130.69000244140625,124.88999938964844,0.04526412453984463,0.04426960423651535,129.70000152587892,128.86000133696058,35.130001068115234,4170.7001953125
2022-03-09,130.86000061035156,139.7100067138672,124.91999816894533,131.24000549316406,124.12999725341795,-0.06334554203866627,-0.06544083961238306,130.88800201416015,129.18047768729073,32.45000076293945,4277.8798828125
2022-03-10,125.47000122070312,130.86000061035156,122.36000061035156,128.5,118.86000061035156,-0.04118905215121993,-0.04206135820509744,131.51000213623047,129.495239621117,30.229999542236328,4259.52001953125
2022-03-11,125.58000183105467,125.47000122070312,127.8499984741211,117.76000213623048,119.31999969482422,0.0008767084504770484,0.0008763243660937694,131.05600280761718,129.7933349609375,30.75,4204.31005859375
2022-03-14,126.26000213623048,125.58000183105467,133.66000366210938,123.63999938964844,129.10000610351562,0.005414877331269885,0.005400269592030946,129.5760025024414,129.65809667678107,31.770000457763672,4173.10986328125
2022-03-15,122.18000030517578,126.26000213623048,139.7100067138672,132.8000030517578,141.1699981689453,-0.032314286092380295,-0.032847920139400244,126.07000122070312,128.7538110642206,29.829999923706055,4262.4501953125
2022-03-16,115.0999984741211,122.18000030517578,130.86000061035156,124.91999816894533,140.58999633789062,-0.05794730572410034,-0.0596940672485241,122.91800079345703,127.54000164213635,26.670000076293945,4357.85986328125
2022-03-17,109.25,115.0999984741211,125.47000122070312,122.36000061035156,129.0500030517578,-0.05082535666094212,-0.05216246849515297,119.6740005493164,126.5971443539574,25.670000076293945,4411.669921875
2022-03-18,106.73999786376952,109.25,125.58000183105467,127.8499984741211,122.58000183105467,-0.022974847928883158,-0.023242883083302537,115.90599975585937,125.84285845075335,23.8700008392334,4463.1201171875
2022-03-21,108.95999908447266,106.73999786376952,126.26000213623048,133.66000366210938,134.49000549316406,0.02079821308912222,0.02058488310638821,112.44599914550781,124.62714385986328,23.530000686645508,4461.18017578125
2022-03-22,108.22000122070312,108.95999908447266,122.18000030517578,139.7100067138672,133.63999938964844,-0.006791463564494338,-0.006814630504366899,109.65399932861328,123.41666775658017,22.940000534057617,4511.60986328125
2022-03-23,108.7699966430664,108.22000122070312,115.0999984741211,130.86000061035156,130.69000244140625,0.005082197525036358,0.00506932674866108,108.38799896240235,122.37285795665923,23.56999969482422,4456.240234375
2022-03-24,106.0500030517578,108.7699966430664,109.25,125.47000122070312,131.24000549316406,-0.025006837135744253,-0.02532482045579438,107.74799957275391,121.17333403087798,21.670000076293945,4520.16015625
2022-03-25,109.20999908447266,106.0500030517578,106.73999786376952,125.58000183105467,128.5,0.029797227173794738,0.029361916039169513,108.24199981689453,120.25476255871001,20.809999465942383,4543.06005859375
2022-03-28,108.29000091552734,109.20999908447266,108.95999908447266,126.26000213623048,117.76000213623048,-0.008424120288048953,-0.008459803731763239,108.10800018310547,119.8038101196289,19.6299991607666,4575.52001953125
2022-03-29,104.3499984741211,108.29000091552734,108.22000122070312,122.18000030517578,123.63999938964844,-0.036383806520416284,-0.03706220319418331,107.33399963378906,118.88523864746094,18.899999618530273,4631.60009765625
2022-03-30,107.41000366210938,104.3499984741211,108.7699966430664,115.0999984741211,132.8000030517578,0.029324439221215304,0.02890270280412498,107.06200103759765,117.67619105747768,19.329999923706055,4602.4501953125
2022-03-31,111.4499969482422,107.41000366210938,106.0500030517578,109.25,124.91999816894533,0.03761282141691247,0.03692271074494024,108.14199981689453,117.03476242792038,20.559999465942383,4530.41015625
2022-04-01,112.22000122070312,111.4499969482422,109.20999908447266,106.73999786376952,122.36000061035156,0.0069089662947099395,0.006885208751020613,108.74400024414062,116.55190531412761,19.6299991607666,4545.85986328125
2022-04-04,107.11000061035156,112.22000122070312,108.29000091552734,108.95999908447266,127.8499984741211,-0.04553556010306681,-0.04660489172569348,108.50800018310547,115.56428636823382,18.56999969482422,4582.64013671875
2022-04-05,116.2699966430664,107.11000061035156,104.3499984741211,108.22000122070312,133.66000366210938,0.08551952180485367,0.08205869433373518,110.89199981689453,114.73619079589844,21.030000686645508,4525.1201171875
2022-04-06,114.83999633789062,116.2699966430664,107.41000366210938,108.7699966430664,139.7100067138672,-0.012298962298637472,-0.012375220444569134,112.37799835205078,113.5519045875186,22.100000381469727,4481.14990234375
2022-04-07,113.33000183105467,114.83999633789062,111.4499969482422,106.0500030517578,130.86000061035156,-0.013148681252071248,-0.01323589046236944,112.75399932861328,112.71714274088542,21.549999237060547,4500.2099609375
2022-04-08,112.13999938964844,113.33000183105467,112.22000122070312,109.20999908447266,125.47000122070312,-0.010500330205413855,-0.010555847648934472,112.73799896240234,112.08238074893043,21.15999984741211,4488.27978515625
2022-04-11,117.3499984741211,112.13999938964844,107.11000061035156,108.29000091552734,125.58000183105467,0.04645977450356198,0.04541282404146717,114.78599853515625,111.6904758271717,24.3700008392334,4412.52978515625
2022-04-12,117.26000213623048,117.3499984741211,116.2699966430664,104.3499984741211,126.26000213623048,-0.000766905317944766,-0.0007671995402648375,114.98399963378907,111.26190439860027,24.260000228881836,4397.4501953125
2022-04-13,113.76000213623048,117.26000213623048,114.83999633789062,107.41000366210938,122.18000030517578,-0.02984820003613653,-0.030302724920636955,114.76800079345703,110.86095210484096,21.81999969482422,4446.58984375
2022-04-14,114.75,113.76000213623048,113.33000183105467,111.4499969482422,115.0999984741211,0.008702512703752996,0.008664864107326583,115.0520004272461,110.84428551083519,22.700000762939453,4392.58984375
2022-04-18,110.9000015258789,114.75,112.13999938964844,112.22000122070312,109.25,-0.03355118495966092,-0.034126940825280894,114.80400085449219,110.92285701206752,22.170000076293945,4391.68994140625
2022-04-19,106.05999755859376,110.9000015258789,117.3499984741211,107.11000061035156,106.73999786376952,-0.043642956723997095,-0.04462395942549459,112.54600067138672,110.89047604515439,21.3700008392334,4462.2099609375
2022-04-20,103.02999877929688,106.05999755859376,117.26000213623048,116.2699966430664,108.95999908447266,-0.028568723826558062,-0.028984752580938206,109.7,110.60809507824126,20.31999969482422,4459.4501953125
2022-04-21,110.93000030517578,103.02999877929688,113.76000213623048,114.83999633789062,108.22000122070312,0.07667671182644287,0.07387917839269369,109.13399963378906,110.73714265369233,22.68000030517578,4393.66015625
2022-04-22,122.37000274658205,110.93000030517578,114.75,113.33000183105467,108.7699966430664,0.10312812052586362,0.09814988994083894,110.65800018310547,111.38476199195499,28.209999084472656,4271.77978515625
2022-04-25,116.9800033569336,122.37000274658205,110.9000015258789,112.13999938964844,106.0500030517578,-0.044046737506500566,-0.04504625573094869,111.8740005493164,111.90523819696335,27.020000457763672,4296.1201171875
2022-04-26,127.5,116.9800033569336,106.05999755859376,117.3499984741211,109.20999908447266,0.08992987127011287,0.08611335588695603,116.16200103759766,112.77619062151227,33.52000045776367,4175.2001953125
2022-04-27,123.70999908447266,127.5,103.02999877929688,117.26000213623048,108.29000091552734,-0.02972549737668506,-0.030176255124333518,120.29800109863281,113.51047624860492,31.600000381469727,4183.9599609375
2022-04-28,119.75,123.70999908447266,110.93000030517578,113.76000213623048,104.3499984741211,-0.03201033961505939,-0.032533873183122716,122.06200103759765,114.24380965459915,29.989999771118164,4287.5
2022-04-29,121.9800033569336,119.75,122.37000274658205,114.75,107.41000366210938,0.01862215746917406,0.018450888097645935,121.98400115966797,114.93761916387649,33.400001525878906,4131.93017578125
2022-05-02,124.4800033569336,121.9800033569336,116.9800033569336,110.9000015258789,111.4499969482422,0.02049516257746431,0.02028796300906472,123.48400115966797,115.55809565952846,32.34000015258789,4155.3798828125
2022-05-03,117.5500030517578,124.4800033569336,127.5,106.05999755859376,112.22000122070312,-0.0556715947806069,-0.0572812864502977,121.49400177001954,115.81190527053107,29.25,4175.47998046875
2022-05-04,106.62000274658205,117.5500030517578,123.70999908447266,103.02999877929688,107.11000061035156,-0.09298171009288048,-0.09759266379234613,118.07600250244141,115.788572038923,25.420000076293945,4300.169921875
2022-05-05,119.18000030517578,106.62000274658205,119.75,110.93000030517578,116.2699966430664,0.11780151224012592,0.11136382072437052,117.96200256347656,115.92714364188058,31.200000762939453,4146.8701171875
2022-05-06,116.77999877929688,119.18000030517578,121.9800033569336,122.37000274658205,114.83999633789062,-0.02013761973261785,-0.020343145477085798,116.92200164794922,116.01952471051898,30.190000534057617,4123.33984375
2022-05-09,125.93000030517578,116.77999877929688,124.4800033569336,116.9800033569336,113.33000183105467,0.0783524714978936,0.07543438703875517,117.21200103759766,116.61952463785808,34.75,3991.239990234375
2022-05-10,120.9800033569336,125.93000030517578,117.5500030517578,127.5,112.13999938964844,-0.03930752748547983,-0.04010092901452425,117.89800109863282,117.0404772077288,32.9900016784668,4001.050048828125
2022-05-11,125.88999938964844,120.9800033569336,106.62000274658205,123.70999908447266,117.3499984741211,0.040585186778583804,0.039783234503268185,121.75200042724609,117.44714391799201,32.560001373291016,3935.179931640625
2022-05-12,122.11000061035156,125.88999938964844,119.18000030517578,119.75,117.26000213623048,-0.030026203809861096,-0.030486222086569818,122.33800048828125,117.67809622628349,31.770000457763672,3930.080078125
2022-05-13,113.88999938964844,122.11000061035156,116.77999877929688,121.9800033569336,113.76000213623048,-0.06731636376723016,-0.06968921791617781,121.76000061035157,117.68428657168434,28.8700008392334,4023.889892578125
2022-05-16,108.26000213623048,113.88999938964844,125.93000030517578,124.4800033569336,114.75,-0.04943364021064056,-0.050697303825887975,118.2260009765625,117.37523905436198,27.469999313354492,4008.010009765625
2022-05-17,101.1999969482422,108.26000213623048,120.9800033569336,117.5500030517578,110.9000015258789,-0.06521342184257695,-0.06743703440358431,114.26999969482422,116.91333407447452,26.100000381469727,4088.85009765625
2022-05-18,114.95999908447266,101.1999969482422,125.88999938964844,106.62000274658205,106.05999755859376,0.1359684046558607,0.1274855071092369,112.08399963378906,117.33714367094494,30.959999084472656,3923.679931640625
2022-05-19,104.88999938964844,114.95999908447266,122.11000061035156,119.18000030517578,103.02999877929688,-0.08759568349878621,-0.09167205765234766,108.63999938964844,117.42571512858073,29.350000381469727,3900.7900390625
2022-05-20,107.8000030517578,104.88999938964844,113.88999938964844,116.77999877929688,110.93000030517578,0.027743385251621566,0.02736551062979356,107.42200012207032,117.27666764032273,29.43000030517578,3901.360107421875
2022-05-23,102.68000030517578,107.8000030517578,108.26000213623048,125.93000030517578,122.37000274658205,-0.04749538591500557,-0.04866032780929286,106.30599975585938,116.33904847644624,28.479999542236328,3973.75
2022-05-24,104.29000091552734,102.68000030517578,101.1999969482422,120.9800033569336,116.9800033569336,0.015679787744122153,0.015558129936744892,106.9240005493164,115.73476264590309,29.450000762939453,3941.47998046875
2022-05-25,98.79000091552734,104.29000091552734,114.95999908447266,125.88999938964844,127.5,-0.0527375582674976,-0.054179094587998376,103.69000091552735,114.36761983235677,28.3700008392334,3978.72998046875
2022-05-26,96.25,98.79000091552734,104.88999938964844,122.11000061035156,123.70999908447266,-0.025711113391923446,-0.026047421155898053,101.96200103759766,113.06000082833427,27.5,4057.840087890625
2022-05-27,93.66000366210938,96.25,107.8000030517578,113.88999938964844,119.75,-0.026909052861201266,-0.027277730312462604,99.13400115966797,111.81762005033947,25.719999313354492,4158.240234375
2022-05-31,93.0999984741211,93.66000366210938,102.68000030517578,108.26000213623048,121.9800033569336,-0.005979128401580769,-0.005997074962086428,97.21800079345704,110.44238172258649,26.190000534057617,4132.14990234375
2022-06-01,91.38999938964844,93.0999984741211,104.29000091552734,101.1999969482422,124.4800033569336,-0.01836733740600416,-0.018538111287771945,94.63800048828125,108.86666724795387,25.690000534057617,4101.22998046875
2022-06-02,91.08000183105467,91.38999938964844,98.79000091552734,114.95999908447266,117.5500030517578,-0.0033920293321380024,-0.0033977953062275822,93.09600067138672,107.60619099934895,24.719999313354492,4176.81982421875
2022-06-03,90.5,91.08000183105467,96.25,104.88999938964844,106.62000274658205,-0.006368048082942779,-0.006388410593464471,91.94600067138671,106.83857182094029,24.790000915527344,4108.5400390625
2022-06-06,89.52999877929688,90.5,93.66000366210938,107.8000030517578,119.18000030517578,-0.010718245532631232,-0.010776099694386735,91.11999969482422,105.42666698637463,25.06999969482422,4121.43017578125
2022-06-07,87.81999969482422,89.52999877929688,93.0999984741211,102.68000030517578,116.77999877929688,-0.01909973313735913,-0.019284489352936963,90.06399993896484,104.04761941092355,24.020000457763672,4160.68017578125
2022-06-08,92.68000030517578,87.81999969482422,91.38999938964844,104.29000091552734,125.93000030517578,0.05534047628376371,0.05386344119840863,90.3220001220703,102.46428607759022,23.959999084472656,4115.77001953125
2022-06-09,98.81999969482422,92.68000030517578,91.08000183105467,98.79000091552734,120.9800033569336,0.06624945370555357,0.06414730747243987,91.86999969482422,101.40904780796596,26.09000015258789,4017.820068359375
2022-06-10,99.75,98.81999969482422,90.5,96.25,125.88999938964844,0.009411053511918732,0.009367045440567465,93.71999969482422,100.16428593226841,27.75,3900.860107421875
2022-06-13,113.72000122070312,99.75,89.52999877929688,93.66000366210938,122.11000061035156,0.14005013755090845,0.13107224174711313,98.55800018310546,99.76476215180897,34.02000045776367,3749.6298828125
2022-06-14,111.01000213623048,113.72000122070312,87.81999969482422,93.0999984741211,113.88999938964844,-0.023830452474346897,-0.024118990928944397,103.19600067138671,99.62761942545573,32.689998626708984,3735.47998046875
2022-06-15,105.37000274658205,111.01000213623048,92.68000030517578,91.38999938964844,108.26000213623048,-0.05080622719678074,-0.05214231491063337,105.73400115966797,99.49000040690105,29.6200008392334,3789.989990234375
2022-06-16,114.36000061035156,105.37000274658205,98.81999969482422,91.08000183105467,101.1999969482422,0.0853183793246235,0.08187338111370973,108.84200134277344,100.11666724795387,32.95000076293945,3666.77001953125
2022-06-17,110.05999755859376,114.36000061035156,99.75,90.5,114.95999908447266,-0.03760058612109318,-0.038325723342108146,110.90400085449218,99.88333384195964,31.1299991607666,3674.840087890625
2022-06-21,104.37000274658205,110.05999755859376,113.72000122070312,89.52999877929688,104.88999938964844,-0.05169902724177766,-0.05308334530133076,109.03400115966797,99.8585720970517,30.190000534057617,3764.7900390625
2022-06-22,99.66000366210938,104.37000274658205,111.01000213623048,87.81999969482422,107.8000030517578,-0.04512790035953995,-0.04617787454849104,106.76400146484374,99.47095307849702,28.950000762939453,3759.889892578125
2022-06-23,98.30999755859376,99.66000366210938,105.37000274658205,92.68000030517578,102.68000030517578,-0.013546117338031793,-0.013638703054208263,105.3520004272461,99.26285770961216,29.049999237060547,3795.72998046875
2022-06-24,91.33999633789062,98.30999755859376,114.36000061035156,98.81999969482422,104.29000091552734,-0.07089819340651438,-0.07353695888138924,100.74799957275391,98.6461908249628,27.229999542236328,3911.739990234375
2022-06-27,87.58000183105469,91.33999633789062,110.05999755859376,99.75,98.79000091552734,-0.04116481998670907,-0.04203608538321432,96.2520004272461,98.11238134474982,26.950000762939453,3900.110107421875
2022-06-28,90.62000274658205,87.58000183105469,104.37000274658205,113.72000122070312,96.25,0.03471113098846068,0.03412228726730001,93.50200042724609,97.8442862374442,28.360000610351562,3821.550048828125
2022-06-29,88.91999816894531,90.62000274658205,99.66000366210938,111.01000213623048,93.66000366210938,-0.01875970565119911,-0.01893790104393849,91.35399932861328,97.61857169015067,28.15999984741211,3818.830078125
2022-06-30,89.38999938964844,88.91999816894531,98.30999755859376,105.37000274658205,93.0999984741211,0.005285663859440737,0.005271743767961191,89.56999969482422,97.44190506708055,28.709999084472656,3785.3798828125
2022-07-01,85.51000213623047,89.38999938964844,91.33999633789062,114.36000061035156,91.38999938964844,-0.04340527217709411,-0.04437545912170535,88.40400085449218,97.16190519787017,26.700000762939453,3825.330078125
2022-07-05,87.30000305175781,85.51000213623047,87.58000183105469,110.05999755859376,91.08000183105467,0.020933234368016862,0.020717144652596584,88.3480010986328,96.9819052559989,27.540000915527344,3831.389892578125
2022-07-06,85.87999725341797,87.30000305175781,90.62000274658205,104.37000274658205,90.5,-0.01626581613631739,-0.016399556773736147,87.4,96.76190512520927,26.729999542236328,3845.080078125
2022-07-07,85.87999725341797,85.87999725341797,88.91999816894531,99.66000366210938,89.52999877929688,0.0,0.0,86.79199981689453,96.58809552873885,26.079999923706055,3902.6201171875
2022-07-08,84.73999786376953,85.87999725341797,89.38999938964844,98.30999755859376,87.81999969482422,-0.013274329600692525,-0.013363221039774813,85.86199951171875,96.4414287748791,24.639999389648438,3899.3798828125
2022-07-11,88.05000305175781,84.73999786376953,85.51000213623047,91.33999633789062,92.68000030517578,0.03906071833173219,0.03831714961240878,86.36999969482422,96.22095271519254,26.170000076293945,3854.429931640625
2022-07-12,90.05999755859375,88.05000305175781,87.30000305175781,87.58000183105469,98.81999969482422,0.022827875493137917,0.02257121816317382,86.9219985961914,95.80380975632441,27.290000915527344,3818.800048828125
2022-07-13,90.48999786376952,90.05999755859375,85.87999725341797,90.62000274658205,99.75,0.004774598232650362,0.004763235990914674,87.84399871826172,95.36285727364677,26.81999969482422,3801.780029296875
2022-07-14,90.7300033569336,90.48999786376952,85.87999725341797,88.91999816894531,113.72000122070312,0.0026522875326553397,0.002648776425018493,88.81399993896484,94.26809547061013,26.399999618530273,3790.3798828125
2022-07-15,89.37000274658203,90.7300033569336,84.73999786376953,89.38999938964844,111.01000213623048,-0.014989535545383958,-0.015103014054687523,89.74000091552735,93.2376193091983,24.229999542236328,3863.159912109375
2022-07-18,91.86000061035156,89.37000274658203,88.05000305175781,85.51000213623047,105.37000274658205,0.027861673797081377,0.027480599416007306,90.50200042724609,92.5942858741397,25.299999237060547,3830.85009765625
2022-07-19,88.61000061035156,91.86000061035156,90.05999755859375,87.30000305175781,114.36000061035156,-0.035379925739231544,-0.0360209605947371,90.21200103759766,91.36809539794922,24.5,3936.68994140625
2022-07-20,86.75,88.61000061035156,90.48999786376952,85.87999725341797,110.05999755859376,-0.020990865563026206,-0.021214306120308796,89.46400146484375,90.25809551420666,23.8799991607666,3959.89990234375
2022-07-21,85.04000091552734,86.75,90.7300033569336,85.87999725341797,104.37000274658205,-0.019711805008330363,-0.01990867402743253,88.3260009765625,89.33761923653739,23.110000610351562,3998.949951171875
2022-07-22,84.52999877929688,85.04000091552734,89.37000274658203,84.73999786376953,99.66000366210938,-0.0059972028544198475,-0.006015258299763686,87.35800018310547,88.61714281354632,23.030000686645508,3961.6298828125
2022-07-25,83.81999969482422,84.52999877929688,91.86000061035156,88.05000305175781,98.30999755859376,-0.00839937412428482,-0.008434847643693726,85.75,87.92714291527157,23.360000610351562,3966.840087890625
2022-07-26,84.83000183105469,83.81999969482422,88.61000061035156,90.05999755859375,91.33999633789062,0.012049655689665206,0.011977636548554431,84.99400024414062,87.61714317685082,24.690000534057617,3921.050048828125
2022-07-27,81.7699966430664,84.83000183105469,86.75,90.48999786376952,87.58000183105469,-0.03607220466743022,-0.03673888828411221,83.99799957275391,87.34047626313709,23.239999771118164,4023.610107421875
2022-07-28,80.87999725341797,81.7699966430664,85.04000091552734,90.7300033569336,90.62000274658205,-0.010884180337359717,-0.010943846367034729,83.16599884033204,86.87666647774833,22.329999923706055,4072.429931640625
2022-07-29,80.29000091552734,80.87999725341797,84.52999877929688,89.37000274658203,88.91999816894531,-0.00729471263509085,-0.00732144915413662,82.31799926757813,86.46571422758556,21.329999923706055,4130.2900390625
2022-08-01,86.33999633789062,80.29000091552734,83.81999969482422,91.86000061035156,89.38999938964844,0.07535179167239581,0.0726478561130012,82.8219985961914,86.32047598702567,22.84000015258789,4118.6298828125
2022-08-02,88.47000122070312,86.33999633789062,84.83000183105469,88.61000061035156,85.51000213623047,0.02466996725916859,0.02437057758087683,83.5499984741211,86.46142832438152,23.93000030517578,4091.18994140625
2022-08-03,84.5999984741211,88.47000122070312,81.7699966430664,86.75,87.30000305175781,-0.04374367235428955,-0.04472927671744368,84.11599884033203,86.33285667782738,21.950000762939453,4155.169921875
2022-08-04,83.69000244140625,84.5999984741211,80.87999725341797,85.04000091552734,85.87999725341797,-0.010756454481417155,-0.010814723358982727,84.6779998779297,86.22857121058873,21.440000534057617,4151.93994140625
2022-08-05,84.12999725341797,83.69000244140625,80.29000091552734,84.52999877929688,85.87999725341797,0.005257435765039897,0.0052436636990405424,85.44599914550781,86.1452378772554,21.149999618530273,4145.18994140625
2022-08-08,86.94999694824219,84.12999725341797,86.33999633789062,83.81999969482422,84.73999786376953,0.033519550539503395,0.032970016786602836,85.56799926757813,86.25047592889695,21.290000915527344,4140.06005859375
2022-08-09,87.48999786376953,86.94999694824219,88.47000122070312,84.83000183105469,88.05000305175781,0.006210476532262366,0.006191270998875622,85.3719985961914,86.22380901518322,21.770000457763672,4122.47021484375
2022-08-10,90.04000091552734,87.48999786376953,84.5999984741211,81.7699966430664,90.05999755859375,0.0291462237286646,0.028729549505218516,86.45999908447266,86.22285679408482,19.739999771118164,4210.240234375
2022-08-11,90.83999633789062,90.04000091552734,83.69000244140625,80.87999725341797,90.48999786376952,0.008884889096278492,0.008845650716976816,87.88999786376954,86.23952338809059,20.200000762939453,4207.27001953125
2022-08-12,91.01000213623048,90.83999633789062,84.12999725341797,80.29000091552734,90.7300033569336,0.0018714861866298005,0.0018697371382297152,89.26599884033203,86.2528566632952,19.530000686645508,4280.14990234375
2022-08-15,88.7300033569336,91.01000213623048,86.94999694824219,86.33999633789062,89.37000274658203,-0.02505217806592308,-0.025371325381369537,89.62200012207032,86.22238050188336,19.950000762939453,4297.14013671875
2022-08-16,88.05000305175781,88.7300033569336,87.48999786376953,88.47000122070312,91.86000061035156,-0.007663702011148854,-0.007693219078787512,89.73400115966797,86.04095204671223,19.690000534057617,4305.2001953125
2022-08-17,87.47000122070312,88.05000305175781,90.04000091552734,84.5999984741211,88.61000061035156,-0.006587186950053225,-0.006608978214146647,89.22000122070312,85.98666636149089,19.899999618530273,4274.0400390625
2022-08-18,86.45999908447266,87.47000122070312,90.83999633789062,83.69000244140625,86.75,-0.011546840312509521,-0.011614022736983276,88.34400177001953,85.97285679408482,19.559999465942383,4283.740234375
2022-08-19,89.7699966430664,86.45999908447266,91.01000213623048,84.12999725341797,85.04000091552734,0.03828357152028006,0.0375689377233119,88.09600067138672,86.19809468587239,20.600000381469727,4228.47998046875
2022-08-22,94.75,89.7699966430664,88.7300033569336,86.94999694824219,84.52999877929688,0.05547514251041519,0.05399103758876613,89.3,86.68476141066779,23.799999237060547,4137.990234375
2022-08-23,93.33999633789062,94.75,88.05000305175781,87.48999786376953,83.81999969482422,-0.01488130514099606,-0.014993142674950692,90.35799865722656,87.13809458414714,24.110000610351562,4128.72998046875
2022-08-24,86.44999694824219,93.33999633789062,87.47000122070312,90.04000091552734,84.83000183105469,-0.07381615234595307,-0.0766825244591284,90.15399780273438,87.21523720877511,22.81999969482422,4140.77001953125
2022-08-25,83.31999969482422,86.44999694824219,86.45999908447266,90.83999633789062,81.7699966430664,-0.03620586887113375,-0.03687756409838081,89.52599792480468,87.28904687790643,21.780000686645508,4199.1201171875
2022-08-26,91.66000366210938,83.31999969482422,89.7699966430664,91.01000213623048,80.87999725341797,0.10009606334411969,0.09539750630409116,89.90399932861328,87.80238051641555,25.559999465942383,4057.659912109375
2022-08-29,91.56999969482422,91.66000366210938,94.75,88.7300033569336,80.29000091552734,-0.0009819328353611878,-0.0009824152472309926,89.26799926757812,88.33952331542969,26.209999084472656,4030.610107421875
2022-08-30,91.11000061035156,91.56999969482422,93.33999633789062,88.05000305175781,86.33999633789062,-0.0050234693240766015,-0.005036129362106577,88.8220001220703,88.56666637602306,26.209999084472656,3986.159912109375
2022-08-31,88.4000015258789,91.11000061035156,86.44999694824219,87.47000122070312,88.47000122070312,-0.029744254926113545,-0.03019558752015814,89.21200103759766,88.56333305722191,25.8700008392334,3955.0
2022-09-01,87.73999786376953,88.4000015258789,83.31999969482422,86.45999908447266,84.5999984741211,-0.007466104646119964,-0.007494115513884981,90.09600067138672,88.71285683768136,25.559999465942383,3966.85009765625
2022-09-02,89.19000244140625,87.73999786376953,91.66000366210938,89.7699966430664,83.69000244140625,0.016526152415550444,0.016391081660423426,89.6020004272461,88.97476159958612,25.469999313354492,3924.260009765625
2022-09-06,94.08000183105467,89.19000244140625,91.56999969482422,94.75,84.12999725341797,0.05482676595799996,0.053376550561848035,90.10400085449218,89.44857134137835,26.90999984741211,3908.18994140625
2022-09-07,88.26000213623047,94.08000183105467,91.11000061035156,93.33999633789062,86.94999694824219,-0.06186224045016009,-0.06385847556782184,89.53400115966797,89.51095254080636,24.639999389648438,3979.8701171875
2022-09-08,85.56999969482422,88.26000213623047,88.4000015258789,86.44999694824219,87.48999786376953,-0.030478159713322905,-0.03095227718165989,88.96800079345704,89.41952405657086,23.610000610351562,4006.179931640625
2022-09-09,84.08999633789062,85.56999969482422,87.73999786376953,83.31999969482422,90.04000091552734,-0.01729582052368661,-0.017447140568649898,88.23800048828124,89.13619050525483,22.790000915527344,4067.360107421875
2022-09-12,84.52999877929688,84.08999633789062,89.19000244140625,91.66000366210938,90.83999633789062,0.005232518261009789,0.005218876204846417,87.30599975585938,88.83571443103608,23.8700008392334,4110.41015625
2022-09-13,93.88999938964844,84.52999877929688,94.08000183105467,91.56999969482422,91.01000213623048,0.11072992719176544,0.10501739126997478,87.26799926757812,88.97285715738933,27.270000457763672,3932.68994140625
2022-09-14,93.58000183105467,93.88999938964844,88.26000213623047,91.11000061035156,88.7300033569336,-0.0033017100927571486,-0.0033071727649462367,88.33199920654297,89.2038094656808,26.15999984741211,3946.010009765625
2022-09-15,92.61000061035156,93.58000183105467,85.56999969482422,88.4000015258789,88.05000305175781,-0.010365475547375103,-0.010419571232065482,89.73999938964843,89.42095220656623,26.270000457763672,3901.35009765625
2022-09-16,92.41999816894533,92.61000061035156,84.08999633789062,87.73999786376953,87.47000122070312,-0.002051640645222008,-0.0020537481429359216,91.40599975585937,89.6566663469587,26.299999237060547,3873.330078125
2022-09-19,88.98999786376953,92.41999816894533,84.52999877929688,89.19000244140625,86.45999908447266,-0.03711318300294375,-0.03781940576631566,92.29799957275391,89.77714247930618,25.760000228881836,3899.889892578125
2022-09-20,91.12000274658205,88.98999786376953,93.88999938964844,94.08000183105467,89.7699966430664,0.023935329070051692,0.023653369417914467,91.74400024414062,89.8414284842355,27.15999984741211,3855.929931640625
2022-09-21,92.0500030517578,91.12000274658205,93.58000183105467,88.26000213623047,94.75,0.010206324376023312,0.010154591550950427,91.43800048828125,89.71285720098587,27.989999771118164,3789.929931640625
2022-09-22,89.18000030517578,92.0500030517578,92.61000061035156,85.56999969482422,93.33999633789062,-0.03117873602859389,-0.031675138210997655,90.75200042724609,89.51476215180897,27.350000381469727,3757.989990234375
2022-09-23,101.5500030517578,89.18000030517578,92.41999816894533,84.08999633789062,86.44999694824219,0.13870826086848642,0.12989451545681774,92.5780014038086,90.23381006150018,29.920000076293945,3693.22998046875
2022-09-26,109.08999633789062,101.5500030517578,88.98999786376953,84.52999877929688,83.31999969482422,0.07424907001026737,0.07162187796188046,96.5980010986328,91.46095275878906,32.2599983215332,3655.0400390625
2022-09-27,113.76000213623048,109.08999633789062,91.12000274658205,93.88999938964844,91.66000366210938,0.04280874466138207,0.04191778879327885,101.1260009765625,92.51333363850911,32.599998474121094,3647.2900390625
2022-09-28,105.83000183105467,113.76000213623048,92.0500030517578,93.58000183105467,91.56999969482422,-0.06970815889823412,-0.07225693442584599,103.88200073242187,93.192381359282,30.18000030517578,3719.0400390625
2022-09-29,108.30999755859376,105.83000183105467,89.18000030517578,92.61000061035156,91.11000061035156,0.023433768162435697,0.023163412899250984,107.70800018310547,94.01142883300781,31.84000015258789,3640.469970703125
2022-09-30,106.19000244140624,108.30999755859376,101.5500030517578,92.41999816894533,88.4000015258789,-0.01957340194787327,-0.01976749790005491,108.63600006103516,94.85857173374721,31.6200008392334,3585.6201171875
2022-10-03,103.02999877929688,106.19000244140624,109.08999633789062,88.98999786376953,87.73999786376953,-0.02975801477971518,-0.030209769297737218,107.4240005493164,95.58666701543899,30.100000381469727,3678.429931640625
2022-10-04,96.83000183105467,103.02999877929688,113.76000213623048,91.12000274658205,89.19000244140625,-0.06017661867126067,-0.06206331357550773,104.03800048828126,95.95047651018415,29.06999969482422,3790.929931640625
2022-10-05,92.79000091552734,96.83000183105467,105.83000183105467,92.0500030517578,94.08000183105467,-0.04172261529619892,-0.04261799730168562,101.43000030517577,95.88904789515904,28.549999237060547,3783.280029296875
2022-10-06,97.7300033569336,92.79000091552734,108.30999755859376,89.18000030517578,88.26000213623047,0.05323852131334128,0.051869723468055996,99.31400146484374,96.34000033424014,30.520000457763672,3744.52001953125
2022-10-07,103.37000274658205,97.7300033569336,106.19000244140624,101.5500030517578,85.56999969482422,0.05771000916729552,0.05610620245098777,98.7500015258789,97.18761952718098,31.360000610351562,3639.659912109375
2022-10-10,107.11000061035156,103.37000274658205,103.02999877929688,109.08999633789062,84.08999633789062,0.036180688443419706,0.03554153832410934,99.56600189208984,98.28381020682198,32.45000076293945,3612.389892578125
2022-10-11,105.26000213623048,107.11000061035156,96.83000183105467,113.76000213623048,84.52999877929688,-0.017271949057782843,-0.01742284925446924,101.25200195312502,99.27095322381882,33.630001068115234,3588.840087890625
2022-10-12,109.19000244140624,105.26000213623048,92.79000091552734,105.83000183105467,93.88999938964844,0.03733612222513005,0.036656006164791,104.53200225830078,99.99952479771206,33.56999969482422,3577.030029296875
2022-10-13,101.26000213623048,109.19000244140624,97.7300033569336,108.30999755859376,93.58000183105467,-0.07262569949507203,-0.07539801874697015,105.23800201416016,100.36523909795852,31.940000534057617,3669.909912109375
2022-10-14,101.94000244140624,101.26000213623048,103.37000274658205,106.19000244140624,92.61000061035156,0.006715389006815453,0.006692941223086559,104.952001953125,100.80952489943732,32.02000045776367,3583.070068359375
2022-10-17,97.31999969482422,101.94000244140624,107.11000061035156,103.02999877929688,92.41999816894533,-0.045320802785320025,-0.046379914081813814,102.99400177001954,101.04285830543155,31.3700008392334,3677.949951171875
2022-10-18,92.3000030517578,97.31999969482422,105.26000213623048,96.83000183105467,88.98999786376953,-0.051582374217099436,-0.05296034020725404,100.402001953125,101.20047760009766,30.5,3719.97998046875
2022-10-19,90.69000244140624,92.3000030517578,109.19000244140624,92.79000091552734,91.12000274658205,-0.017443126295984435,-0.017597050192448026,96.702001953125,101.18000139508929,30.760000228881836,3695.159912109375
2022-10-20,88.3499984741211,90.69000244140624,101.26000213623048,97.7300033569336,92.0500030517578,-0.02580222631261908,-0.026140942884959547,94.12000122070312,101.0038107009161,29.979999542236328,3665.780029296875
2022-10-21,87.31999969482422,88.3499984741211,101.94000244140624,103.37000274658205,89.18000030517578,-0.01165816408699294,-0.01172665330803274,91.19600067138671,100.91523924328033,29.690000534057617,3752.75
2022-10-24,86.05999755859375,87.31999969482422,97.31999969482422,107.11000061035156,101.5500030517578,-0.014429708436029198,-0.014534829145029937,88.94400024414062,100.17761993408203,29.850000381469727,3797.340087890625
2022-10-25,82.20999908447266,86.05999755859375,92.3000030517578,105.26000213623048,109.08999633789062,-0.044736214075532965,-0.04576776101420595,86.92599945068359,98.89762006487165,28.459999084472656,3859.110107421875
2022-10-26,80.41999816894531,82.20999908447266,90.69000244140624,109.19000244140624,113.76000213623048,-0.021773518251570256,-0.02201405932711498,84.8719985961914,97.31000082833427,27.280000686645508,3830.60009765625
2022-10-27,82.51000213623047,80.41999816894531,88.3499984741211,101.26000213623048,105.83000183105467,0.02598860998348318,0.025656645306336327,83.70399932861328,96.19952465239025,27.389999389648438,3807.300048828125
2022-10-28,78.12000274658203,82.51000213623047,87.31999969482422,101.94000244140624,108.30999755859376,-0.05320566326492404,-0.05467338283983824,81.86399993896484,94.76190585181827,25.75,3901.06005859375
2022-10-31,78.86000061035156,78.12000274658203,86.05999755859375,97.31999969482422,106.19000244140624,0.009472578568258117,0.00942799502218851,80.4240005493164,93.46047719319661,25.8799991607666,3871.97998046875
2022-11-01,80.23999786376953,78.86000061035156,82.20999908447266,92.3000030517578,103.02999877929688,0.017499331000979224,0.017347980841501742,80.03000030517578,92.37523905436198,25.809999465942383,3856.10009765625
2022-11-02,80.93000030517578,80.23999786376953,80.41999816894531,90.69000244140624,96.83000183105467,0.008599233048058208,0.008562470247803565,80.13200073242187,91.61809612455822,25.860000610351562,3759.68994140625
2022-11-03,79.16999816894531,80.93000030517578,82.51000213623047,88.3499984741211,92.79000091552734,-0.02174721524272516,-0.02198717122326744,79.46399993896485,90.96952456519718,25.299999237060547,3719.889892578125
2022-11-04,79.23999786376953,79.16999816894531,78.12000274658203,87.31999969482422,97.7300033569336,0.0008841694637258257,0.0008837788161543442,79.68799896240235,90.08904811314174,24.549999237060547,3770.550048828125
2022-11-07,79.94999694824219,79.23999786376953,78.86000061035156,86.05999755859375,103.37000274658205,0.008960109838636043,0.008920206237774597,79.90599822998047,88.97380974179222,24.350000381469727,3806.800048828125
2022-11-08,84.5999984741211,79.94999694824219,80.23999786376953,82.20999908447266,107.11000061035156,0.05816137214976025,0.0565328474666507,80.77799835205079,87.9019048781622,25.540000915527344,3828.110107421875
2022-11-09,90.11000061035156,84.5999984741211,80.93000030517578,80.41999816894531,105.26000213623048,0.06513005006632433,0.06309690444456761,82.61399841308594,87.18047623407273,26.09000015258789,3748.570068359375
2022-11-10,85.77999877929688,90.11000061035156,79.16999816894531,82.51000213623047,109.19000244140624,-0.04805240041866421,-0.04924528816224339,83.93599853515624,86.06571415492466,23.530000686645508,3956.3701171875
2022-11-11,85.88999938964844,85.77999877929688,79.23999786376953,78.12000274658203,101.26000213623048,0.0012823573317433112,0.0012815358138248566,85.26599884033203,85.33380926223029,22.520000457763672,3992.929931640625
2022-11-14,84.56999969482422,85.88999938964844,79.94999694824219,78.86000061035156,101.94000244140624,-0.01536849114220984,-0.015487810486360354,86.18999938964843,84.5066662742978,23.729999542236328,3957.25
2022-11-15,88.30999755859375,84.56999969482422,84.5999984741211,80.23999786376953,97.31999969482422,0.04422369489494549,0.04327373364927406,86.93199920654297,84.07761855352493,24.540000915527344,3991.72998046875
2022-11-16,81.37999725341797,88.30999755859375,90.11000061035156,80.93000030517578,92.3000030517578,-0.07847356467853739,-0.08172381501138959,85.18599853515624,83.55761827741351,24.110000610351562,3958.7900390625
2022-11-17,81.16000366210938,81.37999725341797,85.77999877929688,79.16999816894531,90.69000244140624,-0.002703288261653891,-0.002706948743747127,84.26199951171876,83.1038088117327,23.93000030517578,3946.56005859375
2022-11-18,77.68000030517578,81.16000366210938,85.88999938964844,79.23999786376953,88.3499984741211,-0.04287830458241193,-0.04382473216801283,82.61999969482422,82.59571366083054,23.1200008392334,3965.340087890625
2022-11-21,77.11000061035156,77.68000030517578,84.56999969482422,79.94999694824219,87.31999969482422,-0.007337792129053833,-0.007364846151491637,81.12799987792968,82.10952322823661,22.360000610351562,3949.93994140625
2022-11-22,77.80999755859375,77.11000061035156,88.30999755859375,84.5999984741211,86.05999755859375,0.009077900955796636,0.009036944492122929,79.02799987792969,81.71666608537946,21.290000915527344,4003.580078125
2022-11-23,81.72000122070312,77.80999755859375,81.37999725341797,90.11000061035156,82.20999908447266,0.05025065910283577,0.04902885863472307,79.09600067138672,81.6933328537714,20.350000381469727,4027.260009765625
2022-11-25,82.5,81.72000122070312,81.16000366210938,85.77999877929688,80.41999816894531,0.009544771997620494,0.009499508453584144,79.36399993896484,81.79238056001209,20.5,4026.1201171875
2022-11-28,87.33000183105469,82.5,77.68000030517578,85.88999938964844,82.51000213623047,0.058545476740056834,0.05689577405208136,81.29400024414062,82.02190435500373,22.209999084472656,3963.93994140625
2022-11-29,85.43000030517578,87.33000183105469,77.11000061035156,84.56999969482422,78.12000274658203,-0.021756572610115987,-0.02199673665695732,82.95800018310547,82.36999947684151,21.889999389648438,3957.6298828125
2022-11-30,81.79000091552734,85.43000030517578,77.80999755859375,88.30999755859375,78.86000061035156,-0.04260797584742493,-0.04354233279524235,83.75400085449219,82.50952330089751,20.579999923706055,4080.110107421875
2022-12-01,82.19000244140625,81.79000091552734,81.72000122070312,81.37999725341797,80.23999786376953,0.004890592021046913,0.004878671924310837,83.8480010986328,82.60238066173736,19.84000015258789,4076.570068359375
2022-12-02,81.56999969482422,82.19000244140625,82.5,81.16000366210938,80.93000030517578,-0.007543529969159413,-0.007572126293613585,83.66200103759766,82.63285682314918,19.059999465942383,4071.699951171875
2022-12-05,84.70999908447266,81.56999969482422,87.33000183105469,77.68000030517578,79.16999816894531,0.0384945372244212,0.03777210406446167,83.13800048828125,82.89666639055524,20.75,3998.840087890625
2022-12-06,86.58999633789062,84.70999908447266,85.43000030517578,77.11000061035156,79.23999786376953,0.022193333416793415,0.021950645531512165,83.36999969482422,83.24666631789435,22.170000076293945,3941.260009765625
2022-12-07,87.18000030517578,86.58999633789062,81.79000091552734,77.80999755859375,79.94999694824219,0.006813765934148508,0.006790657143583591,84.4479995727539,83.59095219203404,22.68000030517578,3933.919921875
2022-12-08,84.9000015258789,87.18000030517578,82.19000244140625,81.72000122070312,84.5999984741211,-0.02615277324289611,-0.026500839020809352,84.98999938964843,83.60523805164155,22.290000915527344,3963.510009765625
2022-12-09,87.26000213623047,84.9000015258789,81.56999969482422,82.5,90.11000061035156,0.02779741540560754,0.027418080886711976,86.12799987792968,83.46952383858817,22.829999923706055,3934.3798828125
2022-12-12,91.7300033569336,87.26000213623047,84.70999908447266,87.33000183105469,85.77999877929688,0.051226233225671436,0.04995732394069874,87.53200073242188,83.75285738990421,25.0,3990.56005859375
2022-12-13,88.73999786376953,91.7300033569336,86.58999633789062,85.43000030517578,85.88999938964844,-0.03259571987073362,-0.033138794239524656,87.96200103759766,83.88857160295758,22.549999237060547,4019.64990234375
2022-12-14,88.3499984741211,88.73999786376953,87.18000030517578,81.79000091552734,84.56999969482422,-0.004394854620654254,-0.004404540382985142,88.19600067138671,84.06857154482887,21.139999389648438,3995.320068359375
2022-12-15,92.26000213623048,88.3499984741211,84.9000015258789,82.19000244140625,88.30999755859375,0.04425584300666041,0.04330451978927116,89.66800079345703,84.2566670009068,22.829999923706055,3895.75
2022-12-16,89.1500015258789,92.26000213623048,87.26000213623047,81.56999969482422,81.37999725341797,-0.03370908886127455,-0.034290339859125066,90.04600067138672,84.62666720435733,22.6200008392334,3852.360107421875
2022-12-19,87.54000091552734,89.1500015258789,91.7300033569336,84.70999908447266,81.16000366210938,-0.01805945690179489,-0.018224519203871192,89.20800018310547,84.93047659737724,22.420000076293945,3817.659912109375
2022-12-20,83.0,87.54000091552734,88.73999786376953,86.58999633789062,77.68000030517578,-0.051862015856137145,-0.05325523442453991,88.06000061035157,85.18380991617839,21.479999542236328,3821.6201171875
2022-12-21,77.63999938964844,83.0,88.3499984741211,87.18000030517578,77.11000061035156,-0.06457832060664537,-0.06675785735709146,85.91800079345703,85.20904795328777,20.06999969482422,3878.43994140625
2022-12-22,81.94000244140625,77.63999938964844,92.26000213623048,84.9000015258789,77.80999755859375,0.055383862513671334,0.05390455147426631,83.85400085449218,85.4057148524693,21.969999313354492,3822.389892578125
2022-12-23,78.83999633789062,81.94000244140625,89.1500015258789,87.26000213623047,81.72000122070312,-0.03783263377045154,-0.03856686607914504,81.79199981689453,85.26857176281158,20.8700008392334,3844.820068359375
2022-12-27,78.6500015258789,78.83999633789062,87.54000091552734,91.7300033569336,82.5,-0.0024098784986930077,-0.0024127869294650107,80.01399993896484,85.08523850213913,21.649999618530273,3829.25
2022-12-28,79.9000015258789,78.6500015258789,83.0,88.73999786376953,87.33000183105469,0.01589319740303763,0.015768222964424122,79.39400024414063,84.73142896379743,22.139999389648438,3783.219970703125
2022-12-29,77.27999877929688,79.9000015258789,77.63999938964844,88.3499984741211,85.43000030517578,-0.03279102248494248,-0.033340697761172315,79.3220001220703,84.3433336530413,21.440000534057617,3849.280029296875
2022-12-30,77.05000305175781,77.27999877929688,81.94000244140625,92.26000213623048,81.79000091552734,-0.002976135237733435,-0.002980572734791377,78.34400024414063,84.11761946905227,21.670000076293945,3839.5
2023-01-03,80.33999633789062,77.05000305175781,78.83999633789062,89.1500015258789,82.19000244140625,0.04269945692179644,0.04181298197487103,78.64400024414063,84.02952394031342,22.899999618530273,3824.139892578125
2023-01-04,76.6500015258789,80.33999633789062,78.6500015258789,87.54000091552734,81.56999969482422,-0.04592973587517346,-0.04701795812357524,78.24400024414062,83.79523831322079,22.010000228881836,3852.969970703125
2023-01-05,75.95999908447266,76.6500015258789,79.9000015258789,83.0,84.70999908447266,-0.009001988619312562,-0.009042751333589855,77.45599975585938,83.37857164655414,22.459999084472656,3808.10009765625
2023-01-06,73.87999725341797,75.95999908447266,77.27999877929688,77.63999938964844,86.58999633789062,-0.027382857505587666,-0.02776475573654974,76.7759994506836,82.77333359491257,21.1299991607666,3895.080078125
2023-01-09,77.2699966430664,73.87999725341797,77.05000305175781,81.94000244140625,87.18000030517578,0.04588521271894885,0.044863620346508946,76.81999816894532,82.30142865862165,21.969999313354492,3892.090087890625
2023-01-10,76.0199966430664,77.2699966430664,80.33999633789062,78.83999633789062,84.9000015258789,-0.016177042245441364,-0.016309319098744657,75.95599822998047,81.87857128324963,20.579999923706055,3919.25
2023-01-11,78.94000244140625,76.0199966430664,76.6500015258789,78.6500015258789,87.26000213623047,0.03841102245834116,0.037691681759522776,76.41399841308593,81.48238082159133,21.09000015258789,3969.610107421875
2023-01-12,78.79000091552734,78.94000244140625,75.95999908447266,79.9000015258789,91.7300033569336,-0.0019001966207214949,-0.0019020042846277397,76.97999877929688,80.86619022914341,18.829999923706055,3983.169921875
2023-01-13,80.88999938964844,78.79000091552734,73.87999725341797,77.27999877929688,88.73999786376953,0.02665310889350736,0.02630410260697128,78.38199920654297,80.4923807779948,18.350000381469727,3999.090087890625
2023-01-17,83.44000244140625,80.88999938964844,77.2699966430664,77.05000305175781,88.3499984741211,0.031524330213855034,0.031037640467529652,79.61600036621094,80.2585714431036,19.360000610351562,3990.969970703125
2023-01-18,85.33000183105469,83.44000244140625,76.0199966430664,80.33999633789062,92.26000213623048,0.02265099873379861,0.022398274055064157,81.47800140380859,79.92857142857143,20.34000015258789,3928.860107421875
2023-01-19,85.13999938964844,85.33000183105469,78.94000244140625,76.6500015258789,89.1500015258789,-0.0022266780420612253,-0.002229160775796534,82.71800079345704,79.73761894589379,20.520000457763672,3898.85009765625
2023-01-20,81.02999877929688,85.13999938964844,78.79000091552734,75.95999908447266,87.54000091552734,-0.048273439509224025,-0.0494775118234027,83.16600036621094,79.42761884416852,19.850000381469727,3972.610107421875
2023-01-23,78.33999633789062,81.02999877929688,80.88999938964844,73.87999725341797,83.0,-0.03319761177256175,-0.033761159916474284,82.65599975585937,79.20571390787761,19.809999465942383,4019.81005859375
2023-01-24,79.37000274658203,78.33999633789062,83.44000244140625,77.2699966430664,77.63999938964844,0.013147899627782067,0.013062216216241485,81.84199981689453,79.28809502011254,19.200000762939453,4016.949951171875
2023-01-25,80.73999786376953,79.37000274658203,85.33000183105469,76.0199966430664,81.94000244140625,0.017260867705419125,0.01711359125907976,80.9239990234375,79.23095194498698,19.079999923706055,4016.219970703125
2023-01-26,81.5999984741211,80.73999786376953,85.13999938964844,78.94000244140625,78.83999633789062,0.01065148170802055,0.010595154303913341,80.21599884033203,79.3623806181408,18.729999542236328,4060.429931640625
2023-01-27,83.30999755859375,81.5999984741211,81.02999877929688,78.79000091552734,78.6500015258789,0.020955871525107472,0.020739317411172162,80.6719985961914,79.58428519112724,18.510000228881836,4070.56005859375
2023-01-30,86.12999725341797,83.30999755859375,78.33999633789062,80.88999938964844,79.9000015258789,0.03384947518262571,0.033289190230548486,82.22999877929688,79.88095165434338,19.940000534057617,4017.77001953125
2023-01-31,83.9000015258789,86.12999725341797,79.37000274658203,83.44000244140625,77.27999877929688,-0.025891046077452073,-0.026232119252248987,83.13599853515625,80.1961898803711,19.399999618530273,4076.60009765625
2023-02-01,81.19999694824219,83.9000015258789,80.73999786376953,85.33000183105469,77.05000305175781,-0.03218122203256346,-0.03271042207562922,83.22799835205078,80.39380863734654,17.8700008392334,4119.2099609375
2023-02-02,84.97000122070312,81.19999694824219,81.5999984741211,85.13999938964844,80.33999633789062,0.046428625790022826,0.045383057797326216,83.9019989013672,80.61428506033761,18.729999542236328,4179.759765625
2023-02-03,83.48999786376953,84.97000122070312,83.30999755859375,81.02999877929688,76.6500015258789,-0.017417951461356274,-0.017571428762487434,83.93799896240235,80.93999917166573,18.329999923706055,4136.47998046875
2023-02-06,85.0999984741211,83.48999786376953,86.12999725341797,78.33999633789062,75.95999908447266,0.019283754360355898,0.019100179029660377,83.73199920654297,81.37523723783947,19.43000030517578,4111.080078125
2023-02-07,84.54000091552734,85.0999984741211,83.9000015258789,79.37000274658203,73.87999725341797,-0.00658046496633069,-0.006602211680745835,83.85999908447266,81.88285645984467,18.65999984741211,4164.0
2023-02-08,94.83000183105467,84.54000091552734,81.19999694824219,80.73999786376953,77.2699966430664,0.12171753967461085,0.11486102823628776,86.58600006103515,82.71904718308221,19.6299991607666,4117.85986328125
2023-02-09,97.95999908447266,94.83000183105467,84.97000122070312,81.5999984741211,76.0199966430664,0.033006402963001724,0.032473388533588325,89.18399963378906,83.76380920410156,20.709999084472656,4081.5
2023-02-10,95.62999725341795,97.95999908447266,83.48999786376953,83.30999755859375,78.94000244140625,-0.023785237370669066,-0.024072673097510558,91.61199951171875,84.55857086181639,20.530000686645508,4090.4599609375
2023-02-13,93.9499969482422,95.62999725341795,85.0999984741211,86.12999725341797,78.79000091552734,-0.01756771257374168,-0.017723856263838798,93.38199920654297,85.28047543480282,20.34000015258789,4137.2900390625
2023-02-14,89.19999694824219,93.9499969482422,84.54000091552734,83.9000015258789,80.88999938964844,-0.05055880951882119,-0.05188168800325559,94.31399841308594,85.67618960425968,18.90999984741211,4136.1298828125
2023-02-15,84.80999755859375,89.19999694824219,94.83000183105467,81.19999694824219,83.44000244140625,-0.049215241478043015,-0.05046757378659672,92.30999755859375,85.74142746698288,18.229999542236328,4147.60009765625
2023-02-16,88.25,84.80999755859375,97.95999908447266,84.97000122070312,85.33000183105469,0.04056128452343866,0.039760264226571376,90.36799774169921,85.88047499883743,20.170000076293945,4090.409912109375
2023-02-17,87.97000122070312,88.25,95.62999725341795,83.48999786376953,85.13999938964844,-0.003172790700247896,-0.003177834672466103,88.83599853515625,86.01523699079242,20.020000457763672,4079.090087890625
2023-02-21,95.98999786376952,87.97000122070312,93.9499969482422,85.0999984741211,81.02999877929688,0.09116740402157619,0.08724813597978619,89.24399871826172,86.72761789957681,22.8700008392334,3997.340087890625
2023-02-22,91.23999786376952,95.98999786376952,89.19999694824219,84.54000091552734,78.33999633789062,-0.049484322384726775,-0.05075062311785016,89.6519989013672,87.34190368652342,22.290000915527344,3991.050048828125
2023-02-23,85.16000366210938,91.23999786376952,84.80999755859375,94.83000183105467,79.37000274658203,-0.06663737772920797,-0.06896149097490484,89.72200012207031,87.61761801583425,21.139999389648438,4012.320068359375
2023-02-24,85.26000213623047,85.16000366210938,88.25,97.95999908447266,80.73999786376953,0.0011742422477794001,0.0011735533645756025,89.1240005493164,87.83285631452287,21.670000076293945,3970.0400390625
2023-02-27,83.20999908447266,85.26000213623047,87.97000122070312,95.62999725341795,81.5999984741211,-0.024044135589889715,-0.02433791448282034,88.17200012207032,87.90952301025389,20.950000762939453,3982.239990234375
2023-02-28,80.76000213623047,83.20999908447266,95.98999786376952,93.9499969482422,83.30999755859375,-0.029443540141792512,-0.029885702013499344,85.1260009765625,87.78809465680803,20.700000762939453,3970.14990234375
2023-03-01,80.55000305175781,80.76000213623047,91.23999786376952,89.19999694824219,86.12999725341797,-0.0026002857716425076,-0.002603672386741557,82.98800201416016,87.52238064720515,20.579999923706055,3951.389892578125
2023-03-02,77.33999633789062,80.55000305175781,85.16000366210938,84.80999755859375,83.9000015258789,-0.03985110604905351,-0.04066690868111632,81.4240005493164,87.20999944777715,19.59000015258789,3981.35009765625
2023-03-03,75.93000030517578,77.33999633789062,85.26000213623047,88.25,81.19999694824219,-0.018231136533220282,-0.01839937158405417,79.55800018310546,86.95904722667875,18.489999771118164,4045.639892578125
2023-03-06,76.41000366210938,75.93000030517578,83.20999908447266,87.97000122070312,84.97000122070312,0.006321656196554448,0.0063017583422547655,78.19800109863282,86.55142829531714,18.610000610351562,4048.419921875
2023-03-07,78.54000091552734,76.41000366210938,80.76000213623047,95.98999786376952,83.48999786376953,0.02787589518823963,0.027494435220122616,77.75400085449219,86.31571415492465,19.59000015258789,3986.3701171875
2023-03-08,74.66999816894531,78.54000091552734,80.55000305175781,91.23999786376952,85.0999984741211,-0.04927428955271296,-0.050529680281041565,76.57799987792968,85.8190474737258,19.110000610351562,3992.010009765625
2023-03-09,92.04000091552734,74.66999816894531,77.33999633789062,85.16000366210938,84.54000091552734,0.23262358607912859,0.20914489458857347,79.51800079345703,86.17619033086866,22.610000610351562,3918.320068359375
2023-03-10,108.62000274658205,92.04000091552734,75.93000030517578,85.26000213623047,94.83000183105467,0.1801390880718432,0.1656323027786285,86.05600128173828,86.83285704113189,24.799999237060547,3861.590087890625
2023-03-13,114.54000091552734,108.62000274658205,76.41000366210938,83.20999908447266,97.95999908447266,0.054501915110028776,0.053068537065938066,93.68200073242187,87.62238093784877,26.520000457763672,3855.760009765625
2023-03-14,104.9000015258789,114.54000091552734,78.54000091552734,80.76000213623047,95.62999725341795,-0.0841627319067152,-0.08791658501050609,98.9540008544922,88.06380971272786,23.729999542236328,3919.2900390625
2023-03-15,122.75,104.9000015258789,74.66999816894531,80.55000305175781,93.9499969482422,0.17016204208269237,0.1571422367263452,108.57000122070312,89.43523842947823,26.139999389648438,3891.929931640625
2023-03-16,110.7699966430664,122.75,92.04000091552734,77.33999633789062,89.19999694824219,-0.09759676869192335,-0.10269381745122898,112.31600036621094,90.46238127208892,22.989999771118164,3960.280029296875
2023-03-17,124.75,110.7699966430664,108.62000274658205,75.93000030517578,84.80999755859375,0.1262074910228741,0.11885578540822711,115.54199981689453,92.36428615025112,25.510000228881836,3916.639892578125
2023-03-20,110.16000366210938,124.75,114.54000091552734,76.41000366210938,88.25,-0.11695387846004512,-0.12437784696768008,114.66600036621094,93.40761965797061,24.149999618530273,3951.570068359375
2023-03-21,101.19000244140624,110.16000366210938,104.9000015258789,78.54000091552734,87.97000122070312,-0.08142702362480458,-0.0849339257953281,113.9240005493164,94.03714352562314,21.3799991607666,4002.8701171875
2023-03-22,102.63999938964844,101.19000244140624,122.75,74.66999816894531,95.98999786376952,0.014329448693133573,0.014227752492233658,109.9020004272461,94.35381026495071,22.260000228881836,3936.969970703125
2023-03-23,102.91999816894533,102.63999938964844,110.7699966430664,92.04000091552734,91.23999786376952,0.0027279694170099233,0.0027242552616413606,108.33200073242188,94.91000075567337,22.610000610351562,3948.719970703125
2023-03-24,99.72000122070312,102.91999816894533,124.75,108.62000274658205,85.16000366210938,-0.03109208127840557,-0.031585698725831154,103.3260009765625,95.60333397274925,21.739999771118164,3970.989990234375
2023-03-27,95.06999969482422,99.72000122070312,110.16000366210938,114.54000091552734,85.26000213623047,-0.046630580314448555,-0.04775281173573626,100.30800018310546,96.07047671363468,20.600000381469727,3977.530029296875
2023-03-28,91.41000366210938,95.06999969482422,101.19000244140624,104.9000015258789,83.20999908447266,-0.03849790727320368,-0.039258537432742165,98.3520004272461,96.46095312209357,19.969999313354492,3971.27001953125
2023-03-29,87.77999877929688,91.41000366210938,102.63999938964844,122.75,80.76000213623047,-0.03971124316142194,-0.040521251374490044,95.38000030517578,96.7952386765253,19.1200008392334,4027.81005859375
2023-03-30,85.33999633789062,87.77999877929688,102.91999816894533,110.7699966430664,80.55000305175781,-0.027796792838207796,-0.028190435505834176,91.86399993896484,97.02333359491257,19.020000457763672,4050.830078125
2023-03-31,87.52999877929688,85.33999633789062,99.72000122070312,124.75,77.33999633789062,0.025662087360951658,0.025338342950373884,89.42599945068359,97.50857180640811,18.700000762939453,4109.31005859375
2023-04-03,84.06999969482422,87.52999877929688,95.06999969482422,110.16000366210938,75.93000030517578,-0.039529294330243214,-0.04033179628104972,87.22599945068359,97.8961908249628,18.549999237060547,4124.509765625
2023-04-04,84.72000122070312,84.06999969482422,91.41000366210938,101.19000244140624,76.41000366210938,0.0077316703727658975,0.007701934184642605,85.88799896240235,98.29190499441964,19.0,4100.60009765625
2023-04-05,85.91999816894531,84.72000122070312,87.77999877929688,102.63999938964844,78.54000091552734,0.014164269723227374,0.01406489374756844,85.51599884033203,98.6433334350586,19.079999923706055,4090.3798828125
2023-04-06,84.63999938964844,85.91999816894531,85.33999633789062,102.91999816894533,74.66999816894531,-0.014897565253434997,-0.015009648550555185,85.3759994506836,99.11809539794922,18.399999618530273,4105.02001953125
2023-04-10,85.94000244140625,84.63999938964844,87.52999877929688,99.72000122070312,92.04000091552734,0.015359204408463167,0.015242445856271807,85.05800018310546,98.82761928013393,18.969999313354492,4109.10986328125
2023-04-11,85.91999816894531,85.94000244140625,84.06999969482422,95.06999969482422,108.62000274658205,-0.00023277021052658942,-0.0002327973057167607,85.4279998779297,97.74666668119885,19.100000381469727,4108.93994140625
2023-04-12,87.05999755859375,85.91999816894531,84.72000122070312,91.41000366210938,114.54000091552734,0.013268149603621326,0.013180898631953715,85.89599914550782,96.43809509277344,19.09000015258789,4091.949951171875
2023-04-13,84.7300033569336,87.05999755859375,85.91999816894531,87.77999877929688,104.9000015258789,-0.02676308599815902,-0.02712773825179266,85.65800018310547,95.47761898949032,17.799999237060547,4146.22021484375
2023-04-14,84.01000213623047,84.7300033569336,84.63999938964844,85.33999633789062,122.75,-0.008497594620291093,-0.008533905024514135,85.53200073242188,93.63285718645368,17.06999969482422,4137.64013671875
2023-04-17,83.1500015258789,84.01000213623047,85.94000244140625,87.52999877929688,110.7699966430664,-0.010236883567232735,-0.010289640815187998,84.9740005493164,92.31761932373047,16.950000762939453,4151.31982421875
2023-04-18,88.01000213623047,83.1500015258789,85.91999816894531,84.06999969482422,124.75,0.058448593158942685,0.05680424466845261,85.39200134277344,90.56809561593192,16.829999923706055,4154.8701171875
2023-04-19,95.04000091552734,88.01000213623047,87.05999755859375,84.72000122070312,110.16000366210938,0.07987727086309082,0.07684739658910068,86.98800201416016,89.8480954851423,16.459999084472656,4154.52001953125
2023-04-20,98.45999908447266,95.04000091552734,84.7300033569336,85.91999816894531,101.19000244140624,0.03598482887205612,0.035352499784175914,89.73400115966797,89.71809532528832,17.170000076293945,4129.7900390625
2023-04-21,96.94000244140624,98.45999908447266,84.01000213623047,84.63999938964844,102.63999938964844,-0.015437707263864175,-0.015558109429640407,92.32000122070312,89.44666689918155,16.770000457763672,4133.52001953125
2023-04-24,93.95999908447266,96.94000244140624,83.1500015258789,85.94000244140625,102.91999816894533,-0.030740698183237547,-0.031223105555031137,94.48200073242188,89.02000027611142,16.889999389648438,4137.0400390625
2023-04-25,94.3499984741211,93.95999908447266,88.01000213623047,85.91999816894531,99.72000122070312,0.004150695971142149,0.004142105595108593,95.75,88.76428585960751,18.760000228881836,4071.6298828125
2023-04-26,90.6500015258789,94.3499984741211,95.04000091552734,87.05999755859375,95.06999969482422,-0.039215654563651614,-0.040005301608520775,94.87200012207032,88.5538097563244,18.84000015258789,4055.989990234375
2023-04-27,85.79000091552734,90.6500015258789,98.45999908447266,84.7300033569336,91.41000366210938,-0.053612802300550655,-0.055103493776901435,92.33800048828125,88.28619057791573,17.030000686645508,4135.35009765625
2023-04-28,86.9000015258789,85.79000091552734,96.94000244140624,84.01000213623047,87.77999877929688,0.012938577905419413,0.01285558957376742,90.33000030517579,88.2442859468006,15.779999732971191,4169.47998046875
2023-05-01,88.20999908447266,86.9000015258789,93.95999908447266,83.1500015258789,85.33999633789062,0.015074770259970949,0.014962275061356658,89.18000030517578,88.38095274425689,16.079999923706055,4167.8701171875
2023-05-02,91.45999908447266,88.20999908447266,94.3499984741211,88.01000213623047,87.52999877929688,0.03684389563237267,0.03618138332804608,88.6020004272461,88.56809561593192,17.780000686645508,4119.580078125
2023-05-03,91.54000091552734,91.45999908447266,90.6500015258789,95.04000091552734,84.06999969482422,0.0008747193511426943,0.0008743370071172962,88.78000030517578,88.92380995977493,18.34000015258789,4090.75
2023-05-04,98.73999786376952,91.54000091552734,85.79000091552734,98.45999908447266,84.72000122070312,0.07865410614192903,0.07571406596892481,91.3699996948242,89.59142884753999,20.09000015258789,4061.219970703125
2023-05-05,91.8000030517578,98.73999786376952,86.9000015258789,96.94000244140624,85.91999816894531,-0.07028554752033467,-0.07287778032581871,92.35,89.87142908005487,17.190000534057617,4136.25
2023-05-08,91.9800033569336,91.8000030517578,88.20999908447266,93.95999908447266,84.63999938964844,0.0019607875728970825,0.001958867738126539,93.10400085449218,90.22095307849702,16.979999542236328,4138.1201171875
2023-05-09,92.4499969482422,91.9800033569336,91.45999908447266,94.3499984741211,85.94000244140625,0.005109736618347016,0.005096726215194226,93.3020004272461,90.53095281691779,17.709999084472656,4119.169921875
2023-05-10,97.52999877929688,92.4499969482422,91.54000091552734,90.6500015258789,85.91999816894531,0.0549486424958856,0.05349208564442873,94.5,91.08380998883929,16.940000534057617,4137.64013671875
2023-05-11,97.31999969482422,97.52999877929688,98.73999786376952,85.79000091552734,87.05999755859375,-0.0021531742756182304,-0.0021554956882180185,94.21600036621093,91.57238151913597,16.93000030517578,4130.6201171875
2023-05-12,100.54000091552734,97.31999969482422,91.8000030517578,86.9000015258789,84.7300033569336,0.03308673685573771,0.03255115259100494,95.96399993896485,92.32523854573567,17.030000686645508,4124.080078125
2023-05-15,94.6500015258789,100.54000091552734,91.9800033569336,88.20999908447266,84.01000213623047,-0.0585836416949822,-0.0603697735939205,96.49799957275391,92.83190518333798,17.1200008392334,4136.27978515625
2023-05-16,97.62999725341795,94.6500015258789,92.4499969482422,91.45999908447266,83.1500015258789,0.031484370623324986,0.030998901328408397,97.53399963378907,93.52142878941127,17.989999771118164,4109.89990234375
2023-05-17,92.76000213623048,97.62999725341795,97.52999877929688,91.54000091552734,88.01000213623047,-0.04988215972747023,-0.051169259688035325,96.58000030517579,93.74761926560174,16.8700008392334,4158.77001953125
2023-05-18,89.05999755859375,92.76000213623048,97.31999969482422,98.73999786376952,95.04000091552734,-0.03988793113871192,-0.04070526293647648,94.9279998779297,93.46285720098587,16.049999237060547,4198.0498046875
2023-05-19,94.7699966430664,89.05999755859375,100.54000091552734,91.8000030517578,98.45999908447266,0.06411407187290763,0.06214259557969577,93.7739990234375,93.28714279901413,16.809999465942383,4191.97998046875
2023-05-22,97.63999938964844,94.7699966430664,94.6500015258789,91.9800033569336,96.94000244140624,0.030283875152927964,0.029834371213517556,94.3719985961914,93.32047598702567,17.209999084472656,4192.6298828125
2023-05-23,101.91000366210938,97.63999938964844,97.62999725341795,92.4499969482422,93.95999908447266,0.04373212104826818,0.042802867501622675,95.22799987792969,93.6990476335798,18.530000686645508,4145.580078125
2023-05-24,106.5199966430664,101.91000366210938,92.76000213623048,97.52999877929688,94.3499984741211,0.04523592204197957,0.04424262265580419,97.97999877929688,94.27857135591053,20.030000686645508,4115.240234375
2023-05-25,103.87999725341795,106.5199966430664,89.05999755859375,97.31999969482422,90.6500015258789,-0.024784073158533038,-0.02509636907654902,100.94399871826172,94.90857115246001,19.139999389648438,4151.27978515625
2023-05-26,97.56999969482422,103.87999725341795,94.7699966430664,100.54000091552734,85.79000091552734,-0.06074314329447206,-0.0626662943625007,101.50399932861328,95.46952347528367,17.950000762939453,4205.4501953125
2023-05-30,91.91000366210938,97.56999969482422,97.63999938964844,94.6500015258789,86.9000015258789,-0.05800959362937341,-0.059760188777563845,100.35800018310547,95.70809500558036,17.459999084472656,4205.52001953125
2023-05-31,91.38999938964844,91.91000366210938,101.91000366210938,97.62999725341795,88.20999908447266,-0.005657754887842703,-0.005673820608959846,98.25399932861328,95.8595235915411,17.940000534057617,4179.830078125
2023-06-01,85.06999969482422,91.38999938964844,106.5199966430664,92.76000213623048,91.45999908447266,-0.06915417153991221,-0.07166161320512861,93.96399993896485,95.55523790631976,15.649999618530273,4221.02001953125
2023-06-02,86.16000366210938,85.06999969482422,103.87999725341795,89.05999755859375,91.54000091552734,0.01281302422940378,0.01273163195127897,90.42000122070313,95.2990475609189,14.600000381469727,4282.3701171875
2023-06-05,85.7699966430664,86.16000366210938,97.56999969482422,94.7699966430664,98.73999786376952,-0.004526543668364358,-0.004536819488178641,88.06000061035157,94.68142845517113,14.729999542236328,4273.7900390625
2023-06-06,85.73999786376953,85.7699966430664,91.91000366210938,97.63999938964844,91.8000030517578,-0.0003497584291826117,-0.00034981960892784073,86.8259994506836,94.39285677955264,13.960000038146973,4283.85009765625
2023-06-07,84.0,85.73999786376953,91.38999938964844,101.91000366210938,91.9800033569336,-0.02029388741686433,-0.020502637411302826,85.3479995727539,94.01285661969867,13.9399995803833,4267.52001953125
2023-06-08,87.62999725341797,84.0,85.06999969482422,106.5199966430664,92.4499969482422,0.043214253016880644,0.04230657488150297,85.85999908447266,93.78333282470703,13.649999618530273,4293.93017578125
2023-06-09,89.69999694824219,87.62999725341797,86.16000366210938,103.87999725341795,97.52999877929688,0.02362204450192973,0.02334736131810711,86.56799774169922,93.4104755946568,13.829999923706055,4298.85986328125
2023-06-12,92.83000183105467,89.69999694824219,85.7699966430664,97.56999969482422,97.31999969482422,0.034894147037914935,0.03429914809373339,87.97999877929688,93.19666617257255,15.010000228881836,4338.93017578125
2023-06-13,92.0999984741211,92.83000183105467,85.73999786376953,91.91000366210938,100.54000091552734,-0.00786387312866954,-0.007894956443027954,89.25199890136719,92.79476129441034,14.609999656677246,4369.009765625
2023-06-14,91.91000366210938,92.0999984741211,84.0,91.38999938964844,94.6500015258789,-0.00206291873137332,-0.0020650494790966875,90.83399963378906,92.66428520565941,13.880000114440918,4372.58984375
2023-06-15,93.9499969482422,91.91000366210938,87.62999725341797,85.06999969482422,97.62999725341795,0.022195552223373882,0.02195281616215495,92.0979995727539,92.48904709588913,14.5,4425.83984375
2023-06-16,90.69000244140624,93.9499969482422,89.69999694824219,86.16000366210938,92.76000213623048,-0.034699250800741654,-0.03531556899686462,92.29600067138672,92.39047568184989,13.539999961853027,4409.58984375
2023-06-20,96.26000213623048,90.69000244140624,92.83000183105467,85.7699966430664,89.05999755859375,0.061418012403549715,0.059605761687437094,92.98200073242188,92.73333304268974,13.880000114440918,4388.7099609375
2023-06-21,92.7300033569336,96.26000213623048,92.0999984741211,85.73999786376953,94.7699966430664,-0.0366715011526918,-0.037360805053965544,93.10800170898438,92.63619050525483,13.199999809265137,4365.68994140625
2023-06-22,90.63999938964844,92.7300033569336,91.91000366210938,84.0,97.63999938964844,-0.022538594754929253,-0.02279647102734264,92.85400085449218,92.3028571719215,12.90999984741211,4381.89013671875
2023-06-23,92.33999633789062,90.63999938964844,93.9499969482422,87.62999725341797,101.91000366210938,0.018755482785631328,0.018581767433919507,92.53200073242188,91.84714253743489,13.4399995803833,4348.330078125
2023-06-26,95.41999816894533,92.33999633789062,90.69000244140624,89.69999694824219,106.5199966430664,0.033355013571630954,0.032810803478667265,93.47799987792969,91.31857118152436,14.25,4328.81982421875
2023-06-27,91.33000183105467,95.41999816894533,96.26000213623048,92.83000183105467,103.87999725341795,-0.04286309386266318,-0.04380884014617554,92.49199981689453,90.72095235188802,13.739999771118164,4378.41015625
2023-06-28,85.79000091552734,91.33000183105467,92.7300033569336,92.0999984741211,97.56999969482422,-0.0606591569523387,-0.06257688049576345,91.10399932861328,90.16000002906436,13.430000305175781,4376.85986328125
2023-06-29,85.26000213623047,85.79000091552734,90.63999938964844,91.91000366210938,91.91000366210938,-0.006177861914452465,-0.006197023864052683,90.02799987792969,89.84333328973679,13.539999961853027,4396.43994140625
2023-06-30,83.11000061035156,85.26000213623047,92.33999633789062,93.9499969482422,91.38999938964844,-0.02521700061001153,-0.025540397483711487,88.18200073242187,89.4490476335798,13.59000015258789,4450.3798828125
2023-07-03,84.16999816894531,83.11000061035156,95.41999816894533,90.69000244140624,85.06999969482422,0.012754151736364294,0.012673502560405529,85.93200073242187,89.40619041806175,13.569999694824219,4455.58984375
2023-07-05,87.76000213623047,84.16999816894531,91.33000183105467,96.26000213623048,86.16000366210938,0.042651824229333224,0.04176729883946642,85.21800079345704,89.48238082159133,14.180000305175781,4446.81982421875
2023-07-06,95.3000030517578,87.76000213623047,85.79000091552734,92.7300033569336,85.7699966430664,0.08591614325422348,0.08242400237409085,87.12000122070313,89.93619065057663,15.4399995803833,4411.58984375
2023-07-07,94.48999786376952,95.3000030517578,85.26000213623047,90.63999938964844,85.73999786376953,-0.008499529507342896,-0.00853585649626977,88.96600036621093,90.3528573172433,14.829999923706055,4398.9501953125
2023-07-10,95.33000183105467,94.48999786376952,83.11000061035156,92.33999633789062,84.0,0.008889871798877902,0.008850589526497072,91.41000061035155,90.89238121396019,15.069999694824219,4409.52978515625
2023-07-11,95.20999908447266,95.33000183105467,84.16999816894531,95.41999816894533,87.62999725341797,-0.0012588140593418062,-0.001259607031299159,93.61800079345701,91.25333368210565,14.84000015258789,4439.259765625
2023-07-12,95.8499984741211,95.20999908447266,87.76000213623047,91.33000183105467,89.69999694824219,0.006721976639035621,0.006699484890481028,95.23600006103514,91.5461908976237,13.539999961853027,4472.16015625
2023-07-13,96.43000030517578,95.8499984741211,95.3000030517578,85.79000091552734,92.83000183105467,0.0060511407437453535,0.006032906114824702,95.46199951171874,91.71761939639137,13.609999656677246,4510.0400390625
2023-07-14,94.88999938964844,96.43000030517578,94.48999786376952,85.26000213623047,92.0999984741211,-0.015970143219471544,-0.016099040133565976,95.54199981689453,91.85047658284505,13.34000015258789,4505.419921875
2023-07-17,95.9800033569336,94.88999938964844,95.33000183105467,83.11000061035156,91.91000366210938,0.011487026813112866,0.011421551851977596,95.67200012207032,92.04428609212239,13.479999542236328,4522.7900390625
2023-07-18,92.98999786376952,95.9800033569336,95.20999908447266,84.16999816894531,93.9499969482422,-0.031152379543525788,-0.031647933888028404,95.22799987792969,91.99857185000465,13.300000190734863,4554.97998046875
2023-07-19,93.56999969482422,92.98999786376952,95.8499984741211,87.76000213623047,90.69000244140624,0.006237249643820997,0.006217878508936103,94.77200012207031,92.13571457635788,13.760000228881836,4565.72021484375
2023-07-20,94.05999755859376,93.56999969482422,96.43000030517578,95.3000030517578,96.26000213623048,0.005236698358102476,0.005223034534711047,94.29799957275391,92.03095245361328,13.989999771118164,4534.8701171875
2023-07-21,93.36000061035156,94.05999755859376,94.88999938964844,94.48999786376952,92.7300033569336,-0.00744202600904964,-0.007469856045148705,93.99199981689453,92.06095232282367,13.600000381469727,4536.33984375
2023-07-24,91.73999786376952,93.36000061035156,95.9800033569336,95.33000183105467,90.63999938964844,-0.017352214395791488,-0.017504528632591963,93.14399871826171,92.11333320254371,13.90999984741211,4554.64013671875
2023-07-25,90.0,91.73999786376952,92.98999786376952,95.20999908447266,92.33999633789062,-0.018966622021872603,-0.01914879555305661,92.5459991455078,92.0019048055013,13.859999656677246,4567.4599609375
2023-07-26,85.37999725341797,90.0,93.56999969482422,95.8499984741211,95.41999816894533,-0.05133336385091147,-0.0526978211693654,90.90799865722656,91.52380952380952,13.1899995803833,4566.75
2023-07-27,94.0500030517578,85.37999725341797,94.05999755859376,96.43000030517578,91.33000183105467,0.10154610069389225,0.09671473903438792,90.90599975585937,91.65333339146206,14.40999984741211,4537.41015625
2023-07-28,87.37999725341797,94.0500030517578,93.36000061035156,94.88999938964844,85.79000091552734,-0.0709197829017526,-0.07356019610461488,89.70999908447266,91.72904750279018,13.329999923706055,4582.22998046875
2023-07-31,86.68000030517578,87.37999725341797,91.73999786376952,95.9800033569336,85.26000213623047,-0.008010951822441381,-0.008043211901797194,88.6979995727539,91.79666646321614,13.630000114440918,4588.9599609375
2023-08-01,87.48999786376953,86.68000030517578,90.0,92.98999786376952,83.11000061035156,0.009344687998869228,0.009301296512444298,88.19599914550781,92.00523776099796,13.930000305175781,4576.72998046875
2023-08-02,96.1999969482422,87.48999786376953,85.37999725341797,93.56999969482422,84.16999816894531,0.09955422673612357,0.09490484924728648,90.35999908447266,92.57809484572638,16.09000015258789,4513.39013671875
2023-08-03,94.04000091552734,96.1999969482422,94.0500030517578,94.05999755859376,87.76000213623047,-0.022453181925535692,-0.022709092541227757,90.35799865722656,92.87714240664528,15.920000076293945,4501.89013671875
2023-08-04,99.62999725341795,94.04000091552734,87.37999725341797,93.36000061035156,95.3000030517578,0.05944275078125427,0.05774306308156463,92.80799865722656,93.08333260672433,17.100000381469727,4478.02978515625
2023-08-07,92.98999786376952,99.62999725341795,86.68000030517578,91.73999786376952,94.48999786376952,-0.06664658810296853,-0.06897135897152784,94.06999816894532,93.01190403529576,15.770000457763672,4518.43994140625
2023-08-08,94.91000366210938,92.98999786376952,87.48999786376953,90.0,95.33000183105467,0.020647444267636983,0.02043717521005893,95.55399932861329,92.99190412248883,15.989999771118164,4499.3798828125
2023-08-09,97.43000030517578,94.91000366210938,96.1999969482422,85.37999725341797,95.20999908447266,0.026551433419367276,0.02620506184203253,95.8,93.09761846633185,15.960000038146973,4467.7099609375
2023-08-10,99.77999877929688,97.43000030517578,94.04000091552734,94.0500030517578,95.8499984741211,0.02411986520332854,0.02383357562943867,96.9479995727539,93.28476133800689,15.850000381469727,4468.830078125
2023-08-11,96.68000030517578,99.77999877929688,99.62999725341795,87.37999725341797,96.43000030517578,-0.031068335458471763,-0.03156119120710764,96.35800018310547,93.29666609991165,14.84000015258789,4464.0498046875
2023-08-14,95.33000183105467,96.68000030517578,92.98999786376952,86.68000030517578,94.88999938964844,-0.013963575401942152,-0.014061983278812367,96.82600097656248,93.31761859712147,14.819999694824219,4489.72021484375
2023-08-15,103.27999877929688,95.33000183105467,94.91000366210938,87.48999786376953,95.9800033569336,0.08339449066969817,0.08009915900600521,98.5,93.66523742675781,16.459999084472656,4437.85986328125
2023-08-16,104.54000091552734,103.27999877929688,97.43000030517578,96.1999969482422,92.98999786376952,0.012199865909400476,0.012126047323420088,99.92200012207032,94.21523757207962,16.780000686645508,4404.330078125
2023-08-17,106.73999786376952,104.54000091552734,99.77999877929688,94.04000091552734,93.56999969482422,0.021044546862208913,0.020826168849946317,101.31399993896484,94.84238034202939,17.889999389648438,4370.35986328125
2023-08-18,97.27999877929688,106.73999786376952,96.68000030517578,99.62999725341795,94.05999755859376,-0.08862656243019862,-0.09280254522288642,101.43399963378906,94.99571373349144,17.299999237060547,4369.7099609375
2023-08-21,95.23999786376952,97.27999877929688,95.33000183105467,92.98999786376952,93.36000061035156,-0.02097040441124587,-0.021193406480820243,101.41599884033204,95.08523741222564,17.1299991607666,4399.77001953125
2023-08-22,92.62000274658205,95.23999786376952,103.27999877929688,94.91000366210938,91.73999786376952,-0.027509399159532655,-0.027894868481776445,99.28399963378907,95.12714240664528,16.969999313354492,4387.5498046875
2023-08-23,88.98999786376953,92.62000274658205,104.54000091552734,97.43000030517578,90.0,-0.03919245060642662,-0.03998115084343007,96.1739990234375,95.07904706682477,15.979999542236328,4436.009765625
2023-08-24,92.16999816894533,88.98999786376953,106.73999786376952,99.77999877929688,85.37999725341797,0.035734356461541994,0.03511069827602974,93.25999908447265,95.40238044375465,17.200000762939453,4376.31005859375
2023-08-25,84.31999969482422,92.16999816894533,97.27999877929688,96.68000030517578,94.0500030517578,-0.08516869512932235,-0.08901559696571863,90.66799926757812,94.93904695056733,15.680000305175781,4405.7099609375
2023-08-28,82.2300033569336,84.31999969482422,95.23999786376952,95.33000183105467,87.37999725341797,-0.024786484172851786,-0.02509884136728254,88.06600036621094,94.69380914597284,15.079999923706055,4433.31005859375
2023-08-29,79.05000305175781,82.2300033569336,92.62000274658205,103.27999877929688,86.68000030517578,-0.03867201964436795,-0.039439637545620077,85.3520004272461,94.33047594342914,14.449999809265137,4497.6298828125
2023-08-30,78.62999725341797,79.05000305175781,88.98999786376953,104.54000091552734,87.48999786376953,-0.005313166124292779,-0.005327331187927614,83.28000030517578,93.90857115246001,13.880000114440918,4514.8701171875
2023-08-31,80.80000305175781,78.62999725341797,92.16999816894533,106.73999786376952,96.1999969482422,0.027597683761148906,0.0272237322233642,81.00600128173828,93.17523810977028,13.569999694824219,4507.66015625
2023-09-01,82.6500015258789,80.80000305175781,84.31999969482422,97.27999877929688,94.04000091552734,0.02289601985455425,0.02263783943263888,80.67200164794922,92.63285718645368,13.09000015258789,4515.77001953125
2023-09-05,86.43000030517578,82.6500015258789,82.2300033569336,95.23999786376952,99.62999725341795,0.045735011609325804,0.04471999856648005,81.51200103759766,92.00428590320405,14.010000228881836,4496.830078125
2023-09-06,87.8499984741211,86.43000030517578,79.05000305175781,92.62000274658205,92.98999786376952,0.016429459261037227,0.016295955968518735,83.27200012207031,91.75952402750652,14.449999809265137,4465.47998046875
2023-09-07,87.6500015258789,87.8499984741211,78.62999725341797,88.98999786376953,94.91000366210938,-0.00227657315556018,-0.002279168487950711,85.0760009765625,91.41380964006696,14.399999618530273,4451.14013671875
2023-09-08,85.2699966430664,87.6500015258789,80.80000305175781,92.16999816894533,97.43000030517578,-0.027153506461831567,-0.027528975390342568,85.96999969482422,90.83476184663319,13.84000015258789,4457.490234375
2023-09-11,85.19000244140625,85.2699966430664,82.6500015258789,84.31999969482422,99.77999877929688,-0.0009381283547483799,-0.0009385686725579923,86.47799987792969,90.14000011625744,13.800000190734863,4487.4599609375
2023-09-12,85.62999725341797,85.19000244140625,86.43000030517578,82.2300033569336,96.68000030517578,0.005164864413689241,0.005151572249987426,86.31799926757813,89.61380949474517,14.229999542236328,4461.89990234375
2023-09-13,84.97000122070312,85.62999725341797,87.8499984741211,79.05000305175781,95.33000183105467,-0.007707533036134695,-0.007737389581369149,85.74199981689453,89.12047613234748,13.479999542236328,4467.43994140625
2023-09-14,82.4800033569336,84.97000122070312,87.6500015258789,78.62999725341797,103.27999877929688,-0.029304434835795146,-0.029742386973059035,84.70800018310547,88.13000015985398,12.819999694824219,4505.10009765625
2023-09-15,84.83999633789062,82.4800033569336,85.2699966430664,80.80000305175781,104.54000091552734,0.02861291082572004,0.028211206122915007,84.62200012207032,87.19190470377605,13.789999961853027,4450.31982421875
2023-09-18,84.7699966430664,84.83999633789062,85.19000244140625,82.6500015258789,106.73999786376952,-0.0008250789467909581,-0.0008254195117667237,84.53799896240234,86.14571416945685,14.0,4453.52978515625
2023-09-19,83.54000091552734,84.7699966430664,85.62999725341797,86.43000030517578,97.27999877929688,-0.01450980035681848,-0.014616096991644133,84.11999969482422,85.4914285568964,14.109999656677246,4443.9501953125
2023-09-20,88.05000305175781,83.54000091552734,84.97000122070312,87.8499984741211,95.23999786376952,0.05398613941590469,0.05257929957340907,84.73600006103516,85.1490478515625,15.140000343322754,4402.2001953125
2023-09-21,94.44000244140624,88.05000305175781,82.4800033569336,87.6500015258789,92.62000274658205,0.07257239259710446,0.07005986846712417,87.12799987792968,85.23571450369698,17.540000915527344,4330.0
2023-09-22,90.54000091552734,94.44000244140624,84.83999633789062,85.2699966430664,88.98999786376953,-0.0412960760806691,-0.0421729859490446,88.26800079345703,85.3095241728283,17.200000762939453,4320.06005859375
2023-09-25,91.73999786376952,90.54000091552734,84.7699966430664,85.19000244140625,92.16999816894533,0.013253776630306913,0.013166713763654397,89.66200103759766,85.28904796781994,16.899999618530273,4337.43994140625
2023-09-26,103.04000091552734,91.73999786376952,83.54000091552734,85.62999725341797,84.31999969482422,0.1231742240558793,0.11615880535788628,93.56200103759765,86.18047659737724,18.940000534057617,4273.52978515625
2023-09-27,97.08999633789062,103.04000091552734,88.05000305175781,84.97000122070312,82.2300033569336,-0.05774460913014312,-0.0594789255778632,95.36999969482422,86.88809531075614,18.219999313354492,4274.509765625
2023-09-28,93.72000122070312,97.08999633789062,94.44000244140624,82.4800033569336,79.05000305175781,-0.03471001384590966,-0.03532671899874852,95.22599945068359,87.58666665213448,17.34000015258789,4299.7001953125
2023-09-29,94.0999984741211,93.72000122070312,90.54000091552734,84.83999633789062,78.62999725341797,0.004054601456130014,0.004046403711233886,95.93799896240235,88.32333337692987,17.520000457763672,4288.0498046875
2023-10-02,95.38999938964844,94.0999984741211,91.73999786376952,84.7699966430664,80.80000305175781,0.013708830355423585,0.013615714382800832,96.66799926757812,89.01809510730561,17.610000610351562,4288.39013671875
2023-10-03,104.38999938964844,95.38999938964844,103.04000091552734,83.54000091552734,82.6500015258789,0.09434951313121265,0.09016013481473681,96.93799896240235,90.05333310081845,19.780000686645508,4229.4501953125
2023-10-04,95.58000183105467,104.38999938964844,97.08999633789062,88.05000305175781,86.43000030517578,-0.0843950341038836,-0.08817026726605635,96.63600006103516,90.48904745919364,18.579999923706055,4263.75
2023-10-05,95.58999633789062,95.58000183105467,93.72000122070312,94.44000244140624,87.8499984741211,0.00010456692450810934,0.00010456145776834892,97.00999908447265,90.85761878603981,18.489999771118164,4258.18994140625
2023-10-06,91.16000366210938,95.58999633789062,94.0999984741211,90.54000091552734,87.6500015258789,-0.04634368496178354,-0.047451929215269424,96.42200012207032,91.02476174490792,17.450000762939453,4308.5
2023-10-09,92.02999877929688,91.16000366210938,95.38999938964844,91.73999786376952,85.2699966430664,0.009543605553288481,0.009498353036768336,95.75,91.34666660853794,17.700000762939453,4335.66015625
2023-10-10,90.0999984741211,92.02999877929688,104.38999938964844,103.04000091552734,85.19000244140625,-0.02097142595648882,-0.021194449907679356,92.89199981689453,91.58047594342914,17.030000686645508,4358.240234375
2023-10-11,90.56999969482422,90.0999984741211,95.58000183105467,97.08999633789062,85.62999725341797,0.005216439829775599,0.005202881338456174,91.88999938964844,91.81571415492466,16.09000015258789,4376.9501953125
2023-10-12,91.87000274658205,90.56999969482422,95.58999633789062,93.72000122070312,84.97000122070312,0.0143535724427315,0.014251535162416954,91.14600067138672,92.144285656157,16.690000534057617,4349.60986328125
2023-10-13,108.0999984741211,91.87000274658205,91.16000366210938,94.0999984741211,82.4800033569336,0.17666262373267294,0.1626821463499518,94.53399963378907,93.36428542364212,19.31999969482422,4327.77978515625
2023-10-16,95.69000244140624,108.0999984741211,92.02999877929688,95.38999938964844,84.83999633789062,-0.11480107500358372,-0.12194288522484986,95.26600036621093,93.88095238095238,17.209999084472656,4373.6298828125
2023-10-17,95.8000030517578,95.69000244140624,90.0999984741211,104.38999938964844,84.7699966430664,0.0011495517561399549,0.0011488915274495254,96.40600128173827,94.40619078136626,17.8799991607666,4373.2001953125
2023-10-18,105.88999938964844,95.8000030517578,90.56999969482422,95.58000183105467,83.54000091552734,0.10532354923244958,0.10013809684602412,99.47000122070312,95.47047642299107,19.219999313354492,4314.60009765625
2023-10-19,116.47000122070312,105.88999938964844,91.87000274658205,95.58999633789062,88.05000305175781,0.09991502400640262,0.09523292591704981,104.39000091552734,96.82380966913132,21.399999618530273,4278.0
2023-10-20,115.43000030517578,116.47000122070312,108.0999984741211,91.16000366210938,94.44000244140624,-0.008929345794000731,-0.008969451324760087,105.85600128173829,97.82333337692987,21.709999084472656,4224.16015625
2023-10-23,109.0,115.43000030517578,95.69000244140624,92.02999877929688,90.54000091552734,-0.05570475862579949,-0.057316406041493975,108.51800079345703,98.70238095238095,20.3700008392334,4217.0400390625
2023-10-24,98.54000091552734,109.0,95.8000030517578,90.0999984741211,91.73999786376952,-0.09596329435296014,-0.10088531582240583,109.06600036621094,99.02619062151227,18.969999313354492,4247.68017578125
2023-10-25,102.91999816894533,98.54000091552734,105.88999938964844,90.56999969482422,103.04000091552734,0.044448926453458215,0.04348940321575724,108.47200012207031,99.02047620500836,20.190000534057617,4186.77001953125
2023-10-26,101.97000122070312,102.91999816894533,116.47000122070312,91.87000274658205,97.08999633789062,-0.009230440780641724,-0.009273305275162267,105.5720001220703,99.25285738990421,20.68000030517578,4137.22998046875
2023-10-27,102.04000091552734,101.97000122070312,115.43000030517578,108.0999984741211,93.72000122070312,0.0006864734136142747,0.0006862378985175464,102.89400024414063,99.6490478515625,21.270000457763672,4117.3701171875
2023-10-30,95.2300033569336,102.04000091552734,109.0,95.69000244140624,94.0999984741211,-0.06673850938350467,-0.06906984878909725,100.14000091552734,99.7028576078869,19.75,4166.81982421875
2023-10-31,87.94000244140625,95.2300033569336,98.54000091552734,95.8000030517578,95.38999938964844,-0.07655151379343694,-0.07964026194190785,98.02000122070312,99.3480958484468,18.139999389648438,4193.7998046875
2023-11-01,85.08000183105469,87.94000244140625,102.91999816894533,105.88999938964844,104.38999938964844,-0.0325221802473471,-0.033062779661244754,94.452001953125,98.42857215518043,16.8700008392334,4237.85986328125
2023-11-02,83.23999786376953,85.08000183105469,101.97000122070312,116.47000122070312,95.58000183105467,-0.021626750442940712,-0.02186403599167591,90.70600128173828,97.84095291864304,15.65999984741211,4317.77978515625
2023-11-03,82.83000183105469,83.23999786376953,102.04000091552734,115.43000030517578,95.58999633789062,-0.004925469044170794,-0.004937639145574472,86.86400146484375,97.23333413260323,14.90999984741211,4358.33984375
2023-11-06,84.33000183105469,82.83000183105469,95.2300033569336,109.0,91.16000366210938,0.018109380258852337,0.01794735858316909,84.68400115966797,96.90809595017205,14.890000343322754,4365.97998046875
2023-11-07,83.43000030517578,84.33000183105469,87.94000244140625,98.54000091552734,92.02999877929688,-0.010672376453660593,-0.010729734727669651,83.78200073242188,96.49857221330915,14.8100004196167,4378.3798828125
2023-11-08,85.04000091552734,83.43000030517578,85.08000183105469,102.91999816894533,90.0999984741211,0.019297622012014903,0.019113784227686757,83.77400054931641,96.2576199486142,14.449999809265137,4382.77978515625
2023-11-09,88.73999786376953,85.04000091552734,83.23999786376953,101.97000122070312,90.56999969482422,0.043508900616281654,0.04258897707831207,84.8740005493164,96.17047700427827,15.289999961853027,4347.35009765625
2023-11-10,85.66000366210938,88.73999786376953,82.83000183105469,102.04000091552734,91.87000274658205,-0.0347080716227699,-0.03532470693893884,85.44000091552735,95.87476276216053,14.170000076293945,4415.240234375
2023-11-13,85.51000213623047,85.66000366210938,84.33000183105469,95.2300033569336,108.0999984741211,-0.0017511267740613068,-0.0017526617888160945,85.6760009765625,94.7990486508324,14.760000228881836,4411.5498046875
2023-11-14,83.7699966430664,85.51000213623047,83.43000030517578,87.94000244140625,95.69000244140624,-0.020348560983450392,-0.020558445057595475,85.74400024414062,94.23142932710194,14.15999984741211,4495.7001953125
2023-11-15,84.91000366210938,83.7699966430664,85.04000091552734,85.08000183105469,95.8000030517578,0.013608774796785461,0.013517007048079246,85.71800079345704,93.71285792759487,14.180000305175781,4502.8798828125
2023-11-16,83.2300033569336,84.91000366210938,88.73999786376953,83.23999786376953,105.88999938964844,-0.01978565814060229,-0.019984015049357942,84.61600189208984,92.63381049746559,14.319999694824219,4508.240234375
2023-11-17,81.83000183105469,83.2300033569336,85.66000366210938,82.83000183105469,116.47000122070312,-0.016820875518591127,-0.016963953175603955,83.85000152587891,90.98428671700614,13.800000190734863,4514.02001953125
2023-11-20,81.80999755859375,81.83000183105469,85.51000213623047,84.33000183105469,115.43000030517578,-0.0002444613468570722,-0.0002444912324027989,83.11000061035156,89.38333420526413,13.40999984741211,4547.3798828125
2023-11-21,81.7699966430664,81.80999755859375,83.7699966430664,83.43000030517578,109.0,-0.0004889489881563236,-0.0004890685626916537,82.71000061035156,88.08666737874348,13.350000381469727,4538.18994140625
2023-11-22,83.37999725341797,81.7699966430664,84.91000366210938,85.04000091552734,98.54000091552734,0.019689380903112452,0.01949805239159179,82.40399932861328,87.36476244245257,12.850000381469727,4556.6201171875
2023-11-24,83.0,83.37999725341797,83.2300033569336,88.73999786376953,102.91999816894533,-0.004557415038801693,-0.004567831715514719,82.35799865722656,86.41619110107422,12.460000038146973,4559.33984375
2023-11-27,85.1500015258789,83.0,81.83000183105469,85.66000366210938,101.97000122070312,0.025903632841914437,0.025573817231992313,83.02199859619141,85.61523873465401,12.6899995803833,4550.43017578125
2023-11-28,85.13999938964844,85.1500015258789,81.80999755859375,85.51000213623047,102.04000091552734,-0.00011746489784181247,-0.00011747179738323286,83.68799896240235,84.81047675723121,12.6899995803833,4554.89013671875
2023-11-29,87.79000091552734,85.13999938964844,81.7699966430664,83.7699966430664,95.2300033569336,0.031125223688938553,0.030650656135516423,84.89199981689453,84.45619092668805,12.979999542236328,4550.580078125
2023-11-30,86.70999908447266,87.79000091552734,83.37999725341797,84.91000366210938,87.94000244140625,-0.012302105248795714,-0.01237840253615237,85.55800018310546,84.39761933826264,12.920000076293945,4567.7998046875
2023-12-01,85.9000015258789,86.70999908447266,83.0,83.2300033569336,85.08000183105469,-0.009341455047239156,-0.009385360076928568,86.13800048828125,84.43666694277809,12.630000114440918,4594.6298828125
2023-12-04,87.76000213623047,85.9000015258789,85.1500015258789,81.83000183105469,83.23999786376953,0.021653091703277783,0.021421993555064568,86.66000061035156,84.65190524146671,13.079999923706055,4569.77978515625
2023-12-05,85.76000213623047,87.76000213623047,85.13999938964844,81.80999755859375,82.83000183105469,-0.022789425151738096,-0.023053118076811954,86.78400115966797,84.79142906552269,12.850000381469727,4567.18017578125
2023-12-06,86.8499984741211,85.76000213623047,87.79000091552734,81.7699966430664,84.33000183105469,0.012709845041271706,0.012629752886088787,86.59600067138672,84.91142890566871,12.970000267028809,4549.33984375
2023-12-07,86.0,86.8499984741211,86.70999908447266,83.37999725341797,83.43000030517578,-0.009786971664419442,-0.009835178864476461,86.4540008544922,85.03380984351749,13.0600004196167,4585.58984375
2023-12-08,81.11000061035156,86.0,85.9000015258789,83.0,85.04000091552734,-0.05686045801916784,-0.058541030646269004,85.49600067138672,84.84666697184245,12.350000381469727,4604.3701171875
2023-12-11,82.3499984741211,81.11000061035156,87.76000213623047,85.1500015258789,88.73999786376953,0.015287854203409834,0.015172172487219214,84.41399993896485,84.5423812866211,12.630000114440918,4622.43994140625
2023-12-12,83.54000091552734,82.3499984741211,85.76000213623047,85.13999938964844,85.66000366210938,0.014450546004323384,0.014347131933720794,83.96999969482422,84.44142877487909,12.069999694824219,4643.7001953125
2023-12-13,80.83000183105469,83.54000091552734,86.8499984741211,87.79000091552734,85.51000213623047,-0.03243953860154858,-0.03297736362926878,82.76600036621093,84.21857161748977,12.1899995803833,4707.08984375
2023-12-14,80.83000183105469,80.83000183105469,86.0,86.70999908447266,83.7699966430664,0.0,0.0,81.73200073242188,84.07857186453683,12.479999542236328,4719.5498046875
2023-12-15,88.04000091552734,80.83000183105469,81.11000061035156,85.9000015258789,84.91000366210938,0.08919954127357932,0.08544306065834402,83.11800079345703,84.22761935279483,12.279999732971191,4719.18994140625
2023-12-18,88.66999816894531,88.04000091552734,82.3499984741211,87.76000213623047,83.2300033569336,0.007155806983946356,0.007130325684445237,84.38200073242187,84.48666672479538,12.5600004196167,4740.56005859375
2023-12-19,88.7699966430664,88.66999816894531,83.54000091552734,85.76000213623047,81.83000183105469,0.0011277599660097781,0.0011271245224463132,85.4279998779297,84.81714266822452,12.529999732971191,4768.3701171875
2023-12-20,92.18000030517578,88.7699966430664,80.83000183105469,86.8499984741211,81.80999755859375,0.038413921269149,0.03769447333886758,87.6979995727539,85.31095232282367,13.670000076293945,4698.35009765625
2023-12-21,89.8499984741211,92.18000030517578,80.83000183105469,86.0,81.7699966430664,-0.025276652455422655,-0.02560159435595921,89.50199890136719,85.69571431477864,13.649999618530273,4746.75
2023-12-22,88.62000274658203,89.8499984741211,88.04000091552734,81.11000061035156,83.37999725341797,-0.01368943515222576,-0.013783999482909634,89.61799926757813,85.9452383858817,13.029999732971191,4754.6298828125
2023-12-26,88.87000274658203,88.62000274658203,88.66999816894531,82.3499984741211,83.0,0.002821033539289086,0.002817061891854612,89.65800018310547,86.22476232619513,12.989999771118164,4774.75
2023-12-27,86.22000122070312,88.87000274658203,88.7699966430664,83.54000091552734,85.1500015258789,-0.02981885275097307,-0.030272475179005907,89.14800109863282,86.27571469261532,12.430000305175781,4781.580078125
2023-12-28,86.69000244140625,86.22000122070312,92.18000030517578,80.83000183105469,85.13999938964844,0.005451185502770128,0.005436381566045782,88.05000152587891,86.34952436174665,12.470000267028809,4783.35009765625
2023-12-29,86.95999908447266,86.69000244140625,89.8499984741211,80.83000183105469,87.79000091552734,0.003114507272610867,0.0031096672417721682,87.47200164794921,86.31000046502976,12.449999809265137,4769.830078125
2024-01-02,88.08999633789062,86.95999908447266,88.62000274658203,88.04000091552734,86.70999908447266,0.012994448773168576,0.012910745264530727,87.36600036621094,86.37571461995442,13.199999809265137,4742.830078125
2024-01-03,89.6500015258789,88.08999633789062,88.87000274658203,88.66999816894531,85.9000015258789,0.01770922071564751,0.017554239522200935,87.52200012207031,86.55428604852585,14.039999961853027,4704.81005859375
2024-01-04,87.58999633789062,89.6500015258789,86.22000122070312,88.7699966430664,87.76000213623047,-0.022978306223381706,-0.02324642270621987,87.7959991455078,86.5461905343192,14.130000114440918,4688.68017578125
2024-01-05,82.87000274658203,87.58999633789062,86.69000244140625,92.18000030517578,85.76000213623047,-0.05388735915800891,-0.05539364636111097,87.03199920654296,86.4085715157645,13.350000381469727,4697.240234375
2024-01-08,81.26000213623047,82.87000274658203,86.95999908447266,89.8499984741211,86.8499984741211,-0.019428026511293495,-0.01961923115579934,85.89199981689453,86.14238121396019,13.079999923706055,4763.5400390625
2024-01-09,78.58999633789062,81.26000213623047,88.08999633789062,88.62000274658203,86.0,-0.03285756495383352,-0.0334094985679804,83.99199981689453,85.78952389671689,12.760000228881836,4756.5
2024-01-10,77.08999633789062,78.58999633789062,89.6500015258789,88.87000274658203,81.11000061035156,-0.019086398649910685,-0.01927089531359948,81.47999877929688,85.5980951218378,12.6899995803833,4783.4501953125
2024-01-11,75.54000091552734,77.08999633789062,87.58999633789062,86.22000122070312,82.3499984741211,-0.020106310753596923,-0.020311193562752544,79.06999969482422,85.27380952380952,12.4399995803833,4780.240234375
2024-01-12,86.06999969482422,75.54000091552734,82.87000274658203,86.69000244140625,83.54000091552734,0.13939632845744931,0.13049858571163384,79.70999908447266,85.394285656157,12.699999809265137,4783.830078125
2024-01-16,89.58999633789062,86.06999969482422,81.26000213623047,86.95999908447266,80.83000183105469,0.04089690549026548,0.04008275061745416,81.3759979248047,85.81142825172061,13.84000015258789,4765.97998046875
2024-01-17,91.36000061035156,89.58999633789062,78.58999633789062,88.08999633789062,80.83000183105469,0.019756717767744236,0.01956408685526321,83.92999877929688,86.31285676502046,14.789999961853027,4739.2099609375
2024-01-18,86.33999633789062,91.36000061035156,77.08999633789062,89.6500015258789,88.04000091552734,-0.054947506993472395,-0.056514804876080266,85.77999877929688,86.23190416608539,14.130000114440918,4780.93994140625
2024-01-19,81.94999694824219,86.33999633789062,75.54000091552734,87.58999633789062,88.66999816894531,-0.05084548964385205,-0.05218367976177814,87.06199798583984,85.91190410795666,13.300000190734863,4839.81005859375
2024-01-22,79.16999816894531,81.94999694824219,86.06999969482422,82.87000274658203,88.7699966430664,-0.033923110223575303,-0.0345118518953684,85.68199768066407,85.4547613234747,13.1899995803833,4850.43017578125
2024-01-23,76.66999816894531,79.16999816894531,89.58999633789062,81.26000213623047,92.18000030517578,-0.03157761851484586,-0.03208694236668498,83.097998046875,84.71618979317802,12.550000190734863,4864.60009765625
2024-01-24,80.94000244140625,76.66999816894531,91.36000061035156,78.58999633789062,89.8499984741211,0.055693287784510215,0.05419769592236098,81.01399841308594,84.29190426781064,13.140000343322754,4868.5498046875
2024-01-25,81.38999938964844,80.94000244140625,86.33999633789062,77.08999633789062,88.62000274658203,0.0055596359608209855,0.005544238228972203,80.0239990234375,83.94761839367095,13.449999809265137,4894.16015625
2024-01-26,82.19999694824219,81.38999938964844,81.94999694824219,75.54000091552734,88.87000274658203,0.009952052643666276,0.009902857096273728,80.0739990234375,83.62999906994048,13.260000228881836,4890.97021484375
2024-01-29,83.4000015258789,82.19999694824219,79.16999816894531,86.06999969482422,86.22000122070312,0.01459859637698413,0.014493062724484916,80.91999969482421,83.49571337018695,13.600000381469727,4927.93017578125
2024-01-30,82.23999786376953,83.4000015258789,76.66999816894531,89.58999633789062,86.69000244140625,-0.013908916557386686,-0.014006551929321416,82.03399963378907,83.28380839029948,13.3100004196167,4924.97021484375
2024-01-31,87.55999755859375,82.23999786376953,80.94000244140625,91.36000061035156,86.95999908447266,0.06468871392283826,0.062682469040706,83.35799865722656,83.31237974621001,14.350000381469727,4845.64990234375
2024-02-01,84.83000183105469,87.55999755859375,81.38999938964844,86.33999633789062,88.08999633789062,-0.031178572449276243,-0.03167496936736269,84.0459991455078,83.15714191255115,13.880000114440918,4906.18994140625
2024-02-02,83.30999755859375,84.83000183105469,82.19999694824219,81.94999694824219,89.6500015258789,-0.017918239298027383,-0.018080714722895973,84.26799926757812,82.85523696172805,13.850000381469727,4958.60986328125
2024-02-05,79.58000183105469,83.30999755859375,83.4000015258789,79.16999816894531,87.58999633789062,-0.044772486338337414,-0.045805732673973955,83.50399932861328,82.47380865187873,13.670000076293945,4942.81005859375
2024-02-06,76.97000122070312,79.58000183105469,82.23999786376953,76.66999816894531,82.87000274658203,-0.03279719213744803,-0.033347076602070834,82.45,82.19285619826545,13.0600004196167,4954.22998046875
2024-02-07,80.54000091552734,76.97000122070312,87.55999755859375,80.94000244140625,81.26000213623047,0.04638170245817763,0.045338215384977905,81.04600067138672,82.15857042585101,12.829999923706055,4995.06005859375
2024-02-08,83.06999969482422,80.54000091552734,84.83000183105469,81.38999938964844,78.58999633789062,0.031412946989539,0.030929655386591794,80.69400024414062,82.37190391903832,12.789999961853027,4997.91015625
2024-02-09,81.94000244140625,83.06999969482422,83.30999755859375,82.19999694824219,77.08999633789062,-0.013602952420479819,-0.01369632026348904,80.42000122070313,82.6028565906343,12.930000305175781,5026.60986328125
2024-02-12,84.62999725341797,81.94000244140625,79.58000183105469,83.4000015258789,75.54000091552734,0.03282883490191835,0.03230147931424109,81.43000030517578,83.03571355910529,13.930000305175781,5021.83984375
2024-02-13,93.19000244140624,84.62999725341797,76.97000122070312,82.23999786376953,86.06999969482422,0.10114623024689462,0.09635166476770674,84.6740005493164,83.37476130894252,15.850000381469727,4953.169921875
2024-02-14,83.16999816894531,93.19000244140624,80.54000091552734,87.55999755859375,89.58999633789062,-0.10752230936747809,-0.1137537621309319,85.2,83.06904711042132,14.380000114440918,5000.6201171875
2024-02-15,82.4000015258789,83.16999816894531,83.06999969482422,84.83000183105469,91.36000061035156,-0.009258105807605,-0.009301228431414975,85.06600036621094,82.64238048735119,14.010000228881836,5029.72998046875
2024-02-16,82.62999725341797,82.4000015258789,81.94000244140625,83.30999755859375,86.33999633789062,0.0027912102339806566,0.0027873220401926383,85.20399932861328,82.46571386428107,14.239999771118164,5005.56982421875
2024-02-20,86.0999984741211,82.62999725341797,84.62999725341797,79.58000183105469,81.94999694824219,0.041994449183641924,0.04113661623794778,85.49799957275391,82.66333298456101,15.420000076293945,4975.509765625
2024-02-21,84.66000366210938,86.0999984741211,93.19000244140624,76.97000122070312,79.16999816894531,-0.016724678716975028,-0.016866115362071044,83.79199981689453,82.92476181756882,15.34000015258789,4981.7998046875
2024-02-22,80.87999725341797,84.66000366210938,83.16999816894531,80.54000091552734,76.66999816894531,-0.04464925874298298,-0.04567673759595706,83.33399963378906,83.12523796444847,14.539999961853027,5087.02978515625
2024-02-23,78.86000061035156,80.87999725341797,82.4000015258789,83.06999969482422,80.94000244140625,-0.024975231350926386,-0.025292404564319877,82.6259994506836,83.02619025820778,13.75,5088.7998046875
2024-02-26,80.5,78.86000061035156,82.62999725341797,81.94000244140625,81.38999938964844,0.020796340057765095,0.020583048235351512,82.2,82.98380933489118,13.739999771118164,5069.52978515625
2024-02-27,78.54000091552734,80.5,86.0999984741211,84.62999725341797,82.19999694824219,-0.024347814713946092,-0.02464912361782532,80.68800048828125,82.80952380952381,13.430000305175781,5078.18017578125
2024-02-28,80.36000061035156,78.54000091552734,84.66000366210938,93.19000244140624,83.4000015258789,0.023172901370114518,0.02290848673525728,79.82799987792968,82.66476186116536,13.84000015258789,5069.759765625
2024-02-29,77.44999694824219,80.36000061035156,80.87999725341797,83.16999816894531,82.23999786376953,-0.03621209109018497,-0.03688402008201419,79.14199981689453,82.43666657947358,13.399999618530273,5096.27001953125
2024-03-01,77.68000030517578,77.44999694824219,78.86000061035156,82.4000015258789,87.55999755859375,0.0029697013040206333,0.0029653004517614157,78.90599975585937,81.96619051978702,13.109999656677246,5137.080078125
2024-03-04,79.41000366210938,77.68000030517578,80.5,82.62999725341797,84.83000183105469,0.02227089791628556,0.022026523111897893,78.68800048828125,81.70809536888486,13.489999771118164,5130.9501953125
2024-03-05,83.91000366210938,79.41000366210938,78.54000091552734,86.0999984741211,83.30999755859375,0.056667923340585125,0.055120488501683204,79.76200103759766,81.73666708809989,14.460000038146973,5078.64990234375
2024-03-06,83.11000061035156,83.91000366210938,80.36000061035156,84.66000366210938,79.58000183105469,-0.00953406050343275,-0.009579800616442624,80.31200103759765,81.9047622680664,14.5,5104.759765625
2024-03-07,82.12999725341797,83.11000061035156,77.44999694824219,80.87999725341797,76.97000122070312,-0.011791641796854102,-0.011861714598620154,81.24800109863281,82.15047636486236,14.4399995803833,5157.35986328125
2024-03-08,86.55999755859375,82.12999725341797,77.68000030517578,78.86000061035156,80.54000091552734,0.05393888290908744,0.05253446258317016,83.02400054931641,82.43714287167504,14.739999771118164,5123.68994140625
2024-03-11,88.97000122070312,86.55999755859375,79.41000366210938,80.5,83.06999969482422,0.02784200242702184,0.02746146108368086,84.93600006103516,82.71809532528832,15.220000267028809,5117.93994140625
2024-03-12,83.76000213623047,88.97000122070312,83.91000366210938,78.54000091552734,81.94000244140625,-0.0585590537595756,-0.06034365591060095,84.90599975585937,82.8047619774228,13.84000015258789,5175.27001953125
2024-03-13,86.2699966430664,83.76000213623047,83.11000061035156,80.36000061035156,84.62999725341797,0.029966504809223693,0.029526282110075217,85.53799896240234,82.88285718645368,13.75,5165.31005859375
2024-03-14,88.75,86.2699966430664,82.12999725341797,77.44999694824219,93.19000244140624,0.028746997257857343,0.028341554178984648,86.86199951171875,82.67142849876767,14.399999618530273,5150.47998046875
2024-03-15,92.16999816894533,88.75,86.55999755859375,77.68000030517578,83.16999816894531,0.038535190636003636,0.03781124978398828,87.98399963378907,83.0999999273391,14.40999984741211,5117.08984375
2024-03-18,86.77999877929688,92.16999816894533,88.97000122070312,79.41000366210938,82.4000015258789,-0.058478892228778334,-0.060258511835950164,87.5459991455078,83.30857122512091,14.329999923706055,5149.419921875
2024-03-19,83.9000015258789,86.77999877929688,83.76000213623047,83.91000366210938,82.62999725341797,-0.03318733917872618,-0.03375053464352689,87.5739990234375,83.36904761904762,13.819999694824219,5178.509765625
2024-03-20,78.87000274658203,83.9000015258789,86.2699966430664,83.11000061035156,86.0999984741211,-0.05995230855562472,-0.0618246694259708,86.09400024414063,83.02476210821243,13.039999961853027,5224.6201171875
2024-03-21,77.30000305175781,78.87000274658203,88.75,82.12999725341797,84.66000366210938,-0.01990617015532259,-0.020106967161287726,83.80400085449219,82.67428588867188,12.920000076293945,5241.52978515625
2024-03-22,76.48999786376953,77.30000305175781,92.16999816894533,86.55999755859375,80.87999725341797,-0.010478721293787352,-0.010534009667235764,80.66800079345703,82.46523829868862,13.0600004196167,5234.18017578125
2024-03-25,76.5999984741211,76.48999786376953,86.77999877929688,88.97000122070312,78.86000061035156,0.0014381045028590833,0.0014370714209131035,78.63200073242187,82.3576191493443,13.1899995803833,5218.18994140625
2024-03-26,76.7699966430664,76.5999984741211,83.9000015258789,83.76000213623047,80.5,0.002219297288925448,0.0022168382861971377,77.20599975585938,82.17999994187127,13.239999771118164,5203.580078125
2024-03-27,76.0,76.7699966430664,78.87000274658203,86.2699966430664,78.54000091552734,-0.010029916331068978,-0.010080554826321291,76.63199920654297,82.05904751732236,12.779999732971191,5248.490234375
2024-03-28,76.56999969482422,76.0,77.30000305175781,88.75,80.36000061035156,0.0074999959845292175,0.007472010853122046,76.48599853515626,81.87857128324963,13.010000228881836,5254.35009765625
2024-04-01,78.44999694824219,76.56999969482422,76.48999786376953,92.16999816894533,77.44999694824219,0.02455266110631893,0.024256089138914465,76.87799835205078,81.92619033086868,13.649999618530273,5243.77001953125
2024-04-02,82.76000213623047,78.44999694824219,76.5999984741211,86.77999877929688,77.68000030517578,0.054939520148507226,0.05348343841132894,78.10999908447266,82.16809517996651,14.609999656677246,5205.81005859375
2024-04-03,81.08000183105469,82.76000213623047,76.7699966430664,83.9000015258789,79.41000366210938,-0.02029966483580259,-0.02050853452258866,78.97200012207031,82.24761890229725,14.329999923706055,5211.490234375
2024-04-04,90.04000091552734,81.08000183105469,76.0,78.87000274658203,83.91000366210938,0.11050812632124107,0.10481768203943033,81.78000030517578,82.53952353341239,16.350000381469727,5147.2099609375
2024-04-05,90.58000183105467,90.04000091552734,76.56999969482422,77.30000305175781,83.11000061035156,0.005997344625017664,0.005979432136308077,84.58200073242188,82.8952378772554,16.030000686645508,5204.33984375
2024-04-08,86.26000213623047,90.58000183105467,78.44999694824219,76.48999786376953,82.12999725341797,-0.047692643050302186,-0.048867442358131605,86.14400177001953,83.09190477643695,15.1899995803833,5202.39013671875
2024-04-09,84.44999694824219,86.26000213623047,82.76000213623047,76.5999984741211,86.55999755859375,-0.02098313405012142,-0.02120640886776639,86.48200073242188,82.9914285568964,14.979999542236328,5209.91015625
2024-04-10,91.76000213623048,84.44999694824219,81.08000183105469,76.7699966430664,88.97000122070312,0.08656015929128413,0.08301688898479509,88.61800079345703,83.12428574335007,15.800000190734863,5160.64013671875
2024-04-11,89.4000015258789,91.76000213623048,90.04000091552734,76.0,83.76000213623047,-0.025719273707598966,-0.02605579685427859,88.49000091552735,83.39285714285714,14.90999984741211,5199.06005859375
2024-04-12,102.72000122070312,89.4000015258789,90.58000183105467,76.56999969482422,86.2699966430664,0.14899328263398792,0.13888615257797812,90.91800079345703,84.17619069417317,17.309999465942383,5123.41015625
2024-04-15,109.63999938964844,102.72000122070312,86.26000213623047,78.44999694824219,88.75,0.06736758261983544,0.06519541404227255,95.59400024414063,85.17095256987072,19.229999542236328,5061.81982421875
2024-04-16,99.25,109.63999938964844,84.44999694824219,82.76000213623047,92.16999816894533,-0.09476467938241706,-0.09956034630041581,98.55400085449219,85.50809551420666,18.399999618530273,5051.41015625
2024-04-17,98.76000213623048,99.25,91.76000213623048,81.08000183105469,86.77999877929688,-0.004937006184075776,-0.004949233459797993,99.9540008544922,86.07857186453683,18.209999084472656,5022.2099609375
2024-04-18,95.98999786376952,98.76000213623048,89.4000015258789,90.04000091552734,83.9000015258789,-0.02804783528295185,-0.028448688986775585,101.27200012207031,86.65428597586495,18.0,5011.1201171875
2024-04-19,99.08999633789062,95.98999786376952,102.72000122070312,90.58000183105467,78.87000274658203,0.0322950155548567,0.0317844939926748,100.5459991455078,87.61714281354632,18.709999084472656,4967.22998046875
2024-04-22,89.54000091552734,99.08999633789062,109.63999938964844,86.26000213623047,77.30000305175781,-0.09637698834702146,-0.1013430280757957,96.5259994506836,88.1999998546782,16.940000534057617,5010.60009765625
2024-04-23,82.36000061035156,89.54000091552734,99.25,84.44999694824219,76.48999786376953,-0.08018762823053183,-0.08358557346724024,93.1479995727539,88.47952379499164,15.6899995803833,5070.5498046875
2024-04-24,83.61000061035156,82.36000061035156,98.76000213623048,91.76000213623048,76.5999984741211,0.01517727040719441,0.015063247891584048,90.11799926757813,88.81333342052642,15.970000267028809,5071.6298828125
2024-04-25,82.54000091552734,83.61000061035156,95.98999786376952,89.4000015258789,76.7699966430664,-0.012797508515886125,-0.012880102045590374,87.4279998779297,89.08809552873883,15.369999885559082,5048.419921875
2024-04-26,79.55999755859375,82.54000091552734,99.08999633789062,102.72000122070312,76.0,-0.03610374756335866,-0.036771612116940994,83.52200012207031,89.2576192220052,15.029999732971191,5099.9599609375
2024-04-29,78.22000122070312,79.55999755859375,89.54000091552734,109.63999938964844,76.56999969482422,-0.016842588977001305,-0.016986038366026857,81.25800018310547,89.33619072323754,14.670000076293945,5116.169921875
2024-04-30,81.81999969482422,78.22000122070312,82.36000061035156,99.25,78.44999694824219,0.04602401454793448,0.044996323838018146,81.15,89.49666704450335,15.649999618530273,5035.68994140625
2024-05-01,81.93000030517578,81.81999969482422,83.61000061035156,98.76000213623048,82.76000213623047,0.001344422033266346,0.0013435191071498212,80.81399993896484,89.45714314778645,15.390000343322754,5018.39013671875
2024-05-02,78.58999633789062,81.93000030517578,82.54000091552734,95.98999786376952,81.08000183105469,-0.04076655626564374,-0.04162080959812725,80.0239990234375,89.3385714576358,14.680000305175781,5064.2001953125
2024-05-03,74.56999969482422,78.58999633789062,79.55999755859375,99.08999633789062,90.04000091552734,-0.051151505667245356,-0.05250614081720215,79.0259994506836,88.6019047328404,13.489999771118164,5127.7900390625
2024-05-06,73.45999908447266,74.56999969482422,78.22000122070312,89.54000091552734,90.58000183105467,-0.014885350876950643,-0.0149972495346452,78.0739990234375,87.78666650681268,13.489999771118164,5180.740234375
2024-05-07,74.54000091552734,73.45999908447266,81.81999969482422,82.36000061035156,86.26000213623047,0.014701903682476036,0.014594878404891168,76.61799926757813,87.22857121058873,13.229999542236328,5187.7001953125
2024-05-08,74.5,74.54000091552734,81.93000030517578,83.61000061035156,84.44999694824219,-0.0005366369068424692,-0.0005367809479615209,75.13199920654297,86.75476183210101,13.0,5187.669921875
2024-05-09,73.7699966430664,74.5,78.58999633789062,82.54000091552734,91.76000213623048,-0.009798702777632173,-0.009847025994707216,74.16799926757812,85.8980949038551,12.6899995803833,5214.080078125
2024-05-10,73.26000213623047,73.7699966430664,74.56999969482422,79.55999755859375,89.4000015258789,-0.006913305273735126,-0.006937312880563659,73.90599975585937,85.12952350434803,12.550000190734863,5222.68017578125
2024-05-13,77.55000305175781,73.26000213623047,73.45999908447266,78.22000122070312,102.72000122070312,0.05855856934797621,0.056908142464435714,74.7240005493164,83.93095216296967,13.600000381469727,5221.419921875
2024-05-14,77.6500015258789,77.55000305175781,74.54000091552734,81.81999969482422,109.63999938964844,0.0012894709243835845,0.0012886402707436356,75.34600067138672,82.40761893136161,13.420000076293945,5246.68017578125
2024-05-15,76.30999755859375,77.6500015258789,74.5,81.93000030517578,99.25,-0.017256972839061246,-0.017407609937148592,75.70800018310547,81.31523786272321,12.449999809265137,5308.14990234375
2024-05-16,77.73999786376953,76.30999755859375,73.7699966430664,78.58999633789062,98.76000213623048,0.01873935723923692,0.018565938636635734,76.50200042724609,80.31428527832031,12.420000076293945,5297.10009765625
2024-05-17,78.43000030517578,77.73999786376953,73.26000213623047,74.56999969482422,95.98999786376952,0.008875771293631818,0.008836613170724948,77.53600006103515,79.47809491838727,11.989999771118164,5303.27001953125
2024-05-20,79.44999694824219,78.43000030517578,77.55000305175781,73.45999908447266,99.08999633789062,0.013005184739226516,0.012921343456041184,77.91599884033204,78.54285685221355,12.149999618530273,5308.1298828125
2024-05-21,77.62000274658203,79.44999694824219,77.6500015258789,74.54000091552734,89.54000091552734,-0.023033282214627526,-0.023302693245937534,77.90999908447266,77.97523789178757,11.859999656677246,5321.41015625
2024-05-22,79.95999908447266,77.62000274658203,76.30999755859375,74.5,82.36000061035156,0.030146821116850075,0.02970133685664436,78.63999938964844,77.86095210484096,12.289999961853027,5307.009765625
2024-05-23,84.62000274658203,79.95999908447266,77.73999786376953,73.7699966430664,83.61000061035156,0.05827918603633764,0.05664417956737367,80.01600036621093,77.90904744466145,12.770000457763672,5267.83984375
2024-05-24,79.08999633789062,84.62000274658203,78.43000030517578,73.26000213623047,82.54000091552734,-0.06535105446938516,-0.06758427952149601,80.1479995727539,77.74476151239304,11.930000305175781,5304.72021484375
2024-05-28,81.63999938964844,79.08999633789062,79.44999694824219,77.55000305175781,79.55999755859375,0.03224178998395222,0.031732932237250065,80.58600006103515,77.84380921863374,12.920000076293945,5306.0400390625
2024-05-29,83.79000091552734,81.63999938964844,77.62000274658203,77.6500015258789,78.22000122070312,0.026335148725534108,0.02599434908613596,81.81999969482422,78.10904729933966,14.279999732971191,5266.9501953125
2024-05-30,83.44000244140625,83.79000091552734,79.95999908447266,76.30999755859375,81.81999969482422,-0.004177091183874548,-0.004185839599706631,82.51600036621093,78.18619028727214,14.470000267028809,5235.47998046875
2024-05-31,78.2699966430664,83.44000244140625,84.62000274658203,77.73999786376953,81.93000030517578,-0.061960757994588445,-0.0639634950243414,81.24599914550781,78.01190439860027,12.920000076293945,5277.509765625
2024-06-03,78.79000091552734,78.2699966430664,79.08999633789062,78.43000030517578,78.58999633789062,0.006643724220818603,0.006621751949840387,81.18600006103516,78.02142842610677,13.109999656677246,5283.39990234375
2024-06-04,77.6500015258789,78.79000091552734,81.63999938964844,79.44999694824219,74.56999969482422,-0.014468833308818652,-0.01457452763201622,80.38800048828125,78.16809517996651,13.15999984741211,5291.33984375
2024-06-05,75.23999786376953,77.6500015258789,83.79000091552734,77.62000274658203,73.45999908447266,-0.031036749707032185,-0.03152859320481083,78.6779998779297,78.2528570265997,12.630000114440918,5354.02978515625
2024-06-06,77.91000366210938,75.23999786376953,83.44000244140625,79.95999908447266,74.54000091552734,0.035486521453312436,0.034871385306510176,77.5720001220703,78.41333334786552,12.579999923706055,5352.9599609375
2024-06-07,76.6500015258789,77.91000366210938,78.2699966430664,84.62000274658203,74.5,-0.01617253339757263,-0.01630473612220276,77.24800109863281,78.51571437290737,12.220000267028809,5346.990234375
2024-06-10,78.97000122070312,76.6500015258789,78.79000091552734,79.08999633789062,73.7699966430664,0.03026744486157562,0.02981842374237903,77.28400115966797,78.76333363850911,12.739999771118164,5360.7900390625
2024-06-11,79.94999694824219,78.97000122070312,77.6500015258789,81.63999938964844,73.26000213623047,0.01240972157009601,0.012333352141835318,77.74400024414062,79.08190482003349,12.850000381469727,5375.31982421875
2024-06-12,77.5999984741211,79.94999694824219,75.23999786376953,83.79000091552734,77.55000305175781,-0.02939335289333944,-0.029833993583348182,78.21600036621093,79.08428555443173,12.039999961853027,5421.02978515625
2024-06-13,78.19999694824219,77.5999984741211,77.91000366210938,83.44000244140625,77.6500015258789,0.007731939251534703,0.007702201000443715,78.2739990234375,79.1104758126395,11.9399995803833,5433.740234375
2024-06-14,83.72000122070312,78.19999694824219,76.6500015258789,78.2699966430664,76.30999755859375,0.07058829268387856,0.06820830363235278,79.68799896240235,79.46333312988281,12.65999984741211,5431.60009765625
2024-06-17,83.33999633789062,83.72000122070312,78.97000122070312,78.79000091552734,77.73999786376953,-0.0045389975784965175,-0.004549330106072232,80.56199798583984,79.72999972388858,12.75,5473.22998046875
2024-06-18,80.62999725341797,83.33999633789062,79.94999694824219,77.6500015258789,78.43000030517578,-0.03251738905153456,-0.0330578274196004,80.697998046875,79.83476148332868,12.300000190734863,5487.02978515625
2024-06-20,85.72000122070312,80.62999725341797,77.5999984741211,75.23999786376953,79.44999694824219,0.06312791939316842,0.061215430213054436,82.3219985961914,80.13333311535064,13.279999732971191,5473.169921875
2024-06-21,83.30999755859375,85.72000122070312,78.19999694824219,77.91000366210938,77.62000274658203,-0.028114834668566346,-0.028517624164226218,83.34399871826172,80.40428524925595,13.199999809265137,5464.6201171875
2024-06-24,84.80000305175781,83.30999755859375,83.72000122070312,76.6500015258789,79.95999908447266,0.017885074262738998,0.01772701810382967,83.55999908447265,80.63476162865048,13.329999923706055,5447.8701171875
2024-06-25,82.87000274658203,84.80000305175781,83.33999633789062,78.97000122070312,84.62000274658203,-0.022759436741975114,-0.023022430781355293,83.46600036621093,80.55142829531715,12.84000015258789,5469.2998046875
2024-06-26,81.44999694824219,82.87000274658203,80.62999725341797,79.94999694824219,79.08999633789062,-0.017135341514133207,-0.017283850424025544,83.63000030517578,80.66380927676246,12.550000190734863,5477.89990234375
2024-06-27,79.5,81.44999694824219,85.72000122070312,77.5999984741211,81.63999938964844,-0.02394103156911498,-0.02423227591989963,82.38600006103516,80.56190454392205,12.239999771118164,5482.8701171875
2024-06-28,79.4800033569336,79.5,83.30999755859375,78.19999694824219,83.79000091552734,-0.00025153010146428123,-0.0002515617404658046,81.62000122070313,80.3566665649414,12.4399995803833,5460.47998046875
2024-07-01,76.05000305175781,79.4800033569336,84.80000305175781,83.72000122070312,83.44000244140625,-0.043155512837262044,-0.04411440108621151,79.87000122070313,80.00476183210101,12.220000267028809,5475.08984375
2024-07-02,77.05999755859375,76.05000305175781,82.87000274658203,83.33999633789062,78.2699966430664,0.013280663593774777,0.013193248682514664,78.70800018310547,79.9471428280785,12.029999732971191,5509.009765625
2024-07-03,78.06999969482422,77.05999755859375,81.44999694824219,80.62999725341797,78.79000091552734,0.013106698264070182,0.013021548707074148,78.03200073242188,79.91285705566406,12.09000015258789,5537.02001953125
2024-07-05,78.80000305175781,78.06999969482422,79.5,85.72000122070312,77.6500015258789,0.009350625845871319,0.00930717936852603,77.89200134277344,79.96761903308686,12.479999542236328,5567.18994140625
2024-07-08,78.58999633789062,78.80000305175781,79.4800033569336,83.30999755859375,75.23999786376953,-0.002665059717437468,-0.002668617311292045,77.71399993896485,80.12714276994977,12.369999885559082,5572.85009765625
2024-07-09,78.58000183105469,78.58999633789062,76.05000305175781,84.80000305175781,77.91000366210938,-0.00012717276118667797,-0.0001271808483279219,78.21999969482422,80.15904744466145,12.510000228881836,5576.97998046875
2024-07-10,83.41000366210938,78.58000183105469,77.05999755859375,82.87000274658203,76.6500015258789,0.061466043758042765,0.059651012726335655,79.49000091552735,80.48095230829148,12.850000381469727,5633.91015625
2024-07-11,84.47000122070312,83.41000366210938,78.06999969482422,81.44999694824219,78.97000122070312,0.012708278528409611,0.012628206032287228,80.77000122070312,80.74285707019624,12.920000076293945,5584.5400390625
2024-07-12,81.61000061035156,84.47000122070312,78.80000305175781,79.5,79.94999694824219,-0.03385818123618767,-0.03444464523069313,81.33200073242188,80.82190486363002,12.460000038146973,5615.35009765625
2024-07-15,83.86000061035156,81.61000061035156,78.58999633789062,79.4800033569336,77.5999984741211,0.027570150510630054,0.0271969380608035,82.38600158691406,81.12000020345052,13.119999885559082,5631.22021484375
2024-07-16,82.4000015258789,83.86000061035156,78.58000183105469,76.05000305175781,78.19999694824219,-0.017409957951901478,-0.01756329358746319,83.1500015258789,81.32000042143322,13.1899995803833,5667.2001953125
2024-07-17,88.27999877929688,82.4000015258789,83.41000366210938,77.05999755859375,83.72000122070312,0.07135918864723889,0.06892811212753236,84.1240005493164,81.53714316231864,14.479999542236328,5588.27001953125
2024-07-18,94.70999908447266,88.27999877929688,84.47000122070312,78.06999969482422,83.33999633789062,0.07283643400642781,0.0703060140104652,86.17200012207032,82.07857186453683,15.930000305175781,5544.58984375
2024-07-19,97.93000030517578,94.70999908447266,81.61000061035156,78.80000305175781,80.62999725341797,0.03399853502090289,0.033433359277596275,89.43600006103516,82.90238153366815,16.520000457763672,5505.0
2024-07-22,93.66000366210938,97.93000030517578,83.86000061035156,78.58999633789062,85.72000122070312,-0.04360253885183263,-0.044581697993536645,91.39600067138672,83.28047688802083,14.90999984741211,5564.41015625
2024-07-23,88.51000213623047,93.66000366210938,82.4000015258789,78.58000183105469,83.30999755859375,-0.05498613415026343,-0.05655567873917552,92.61800079345703,83.52809615362258,14.720000267028809,5555.740234375
2024-07-24,106.12000274658205,88.51000213623047,88.27999877929688,83.41000366210938,84.80000305175781,0.1989605715210252,0.1814549910351342,96.18600158691406,84.5433342343285,18.040000915527344,5427.1298828125
2024-07-25,104.37999725341795,106.12000274658205,94.70999908447266,84.47000122070312,82.87000274658203,-0.016396583566995138,-0.01653249524942086,98.12000122070313,85.56761968703498,18.459999084472656,5399.22021484375
2024-07-26,94.61000061035156,104.37999725341795,97.93000030517578,81.61000061035156,81.44999694824219,-0.09360027687437467,-0.09827487473437861,97.45600128173828,86.1942865280878,16.389999389648438,5459.10009765625
2024-07-29,93.51000213623048,94.61000061035156,93.66000366210938,83.86000061035156,79.5,-0.011626661737921262,-0.011694779875293508,97.4260009765625,86.86142948695591,16.600000381469727,5463.5400390625
2024-07-30,99.97000122070312,93.51000213623048,88.51000213623047,82.4000015258789,79.4800033569336,0.06908350911019512,0.06680174789748707,99.71800079345704,87.83714367094494,17.690000534057617,5436.43994140625
2024-07-31,94.25,99.97000122070312,106.12000274658205,88.27999877929688,76.05000305175781,-0.057217176661577884,-0.05891932686166361,97.34400024414063,88.70381019228981,16.360000610351562,5522.2998046875
2024-08-01,111.18000030517578,94.25,104.37999725341795,94.70999908447266,77.05999755859375,0.17962865045279353,0.16519968594208354,98.7040008544922,90.32857222784133,18.59000015258789,5446.68017578125
2024-08-02,136.80999755859375,111.18000030517578,94.61000061035156,97.93000030517578,78.06999969482422,0.230527047877916,0.20744257181658654,107.14400024414063,93.12571498325893,23.389999389648438,5346.56005859375
2024-08-05,173.32000732421875,136.80999755859375,93.51000213623048,93.66000366210938,78.80000305175781,0.2668665332735518,0.23654655504327649,123.10600128173829,97.62666756766183,38.56999969482422,5186.330078125
2024-08-06,150.08999633789062,173.32000732421875,99.97000122070312,88.51000213623047,78.58999633789062,-0.13402959845757,-0.1439045493612664,133.13000030517577,101.03142947242374,27.709999084472656,5240.02978515625
2024-08-07,151.24000549316406,150.08999633789062,94.25,106.12000274658205,78.58000183105469,0.007662130610520235,0.007632925574772581,144.5280014038086,104.49142964680989,27.850000381469727,5199.5
2024-08-08,134.33999633789062,151.24000549316406,111.18000030517578,104.37999725341795,83.41000366210938,-0.11174298162821283,-0.1184941427648621,149.16000061035157,106.91666739327567,23.790000915527344,5319.31005859375
2024-08-09,114.62999725341795,134.33999633789062,136.80999755859375,94.61000061035156,84.47000122070312,-0.14671728168652232,-0.15866434641220503,144.7240005493164,108.3528576805478,20.3700008392334,5344.16015625
2024-08-12,121.94000244140624,114.62999725341795,173.32000732421875,93.51000213623048,81.61000061035156,0.06377043848154074,0.061819614334537046,134.4479995727539,110.27333395821708,20.709999084472656,5344.39013671875
2024-08-13,113.88999938964844,121.94000244140624,150.08999633789062,99.97000122070312,83.86000061035156,-0.06601609718374357,-0.06829607557391543,127.20800018310547,111.70333390008835,18.1200008392334,5434.43017578125
2024-08-14,107.80999755859376,113.88999938964844,151.24000549316406,94.25,82.4000015258789,-0.05338486138939513,-0.05486266902155382,118.52199859619141,112.91333371117001,16.190000534057617,5455.2099609375
2024-08-15,105.41999816894533,107.80999755859376,134.33999633789062,111.18000030517578,88.27999877929688,-0.02216862483787274,-0.022418041847652524,112.73799896240234,113.72952415829613,15.229999542236328,5543.22021484375
2024-08-16,103.41999816894533,105.41999816894533,114.62999725341795,136.80999755859375,94.70999908447266,-0.018971732448665124,-0.019154004794880563,110.49599914550781,114.14428601946149,14.800000190734863,5554.25
2024-08-19,98.81999969482422,103.41999816894533,121.94000244140624,173.32000732421875,97.93000030517578,-0.044478810245254685,-0.0454983389336353,105.8719985961914,114.18666694277809,14.649999618530273,5608.25
2024-08-20,101.73999786376952,98.81999969482422,113.88999938964844,150.08999633789062,93.66000366210938,0.029548655919478195,0.029120508068255606,103.44199829101562,114.57142857142857,15.880000114440918,5597.1201171875
2024-08-21,106.72000122070312,101.73999786376952,107.80999755859376,151.24000549316406,88.51000213623047,0.04894833361016837,0.04778807520802515,103.2239990234375,115.43857138497489,16.270000457763672,5620.85009765625
2024-08-22,112.52999877929688,106.72000122070312,105.41999816894533,134.33999633789062,106.12000274658205,0.054441505735914886,0.053011248308417795,104.64599914550782,115.74380929129464,17.549999237060547,5570.64013671875
2024-08-23,99.22000122070312,112.52999877929688,103.41999816894533,114.62999725341795,104.37999725341795,-0.11827954947994279,-0.1258802227382065,103.80599975585938,115.4980951944987,15.859999656677246,5634.60986328125
2024-08-26,100.68000030517578,99.22000122070312,98.81999969482422,121.94000244140624,94.61000061035156,0.014714765838644395,0.01460755412236378,104.1779998779297,115.78714279901413,16.149999618530273,5616.83984375
2024-08-27,93.4499969482422,100.68000030517578,101.73999786376952,113.88999938964844,93.51000213623048,-0.07181171369704398,-0.07452067205327412,102.51999969482422,115.78428540910993,15.430000305175781,5625.7998046875
2024-08-28,106.31999969482422,93.4499969482422,106.72000122070312,107.80999755859376,99.97000122070312,0.13772074014844682,0.1290269102896512,102.43999938964843,116.08666628882999,17.110000610351562,5592.18017578125
2024-08-29,97.08000183105467,106.31999969482422,112.52999877929688,105.41999816894533,94.25,-0.08690742936692619,-0.09091801181494129,99.35,116.22142828078498,15.649999618530273,5591.9599609375
2024-08-30,93.7300033569336,97.08000183105467,99.22000122070312,103.41999816894533,111.18000030517578,-0.03450760621071036,-0.035117055146371014,98.25200042724609,115.39047604515439,15.0,5648.39990234375
2024-09-03,129.7899932861328,93.7300033569336,100.68000030517578,98.81999969482422,136.80999755859375,0.3847219528188752,0.32549936339764635,104.0739990234375,115.05619012741815,20.719999313354492,5528.93017578125
2024-09-04,123.47000122070312,129.7899932861328,93.4499969482422,101.73999786376952,173.32000732421875,-0.04869398561025229,-0.04991948650468268,110.07799987792968,112.68238031296502,21.31999969482422,5520.06982421875
2024-09-05,115.01000213623048,123.47000122070312,106.31999969482422,106.72000122070312,150.08999633789062,-0.06851866041007293,-0.0709791217874978,111.81600036621094,111.01190439860027,19.899999618530273,5503.41015625
2024-09-06,119.33000183105467,115.01000213623048,97.08000183105467,112.52999877929688,151.24000549316406,0.03756194778352495,0.03687368004723442,116.26600036621093,109.49238041469029,22.3799991607666,5408.419921875
2024-09-09,110.8499984741211,119.33000183105467,93.7300033569336,99.22000122070312,134.33999633789062,-0.0710634645672713,-0.0737148574289645,119.68999938964843,108.37380908784412,19.450000762939453,5471.0498046875
2024-09-10,107.1999969482422,110.8499984741211,129.7899932861328,100.68000030517578,114.62999725341795,-0.03292739355996488,-0.03348170212825056,115.17200012207032,108.01999954950242,19.079999923706055,5495.52001953125
2024-09-11,102.9000015258789,107.1999969482422,123.47000122070312,93.4499969482422,121.94000244140624,-0.04011189873857368,-0.04093856250005236,111.05800018310546,107.1133328392392,17.690000534057617,5554.1298828125
2024-09-12,103.94000244140624,102.9000015258789,115.01000213623048,106.31999969482422,113.88999938964844,0.010106908650198365,0.010056175400147638,108.84400024414063,106.63952346075149,17.06999969482422,5595.759765625
2024-09-13,101.87999725341795,103.94000244140624,119.33000183105467,97.08000183105467,107.80999755859376,-0.019819175866861882,-0.020018209916642146,105.35399932861328,106.35714249383835,16.559999465942383,5626.02001953125
2024-09-16,106.66999816894533,101.87999725341795,110.8499984741211,93.7300033569336,105.41999816894533,0.04701610762329178,0.045944316319525676,104.51799926757812,106.41666630336216,17.139999389648438,5633.08984375
2024-09-17,107.19000244140624,106.66999816894533,107.1999969482422,129.7899932861328,103.41999816894533,0.004874887797760241,0.0048630440080741555,104.51600036621093,106.59619031633649,17.610000610351562,5634.580078125
2024-09-18,105.43000030517578,107.19000244140624,102.9000015258789,123.47000122070312,98.81999969482422,-0.01641946166754249,-0.016555754996424143,105.02200012207031,106.91095225016277,18.229999542236328,5618.259765625
2024-09-19,97.45999908447266,105.43000030517578,103.94000244140624,115.01000213623048,101.73999786376952,-0.07559519299661677,-0.07860520046195818,103.72599945068359,106.70714278448196,16.329999923706055,5713.64013671875
2024-09-20,94.2699966430664,97.45999908447266,101.87999725341795,119.33000183105467,106.72000122070312,-0.032731402332985216,-0.03327905822319987,102.20399932861328,106.11428542364212,16.149999618530273,5702.5498046875
2024-09-23,94.41000366210938,94.2699966430664,106.66999816894533,110.8499984741211,112.52999877929688,0.0014851705105398683,0.0014840687355647424,99.75200042724609,105.25142851329986,15.890000343322754,5718.56982421875
2024-09-24,90.93000030517578,94.41000366210938,107.19000244140624,107.1999969482422,99.22000122070312,-0.036860536192630855,-0.03755705543986376,96.5,104.8566665649414,15.390000343322754,5732.93017578125
2024-09-25,90.4800033569336,90.93000030517578,105.43000030517578,102.9000015258789,100.68000030517578,-0.0049488281835690096,-0.004961114184730792,93.51000061035157,104.37095242454892,15.40999984741211,5722.259765625
2024-09-26,89.86000061035156,90.4800033569336,97.45999908447266,103.94000244140624,93.4499969482422,-0.006852373160688208,-0.006875958474988786,91.99000091552735,104.2000002179827,15.369999885559082,5745.3701171875
2024-09-27,101.33999633789062,89.86000061035156,94.2699966430664,101.87999725341795,106.31999969482422,0.12775423602897917,0.12022825347663964,93.40400085449218,103.96285720098587,16.959999084472656,5738.169921875
2024-09-30,99.33999633789062,101.33999633789062,94.41000366210938,106.66999816894533,97.08000183105467,-0.01973554442740988,-0.019932891096098186,94.38999938964844,104.07047598702567,16.729999542236328,5762.47998046875
2024-10-01,110.13999938964844,99.33999633789062,90.93000030517578,107.19000244140624,93.7300033569336,0.10871757046399688,0.10320400547793283,98.23199920654297,104.8519043695359,19.260000228881836,5708.75
2024-10-02,107.97000122070312,110.13999938964844,90.4800033569336,105.43000030517578,129.7899932861328,-0.019702180687947823,-0.019898856227741617,101.72999877929688,103.81285712832496,18.899999618530273,5709.5400390625
2024-10-03,115.63999938964844,107.97000122070312,89.86000061035156,97.45999908447266,123.47000122070312,0.07103823360404471,0.06862848980511749,106.88599853515625,103.43999989827473,20.489999771118164,5699.93994140625
2024-10-04,110.62999725341795,115.63999938964844,101.33999633789062,94.2699966430664,115.01000213623048,-0.043324128006515306,-0.04429063665003277,108.74399871826172,103.23142823718842,19.209999084472656,5751.06982421875
2024-10-07,122.58000183105467,110.62999725341795,99.33999633789062,94.41000366210938,119.33000183105467,0.10801776077299441,0.10257261777513456,113.39199981689453,103.38619014195034,22.639999389648438,5695.93994140625
2024-10-08,114.81999969482422,122.58000183105467,110.13999938964844,90.93000030517578,110.8499984741211,-0.063305612826843,-0.06539821091358729,114.32799987792968,103.57523781912667,21.420000076293945,5751.1298828125
2024-10-09,119.36000061035156,114.81999969482422,107.97000122070312,90.4800033569336,107.1999969482422,0.03954015787836651,0.03877845948735775,116.60599975585937,104.15428561256046,20.860000610351562,5792.0400390625
2024-10-10,117.43000030517578,119.36000061035156,115.63999938964844,89.86000061035156,102.9000015258789,-0.016169573519660307,-0.016301727593207214,116.96399993896485,104.84619031633649,20.93000030517578,5780.0498046875
2024-10-11,113.98999786376952,117.43000030517578,110.62999725341795,101.33999633789062,103.94000244140624,-0.02929406823185232,-0.029731707467599393,117.63600006103516,105.32476152692523,20.459999084472656,5815.02978515625
2024-10-14,107.22000122070312,113.98999786376952,122.58000183105467,99.33999633789062,101.87999725341795,-0.05939114632809517,-0.06122789672375567,114.56399993896484,105.57904743012928,19.700000762939453,5859.85009765625
2024-10-15,112.9000015258789,107.22000122070312,114.81999969482422,110.13999938964844,106.66999816894533,0.05297519343880608,0.05161967488650621,114.18000030517578,105.87571425664993,20.639999389648438,5815.259765625
2024-10-16,111.62000274658205,112.9000015258789,119.36000061035156,107.97000122070312,107.19000244140624,-0.011337455819285025,-0.011402214704102213,112.63200073242187,106.08666665213448,19.579999923706055,5842.47021484375
2024-10-17,105.88999938964844,111.62000274658205,117.43000030517578,115.63999938964844,105.43000030517578,-0.05133491503259324,-0.052699456288479794,110.32400054931641,106.1085713704427,19.110000610351562,5841.47021484375
2024-10-18,100.9499969482422,105.88999938964844,113.98999786376952,110.62999725341795,97.45999908447266,-0.046652209555958835,-0.047775499149891126,107.71600036621093,106.27476174490792,18.030000686645508,5864.669921875
2024-10-21,102.95999908447266,100.9499969482422,107.22000122070312,122.58000183105467,94.2699966430664,0.019910868717123442,0.019715239867346284,106.86399993896484,106.68857138497489,18.3700008392334,5853.97998046875
2024-10-22,100.5,102.95999908447266,112.9000015258789,114.81999969482422,94.41000366210938,-0.02389276521316175,-0.024182826896672498,104.38399963378906,106.97857121058873,18.200000762939453,5851.2001953125
2024-10-23,108.11000061035156,100.5,111.62000274658205,119.36000061035156,90.93000030517578,0.0757213991079757,0.07299150545120267,103.68199920654297,107.79666646321614,19.239999771118164,5797.419921875
2024-10-24,109.83999633789062,108.11000061035156,105.88999938964844,117.43000030517578,90.4800033569336,0.016002180351235795,0.015875495168983324,104.47199859619141,108.71857089088077,19.079999923706055,5809.85986328125
2024-10-25,117.5,109.83999633789062,100.9499969482422,113.98999786376952,89.86000061035156,0.06973783610248496,0.06741360546489705,107.78199920654296,110.03476133800689,20.329999923706055,5808.1201171875
2024-10-28,112.2300033569336,117.5,102.95999908447266,107.22000122070312,101.33999633789062,-0.04485103526013967,-0.04588796664485308,109.63600006103516,110.55333310081845,19.799999237060547,5823.52001953125
2024-10-29,108.6999969482422,112.2300033569336,100.5,112.9000015258789,99.33999633789062,-0.03145332177764126,-0.03195860088724598,111.2759994506836,110.9990474155971,19.34000015258789,5832.919921875
2024-10-30,112.7699966430664,108.6999969482422,108.11000061035156,111.62000274658205,110.13999938964844,0.037442500543602986,0.03675855042411462,112.20799865722657,111.12428538004558,20.350000381469727,5813.669921875
2024-10-31,121.88999938964844,112.7699966430664,109.83999633789062,105.88999938964844,107.97000122070312,0.080872599255706,0.07776867718411917,114.61799926757813,111.78714243570964,23.15999984741211,5705.4501953125
2024-11-01,119.12000274658205,121.88999938964844,117.5,100.9499969482422,115.63999938964844,-0.022725380728007782,-0.022987582227324933,114.94199981689454,111.9528568812779,21.8799991607666,5728.7998046875
2024-11-04,121.8000030517578,119.12000274658205,112.2300033569336,102.95999908447266,110.62999725341795,0.022498323063988135,0.02224896889825547,116.85599975585937,112.48476191929409,21.979999542236328,5712.68994140625
2024-11-05,114.31999969482422,121.8000030517578,108.6999969482422,100.5,122.58000183105467,-0.06141217708964275,-0.06337884937915433,117.98000030517578,112.0914284842355,20.489999771118164,5782.759765625
2024-11-06,97.23999786376952,114.31999969482422,112.7699966430664,108.11000061035156,114.81999969482422,-0.14940519486222492,-0.16181940347284168,114.8740005493164,111.25428553989956,16.270000457763672,5929.0400390625
2024-11-07,88.5999984741211,97.23999786376952,121.88999938964844,109.83999633789062,119.36000061035156,-0.0888523198216522,-0.09305028709035756,108.21600036621093,109.78952353341239,15.199999809265137,5973.10009765625
2024-11-08,87.76000213623047,88.5999984741211,119.12000274658205,117.5,117.43000030517578,-0.009480771471299443,-0.009526000080218233,101.94400024414062,108.37666647774833,14.9399995803833,5995.5400390625
2024-11-11,90.7300033569336,87.76000213623047,121.8000030517578,112.2300033569336,113.98999786376952,0.03384231025989237,0.03328225987198749,95.73000030517578,107.26904769170852,14.970000267028809,6001.35009765625
2024-11-12,89.44999694824219,90.7300033569336,114.31999969482422,108.6999969482422,107.22000122070312,-0.01410786246370821,-0.014208324342879502,90.75599975585938,106.42285701206752,14.710000038146973,5983.990234375
2024-11-13,91.76000213623048,89.44999694824219,97.23999786376952,112.7699966430664,112.9000015258789,0.02582454183117422,0.025496720263928307,89.66000061035156,105.41619037446522,14.020000457763672,5985.3798828125
2024-11-14,90.43000030517578,91.76000213623048,88.5999984741211,121.88999938964844,111.62000274658205,-0.014494352660107013,-0.014600421974636433,90.0260009765625,104.40714263916016,14.3100004196167,5949.169921875
2024-11-15,98.93000030517578,90.43000030517578,87.76000213623047,119.12000274658205,105.88999938964844,0.09399535520640168,0.08983645829278897,92.26000061035157,104.07571411132812,16.139999389648438,5870.6201171875
2024-11-18,93.80999755859376,98.93000030517578,90.7300033569336,121.8000030517578,100.9499969482422,-0.05175379289182258,-0.053141098307047184,92.8759994506836,103.73571414039249,15.579999923706055,5893.6201171875
2024-11-19,97.37000274658205,93.80999755859376,89.44999694824219,114.31999969482422,102.95999908447266,0.037949102234702714,0.03724674908549825,94.46000061035156,103.46952383858817,16.350000381469727,5916.97998046875
2024-11-20,102.1999969482422,97.37000274658205,91.76000213623048,97.23999786376952,100.5,0.04960454005768944,0.04841346471061288,96.54799957275391,103.55047607421875,17.15999984741211,5917.10986328125
2024-11-21,101.3000030517578,102.1999969482422,90.43000030517578,88.5999984741211,108.11000061035156,-0.008806202772591032,-0.008845206528381819,98.72200012207031,103.22619047619048,16.8700008392334,5948.7099609375
2024-11-22,95.12999725341795,101.3000030517578,98.93000030517578,87.76000213623047,109.83999633789062,-0.06090824888906832,-0.06284209303409383,97.96199951171874,102.52571432931083,15.239999771118164,5969.33984375
2024-11-25,88.79000091552734,95.12999725341795,93.80999755859376,90.7300033569336,117.5,-0.06664560623292581,-0.06897030699109498,96.95800018310547,101.1585715157645,14.600000381469727,5987.3701171875
2024-11-26,87.70999908447266,88.79000091552734,97.37000274658205,89.44999694824219,112.2300033569336,-0.01216355242615863,-0.012238133830217154,95.0259994506836,99.99095226469494,14.100000381469727,6021.6298828125
2024-11-27,88.36000061035156,87.70999908447266,102.1999969482422,91.76000213623048,108.6999969482422,0.0074108030174859785,0.007383477934299363,92.25800018310547,99.02238101050968,14.100000381469727,5998.740234375
2024-11-29,86.31999969482422,88.36000061035156,101.3000030517578,90.43000030517578,112.7699966430664,-0.023087380052466355,-0.023358068044992856,89.26199951171876,97.76285734630767,13.510000228881836,6032.3798828125
2024-12-02,87.11000061035156,86.31999969482422,95.12999725341795,98.93000030517578,121.88999938964844,0.009152003224285332,0.009110377422998165,87.65800018310547,96.10666692824591,13.34000015258789,6047.14990234375
2024-12-03,86.43000030517578,87.11000061035156,88.79000091552734,93.80999755859376,119.12000274658205,-0.007806225466780337,-0.007836853542028864,87.18600006103516,94.5500001453218,13.300000190734863,6049.8798828125
2024-12-04,86.4800033569336,86.43000030517578,87.70999908447266,97.37000274658205,121.8000030517578,0.0005785381416321123,0.0005783708529602592,86.94000091552735,92.86809539794922,13.449999809265137,6086.490234375
2024-12-05,86.94999694824219,86.4800033569336,88.36000061035156,102.1999969482422,114.31999969482422,0.005434708291681689,0.0054199935540360945,86.65800018310547,91.56476193382626,13.539999961853027,6075.10986328125
2024-12-06,87.37999725341797,86.94999694824219,86.31999969482422,101.3000030517578,97.23999786376952,0.0049453745861745,0.0049331863882286385,86.86999969482422,91.0952380952381,12.770000457763672,6090.27001953125
2024-12-09,93.83999633789062,87.37999725341797,87.11000061035156,95.12999725341795,88.5999984741211,0.0739299529357671,0.0713247732295104,88.21599884033203,91.34476180303665,14.1899995803833,6052.85009765625
2024-12-10,94.3499984741211,93.83999633789062,86.43000030517578,88.79000091552734,87.76000213623047,0.005434805585393443,0.005420090321838363,89.7999984741211,91.65857115246001,14.180000305175781,6034.91015625
2024-12-11,98.12000274658205,94.3499984741211,86.4800033569336,87.70999908447266,90.7300033569336,0.039957650592808536,0.039179991740337865,92.12799835205078,92.01047588530041,13.579999923706055,6084.18994140625
2024-12-12,99.43000030517578,98.12000274658205,86.94999694824219,88.36000061035156,89.44999694824219,0.013350973521444987,0.013262634678875108,94.6239990234375,92.48571414039249,13.920000076293945,6051.25
2024-12-13,96.5,99.43000030517578,87.37999725341797,86.31999969482422,91.76000213623048,-0.029467970393069143,-0.029910873716294462,96.4479995727539,92.71142832438152,13.8100004196167,6051.08984375
2024-12-16,98.3499984741211,96.5,93.83999633789062,87.11000061035156,90.43000030517578,0.019170968643742015,0.01898952097534484,97.35,93.08857109433129,14.6899995803833,6074.080078125
2024-12-17,100.7300033569336,98.3499984741211,94.3499984741211,86.43000030517578,98.93000030517578,0.024199338278980687,0.023911173960359862,98.6260009765625,93.17428552536737,15.869999885559082,6050.60986328125
2024-12-18,129.7899932861328,100.7300033569336,98.12000274658205,86.4800033569336,93.80999755859376,0.28849388425240163,0.25347400469032744,104.95999908447266,94.88761865525018,27.6200008392334,5872.16015625
2024-12-19,136.2899932861328,129.7899932861328,99.43000030517578,86.94999694824219,97.37000274658205,0.050080902505867275,0.04886721120682067,112.33199768066406,96.74095153808594,24.09000015258789,5867.080078125
2024-12-20,114.01000213623048,136.2899932861328,96.5,87.37999725341797,102.1999969482422,-0.1634748862532175,-0.17849873659494464,115.83399810791016,97.30333273751395,18.360000610351562,5930.85009765625
2024-12-23,102.33999633789062,114.01000213623048,98.3499984741211,93.83999633789062,101.3000030517578,-0.10235949109443376,-0.10798561498965731,116.63199768066406,97.3528562273298,16.780000686645508,5974.06982421875
2024-12-24,91.0500030517578,102.33999633789062,100.7300033569336,94.3499984741211,95.12999725341795,-0.11031848436712122,-0.116891727902191,114.69599761962891,97.1585707891555,14.270000457763672,6040.0400390625
2024-12-26,92.7699966430664,91.0500030517578,129.7899932861328,98.12000274658205,88.79000091552734,0.01889064836528198,0.01871443578862795,107.29199829101563,97.3480943952288,14.729999542236328,6037.58984375
2024-12-27,98.80999755859376,92.7699966430664,136.2899932861328,99.43000030517578,87.70999908447266,0.06510726672510647,0.06307551401915432,99.7959991455078,97.87666575113933,15.949999809265137,5970.83984375
2024-12-30,103.0500030517578,98.80999755859376,114.01000213623048,96.5,88.36000061035156,0.042910693228686014,0.04201554745202565,97.60399932861328,98.57618967692058,17.399999618530273,5906.93994140625
2024-12-31,104.33000183105467,103.0500030517578,102.33999633789062,98.3499984741211,86.31999969482422,0.012421142565653076,0.012344633079675094,98.00200042724609,99.43380882626488,17.350000381469727,5881.6298828125
2025-01-02,106.58999633789062,104.33000183105467,91.0500030517578,100.7300033569336,87.11000061035156,0.021661980898798783,0.02143069431359197,101.10999908447266,100.36142767043341,17.93000030517578,5868.5498046875
2025-01-03,94.36000061035156,106.58999633789062,92.7699966430664,129.7899932861328,86.43000030517578,-0.11473868231283113,-0.12187240333627172,101.4279998779297,100.73904673258464,16.1299991607666,5942.47021484375
2025-01-06,95.88999938964844,94.36000061035156,98.80999755859376,136.2899932861328,86.4800033569336,0.016214484626964065,0.016084433792663885,100.84400024414063,101.18714178176154,16.040000915527344,5975.3798828125
2025-01-07,106.37000274658205,95.88999938964844,103.0500030517578,114.01000213623048,86.94999694824219,0.10929193266910109,0.10372191328412685,101.50800018310547,102.11190396263486,17.81999969482422,5909.02978515625
2025-01-08,103.93000030517578,106.37000274658205,104.33000183105467,102.33999633789062,87.37999725341797,-0.02293882089313637,-0.023206009547905408,101.4279998779297,102.8999993460519,17.700000762939453,5918.25
2025-01-10,115.48999786376952,103.93000030517578,106.58999633789062,91.0500030517578,93.83999633789062,0.111228687815351,0.10546632909320319,103.20800018310547,103.93095179966518,19.540000915527344,5827.0400390625
2025-01-13,110.94000244140624,115.48999786376952,94.36000061035156,92.7699966430664,94.3499984741211,-0.03939731151203585,-0.040194390996257996,106.52400054931641,104.72095198858352,19.190000534057617,5836.22021484375
2025-01-14,107.93000030517578,110.94000244140624,95.88999938964844,98.80999755859376,98.12000274658205,-0.027131801604387107,-0.02750666496884517,108.93200073242187,105.18809472946893,18.709999084472656,5842.91015625
2025-01-15,97.79000091552734,107.93000030517578,106.37000274658205,103.0500030517578,99.43000030517578,-0.09394977634556878,-0.09866053997842798,107.21600036621093,105.10999952043805,16.1200008392334,5949.91015625
2025-01-16,99.83999633789062,97.79000091552734,103.93000030517578,104.33000183105467,96.5,0.020963241672674604,0.020746536254974083,106.3979995727539,105.26904696509952,16.600000381469727,5937.33984375
2025-01-17,101.61000061035156,99.83999633789062,115.48999786376952,106.58999633789062,98.3499984741211,0.01772840882796789,0.017573093563260644,103.62200012207032,105.42428516206287,15.970000267028809,5996.66015625
2025-01-21,98.26000213623048,101.61000061035156,110.94000244140624,94.36000061035156,100.7300033569336,-0.032969180730226255,-0.033524913023503015,101.08600006103515,105.30666605631511,15.0600004196167,6049.240234375
2025-01-22,100.55999755859376,98.26000213623048,107.93000030517578,95.88999938964844,129.7899932861328,0.0234072396942806,0.023137491522793555,99.61199951171875,103.91476149786087,15.100000381469727,6086.3701171875
2025-01-23,99.5199966430664,100.55999755859376,97.79000091552734,106.37000274658205,136.2899932861328,-0.01034209368314054,-0.01039594474426392,99.95799865722657,102.16380927676246,15.020000457763672,6118.7099609375
2025-01-24,100.41000366210938,99.5199966430664,99.83999633789062,103.93000030517578,114.01000213623048,0.00894299687564315,0.008903245103281703,100.0720001220703,101.51619030180431,14.850000381469727,6101.240234375
2025-01-27,110.30999755859376,100.41000366210938,101.61000061035156,115.48999786376952,102.33999633789062,0.09859569301280935,0.09403272148615605,101.81199951171875,101.89571416945685,17.899999618530273,6012.27978515625
2025-01-28,103.73999786376952,110.30999755859376,98.26000213623048,110.94000244140624,91.0500030517578,-0.05955942199467856,-0.061406813517964794,102.90799865722656,102.49999963669549,16.40999984741211,6067.7001953125
2025-01-29,101.68000030517578,103.73999786376952,100.55999755859376,107.93000030517578,92.7699966430664,-0.019857312521819326,-0.02005711844856187,103.13199920654297,102.92428552536737,16.559999465942383,6039.31005859375
2025-01-30,98.31999969482422,101.68000030517578,99.5199966430664,97.79000091552734,98.80999755859376,-0.033044852480990095,-0.033603167728657984,102.89199981689453,102.9009522937593,15.84000015258789,6071.169921875
2025-01-31,101.5,98.31999969482422,100.41000366210938,99.83999633789062,103.0500030517578,0.032343371796645703,0.03183133632796614,103.10999908447266,102.82714262462798,16.43000030517578,6040.52978515625
2025-02-03,109.01000213623048,101.5,110.30999755859376,101.61000061035156,104.33000183105467,0.07399016882985698,0.0713808422550719,102.85,103.0499997820173,18.6200008392334,5994.56982421875
2025-02-04,100.87999725341795,109.01000213623048,103.73999786376952,98.26000213623048,106.58999633789062,-0.07458035706349597,-0.07750797630647979,102.27799987792969,102.77809506370907,17.209999084472656,6037.8798828125
2025-02-05,97.29000091552734,100.87999725341795,101.68000030517578,100.55999755859376,94.36000061035156,-0.035586800511822725,-0.036235446032805485,101.4,102.91761888776507,15.770000457763672,6061.47998046875
2025-02-06,96.7699966430664,97.29000091552734,98.31999969482422,99.5199966430664,95.88999938964844,-0.0053448891722432945,-0.005359224194595136,101.08999938964844,102.9595235188802,15.5,6083.56982421875
2025-02-07,101.48999786376952,96.7699966430664,101.5,100.41000366210938,106.37000274658205,0.04877546124252441,0.04762325620901347,101.08799896240234,102.72714233398438,16.540000915527344,6025.990234375
2025-02-10,99.1500015258789,101.48999786376952,109.01000213623048,110.30999755859376,103.93000030517578,-0.023056423166267104,-0.023326380056641574,99.11599884033203,102.49952334449405,15.8100004196167,6066.43994140625
2025-02-11,99.81999969482422,99.1500015258789,100.87999725341795,103.73999786376952,115.48999786376952,0.006757419653397045,0.006734690628796849,98.90399932861328,101.75333295549665,16.020000457763672,6068.5
2025-02-12,98.73999786376952,99.81999969482422,97.29000091552734,101.68000030517578,110.94000244140624,-0.0108194934317426,-0.010878449788390301,99.19399871826172,101.17238035656158,15.890000343322754,6051.97021484375
2025-02-13,95.4800033569336,98.73999786376952,96.7699966430664,98.31999969482422,107.93000030517578,-0.033015946702102394,-0.03357327456668305,98.93600006103516,100.57952335902623,15.100000381469727,6115.06982421875
2025-02-14,96.9000015258789,95.4800033569336,101.48999786376952,101.5,97.79000091552734,0.014872204849395665,0.014762698014535782,98.01800079345703,100.53714243570964,14.770000457763672,6114.6298828125
2025-02-18,98.5,96.9000015258789,99.1500015258789,109.01000213623048,99.83999633789062,0.016511851898101115,0.016377013534378343,97.88800048828125,100.47333308628627,15.350000381469727,6129.580078125
2025-02-19,95.5500030517578,98.5,99.81999969482422,100.87999725341795,101.61000061035156,-0.029949207596367544,-0.030406845552904554,97.03400115966795,100.18476177397228,15.270000457763672,6144.14990234375
2025-02-20,94.98999786376952,95.5500030517578,98.73999786376952,97.29000091552734,98.26000213623048,-0.005860859969674004,-0.0058781022120517066,96.28400115966797,100.02904728480748,15.65999984741211,6117.52001953125
2025-02-21,105.70999908447266,94.98999786376952,95.4800033569336,96.7699966430664,100.55999755859376,0.11285400001879453,0.1069278867067398,98.33000030517579,100.27428545270648,18.209999084472656,6013.1298828125
2025-02-24,106.8000030517578,105.70999908447266,96.9000015258789,101.48999786376952,99.5199966430664,0.010311266452799117,0.010258467980778608,100.31000061035157,100.62095242454892,18.979999542236328,5983.25
2025-02-25,108.47000122070312,106.8000030517578,98.5,99.1500015258789,100.41000366210938,0.015636686528332833,0.01551569320535253,102.30400085449219,101.00476183210101,19.43000030517578,5955.25
2025-02-26,106.0500030517578,108.47000122070312,95.5500030517578,99.81999969482422,110.30999755859376,-0.02231029908464166,-0.022562938518672783,104.40400085449218,100.8019049508231,19.100000381469727,5956.06005859375
2025-02-27,114.79000091552734,106.0500030517578,94.98999786376952,98.73999786376952,103.73999786376952,0.08241393316607426,0.07919367026579181,108.36400146484375,101.32809557233539,21.1299991607666,5861.56982421875
2025-02-28,108.98999786376952,114.79000091552734,105.70999908447266,95.4800033569336,101.68000030517578,-0.05052707557713132,-0.05184826475209984,109.02000122070312,101.67619069417317,19.6299991607666,5954.5
2025-03-03,118.73999786376952,108.98999786376952,106.8000030517578,96.9000015258789,98.31999969482422,0.0894577501706797,0.08568009555072782,111.40800018310547,102.64857155936105,22.780000686645508,5849.72021484375
2025-03-04,118.55999755859376,118.73999786376952,108.47000122070312,98.5,101.5,-0.001515919727253734,-0.0015170698960861788,113.42599945068359,103.46095239548455,23.510000228881836,5778.14990234375
2025-03-05,109.62999725341795,118.55999755859376,106.0500030517578,95.5500030517578,109.01000213623048,-0.07532051694554476,-0.07830810632236786,114.14199829101562,103.49047597249348,21.93000030517578,5842.6298828125
2025-03-06,120.81999969482422,109.62999725341795,114.79000091552734,94.98999786376952,100.87999725341795,0.10207062593953853,0.09719079755147296,115.347998046875,104.43999989827473,24.8700008392334,5738.52001953125
2025-03-07,115.7300033569336,120.81999969482422,108.98999786376952,105.70999908447266,97.29000091552734,-0.04212875642068614,-0.04304191131813976,116.69599914550781,105.31809525262742,23.3700008392334,5770.2001953125
2025-03-10,128.4600067138672,115.7300033569336,118.73999786376952,106.8000030517578,96.7699966430664,0.10999743357538683,0.10435770322732377,118.64000091552734,106.82714335123698,27.860000610351562,5614.56005859375
2025-03-11,129.50999450683594,128.4600067138672,118.55999755859376,108.47000122070312,101.48999786376952,0.008173655130716995,0.008140431726607063,120.83000030517579,108.16142890566871,26.920000076293945,5572.06982421875
2025-03-12,115.88999938964844,129.50999450683594,109.62999725341795,106.0500030517578,99.1500015258789,-0.10516559103450962,-0.1111165957408609,122.08200073242188,108.95857166108631,24.229999542236328,5599.2998046875
2025-03-13,112.88999938964844,115.88999938964844,120.81999969482422,114.79000091552734,99.81999969482422,-0.02588661675554349,-0.026227572212802728,120.49600067138672,109.58095259893508,24.65999984741211,5521.52001953125
2025-03-14,98.2300033569336,112.88999938964844,115.7300033569336,108.98999786376952,98.73999786376952,-0.12986089212486174,-0.13910218600585397,116.99600067138672,109.5566671462286,21.770000457763672,5638.93994140625
2025-03-17,95.93000030517578,98.2300033569336,128.4600067138672,118.73999786376952,95.4800033569336,-0.02341446577580175,-0.023692939849907023,110.48999938964843,109.57809557233539,20.510000228881836,5675.1201171875
2025-03-18,99.68000030517578,95.93000030517578,129.50999450683594,118.55999755859376,96.9000015258789,0.03909100373262131,0.03834629608960745,104.52400054931641,109.71047646658761,21.700000762939453,5614.66015625
2025-03-19,93.2300033569336,99.68000030517578,115.88999938964844,109.62999725341795,98.5,-0.06470703178666903,-0.06689546378508562,99.99200134277343,109.4595242454892,19.899999618530273,5675.2900390625
2025-03-20,89.94999694824219,93.2300033569336,112.88999938964844,120.81999969482422,95.5500030517578,-0.03518187590462496,-0.03581566784633926,95.40400085449218,109.19285728817894,19.799999237060547,5662.89013671875
2025-03-21,87.98999786376953,89.94999694824219,98.2300033569336,115.7300033569336,94.98999786376952,-0.02178987382957276,-0.02203077908990891,93.35599975585937,108.85952395484561,19.280000686645508,5667.56005859375
2025-03-24,81.88999938964844,87.98999786376953,95.93000030517578,128.4600067138672,105.70999908447266,-0.06932604412112175,-0.0718462715505772,90.54799957275391,107.72523825509208,17.479999542236328,5767.56982421875
2025-03-25,87.45999908447266,81.88999938964844,99.68000030517578,129.50999450683594,106.8000030517578,0.06801806980509406,0.0658046596880327,88.10399932861328,106.80428568522136,17.149999618530273,5776.64990234375
2025-03-26,90.23999786376952,87.45999908447266,93.2300033569336,115.88999938964844,108.47000122070312,0.03178594567113846,0.03129122856016219,87.50599822998046,105.93619028727214,18.329999923706055,5712.2001953125
2025-03-27,89.51000213623047,90.23999786376952,89.94999694824219,112.88999938964844,106.0500030517578,-0.008089491853059294,-0.008122389328304062,87.41799926757812,105.14857119605655,18.690000534057617,5693.31005859375
2025-03-28,102.44000244140624,89.51000213623047,87.98999786376953,98.2300033569336,114.79000091552734,0.14445313368998525,0.13492691041519478,90.30800018310546,104.56047603062221,21.649999618530273,5580.93994140625
2025-03-31,99.12000274658205,102.44000244140624,81.88999938964844,95.93000030517578,108.98999786376952,-0.03240921139886899,-0.03294602013332025,93.75400085449219,104.09047626313709,22.280000686645508,5611.85009765625
2025-04-01,97.5500030517578,99.12000274658205,87.45999908447266,99.68000030517578,118.73999786376952,-0.015839383084343073,-0.015966166677395553,95.77200164794922,103.08142889113654,21.770000457763672,5633.06982421875
2025-04-02,118.37000274658205,97.5500030517578,90.23999786376952,93.2300033569336,118.55999755859376,0.2134290009583868,0.1934502368160081,101.39800262451172,103.07238151913597,21.510000228881836,5670.97021484375
2025-04-03,119.4800033569336,118.37000274658205,89.51000213623047,89.94999694824219,109.62999725341795,0.009377380963046411,0.00933368627494078,107.39200286865234,103.5414294288272,30.020000457763672,5396.52001953125
2025-04-04,147.16000366210938,119.4800033569336,102.44000244140624,87.98999786376953,120.81999969482422,0.23167056852588774,0.20837143367769057,116.33600311279297,104.79571533203125,45.310001373291016,5074.080078125
2025-04-07,152.6300048828125,147.16000366210938,99.12000274658205,81.88999938964844,115.7300033569336,0.037170434116478246,0.03649626879640562,127.03800354003906,106.55285826183501,46.97999954223633,5062.25
2025-04-08,170.9199981689453,152.6300048828125,97.5500030517578,87.45999908447266,128.4600067138672,0.11983222630553958,0.11317887614468844,141.71200256347657,108.57476261683873,52.33000183105469,4982.77001953125
2025-04-09,142.5,170.9199981689453,118.37000274658205,90.23999786376952,129.50999450683594,-0.16627661170961194,-0.18185360035418482,146.53800201416016,109.1933343069894,33.619998931884766,5456.89990234375
2025-04-10,157.24000549316406,142.5,119.4800033569336,89.51000213623047,115.88999938964844,0.10343863503974782,0.09843133577985622,154.09000244140626,111.16238221668061,40.720001220703125,5268.0498046875
2025-04-11,147.35000610351562,157.24000549316406,147.16000366210938,102.44000244140624,112.88999938964844,-0.06289747547788271,-0.06496258488296759,154.1280029296875,112.80333491734096,37.560001373291016,5363.35986328125
2025-04-14,122.31999969482422,147.35000610351562,152.6300048828125,99.12000274658205,98.2300033569336,-0.16986769848592642,-0.18617019147968378,148.06600189208984,113.95047760009766,30.889999389648438,5405.97021484375
2025-04-15,115.88999938964844,122.31999969482422,170.9199981689453,97.5500030517578,95.93000030517578,-0.05256703990531364,-0.053999099046256,137.06000213623048,114.90095374697731,30.1200008392334,5396.6298828125
2025-04-16,122.91000366210938,115.88999938964844,142.5,118.37000274658205,99.68000030517578,0.060574720074491495,0.05881094994228323,133.14200286865236,116.00714438302177,32.63999938964844,5275.7001953125
2025-04-17,116.26000213623048,122.91000366210938,157.24000549316406,119.4800033569336,93.2300033569336,-0.054104640206181664,-0.05562332937413729,124.94600219726563,117.10381099155971,29.649999618530273,5282.7001953125
2025-04-21,124.11000061035156,116.26000213623048,147.35000610351562,147.16000366210938,89.94999694824219,0.06752105909066342,0.06533919341145727,120.29800109863281,118.73047783261254,33.81999969482422,5158.2001953125
2025-04-22,112.95999908447266,124.11000061035156,122.31999969482422,152.6300048828125,87.98999786376953,-0.08983967022032968,-0.09413450841920615,118.4260009765625,119.91952550978888,30.56999969482422,5287.759765625
2025-04-23,109.0199966430664,112.95999908447266,115.88999938964844,170.9199981689453,81.88999938964844,-0.03487962529514432,-0.03550244479582273,117.0520004272461,121.21143014090401,28.450000762939453,5375.85986328125
2025-04-24,102.9800033569336,109.0199966430664,122.91000366210938,142.5,87.45999908447266,-0.0554026185297718,-0.056996493628315555,113.06600036621094,121.95047796340216,26.469999313354492,5484.77001953125
2025-04-25,98.9499969482422,102.9800033569336,116.26000213623048,157.24000549316406,90.23999786376952,-0.039133873347461434,-0.039920186008751316,109.60399932861328,122.36523982456752,24.84000015258789,5525.2099609375
2025-04-28,103.38999938964844,98.9499969482422,124.11000061035156,147.35000610351562,89.51000213623047,0.0448711731009821,0.0438935984880495,105.45999908447266,123.02619207473029,25.149999618530273,5528.75
2025-04-29,101.30999755859376,103.38999938964844,112.95999908447266,122.31999969482422,102.44000244140624,-0.020118017635494145,-0.020323140727999,103.12999877929687,122.97238231840588,24.170000076293945,5560.830078125
2025-04-30,102.29000091552734,101.30999755859376,109.0199966430664,115.88999938964844,99.12000274658205,0.009673313399961136,0.009626826452015175,101.78399963378908,123.12333461216518,24.700000762939453,5569.06005859375
2025-05-01,102.30999755859376,102.29000091552734,102.9800033569336,122.91000366210938,97.5500030517578,0.00019548971441429863,0.00019547060879000587,101.6499984741211,123.35000101725261,24.600000381469727,5604.14013671875
2025-05-02,97.26000213623048,102.30999755859376,98.9499969482422,116.26000213623048,118.37000274658205,-0.049359745311997605,-0.05061956908825613,101.31199951171875,122.34476289295014,22.68000030517578,5686.669921875
2025-05-05,101.16999816894533,97.26000213623048,103.38999938964844,124.11000061035156,119.4800033569336,0.040201480020925606,0.039414425179246794,100.86799926757813,121.47285788399833,23.639999389648438,5650.3798828125
2025-05-06,104.31999969482422,101.16999816894533,101.30999755859376,112.95999908447266,147.16000366210938,0.031135727813483394,0.030660843133953532,101.46999969482422,119.43285769507999,24.760000228881836,5606.91015625
2025-05-07,99.81999969482422,104.31999969482422,102.29000091552734,109.0199966430664,152.6300048828125,-0.043136503193675346,-0.044094534268759145,100.97599945068359,116.91809554327102,23.549999237060547,5631.27978515625
2025-05-08,96.29000091552734,99.81999969482422,102.30999755859376,102.9800033569336,170.9199981689453,-0.03536364245731316,-0.03600408022398872,99.77200012207031,113.36428615025112,22.479999542236328,5663.93994140625
2025-05-09,96.3499984741211,96.29000091552734,97.26000213623048,98.9499969482422,142.5,0.0006230923047387815,0.0006228982633282917,99.58999938964844,111.16666702997117,21.899999618530273,5659.91015625
2025-05-12,87.93000030517578,96.3499984741211,101.16999816894533,103.38999938964844,157.24000549316406,-0.0873897073408555,-0.09144633216196371,96.94199981689454,107.86619059244792,18.389999389648438,5844.18994140625
2025-05-13,91.58999633789062,87.93000030517578,104.31999969482422,101.30999755859376,147.35000610351562,0.041623973842968454,0.04078100856959224,94.39599914550782,105.21095203218006,18.219999313354492,5886.5498046875
2025-05-14,97.16000366210938,91.58999633789062,99.81999969482422,102.29000091552734,122.31999969482422,0.06081458179854127,0.059037086394333936,93.86399993896484,104.01285698300316,18.6200008392334,5892.580078125
2025-05-15,94.11000061035156,97.16000366210938,96.29000091552734,102.30999755859376,115.88999938964844,-0.03139154937009603,-0.03189482446929563,93.4279998779297,102.97571418398903,17.829999923706055,5916.93017578125
2025-05-16,94.94000244140624,94.11000061035156,96.3499984741211,97.26000213623048,122.91000366210938,0.008819485980997577,0.008780821482217075,93.14600067138672,101.64380936395554,17.239999771118164,5958.3798828125
2025-05-19,96.88999938964844,94.94000244140624,87.93000030517578,101.16999816894533,116.26000213623048,0.02053925529911038,0.020331169259059076,94.93800048828125,100.72142828078498,18.139999389648438,5963.60009765625
2025-05-20,96.62000274658205,96.88999938964844,91.58999633789062,104.31999969482422,124.11000061035156,-0.002786630661236633,-0.0027905205445837925,95.94400177001953,99.41238076346261,18.09000015258789,5940.4599609375
2025-05-21,106.3000030517578,96.62000274658205,97.16000366210938,99.81999969482422,112.95999908447266,0.10018629714350924,0.09547952650391692,97.77200164794922,99.0952380952381,20.8700008392334,5844.60986328125
2025-05-22,104.0999984741211,106.3000030517578,94.11000061035156,96.29000091552734,109.0199966430664,-0.02069618546074281,-0.02091335309371352,99.77000122070312,98.86095246814546,20.280000686645508,5842.009765625
2025-05-23,109.76000213623048,104.0999984741211,94.94000244140624,96.3499984741211,102.9800033569336,0.0543708332860009,0.05294422247721157,102.73400115966797,99.18380955287388,22.290000915527344,5802.81982421875
2025-05-27,96.48999786376952,109.76000213623048,96.88999938964844,87.93000030517578,98.9499969482422,-0.1209001823450283,-0.12885682954742164,102.65400085449218,99.06666673932757,18.959999084472656,5921.5400390625
2025-05-28,97.1500015258789,96.48999786376952,96.62000274658205,91.58999633789062,103.38999938964844,0.006840125160342714,0.006816837636976508,102.76000061035157,98.76952398390998,19.309999465942383,5888.5498046875
2025-05-29,95.31999969482422,97.1500015258789,106.3000030517578,97.16000366210938,101.30999755859376,-0.01883686878344737,-0.019016542500922082,100.56399993896484,98.48428599039714,19.18000030517578,5912.169921875
2025-05-30,95.1500015258789,95.31999969482422,104.0999984741211,94.11000061035156,102.29000091552734,-0.0017834470152074955,-0.001785039250228342,98.77400054931641,98.14428601946149,18.56999969482422,5911.68994140625
2025-06-02,91.83999633789062,95.1500015258789,109.76000213623048,94.94000244140624,102.30999755859376,-0.03478723210622359,-0.035406717082349486,95.18999938964843,97.64571453276135,18.360000610351562,5935.93994140625
2025-06-03,90.88999938964844,91.83999633789062,96.48999786376952,96.88999938964844,97.26000213623048,-0.010344043838449557,-0.010397915280969578,94.06999969482422,97.34238106863839,17.690000534057617,5970.3701171875
2025-06-04,90.79000091552734,90.88999938964844,97.1500015258789,96.62000274658205,101.16999816894533,-0.001100214267714894,-0.0011008199477249498,92.79799957275391,96.8480954851423,17.610000610351562,5970.81005859375
2025-06-05,93.1999969482422,90.79000091552734,95.31999969482422,106.3000030517578,104.31999969482422,0.026544729688428692,0.02619853147968607,92.3739990234375,96.31857154482887,18.479999542236328,5939.2998046875
2025-06-06,89.44999694824219,93.1999969482422,95.1500015258789,104.0999984741211,99.81999969482422,-0.04023605281964271,-0.041067913109547355,91.23399810791015,95.82476189022972,16.770000457763672,6000.35986328125
2025-06-09,88.97000122070312,89.44999694824219,91.83999633789062,109.76000213623048,96.29000091552734,-0.0053660787469540505,-0.005380527860749062,90.65999908447266,95.47619047619048,17.15999984741211,6005.8798828125
2025-06-10,92.05999755859376,88.97000122070312,90.88999938964844,96.48999786376952,96.3499984741211,0.03473076649988416,0.03414126389230011,90.89399871826173,95.27190471830822,16.950000762939453,6038.81005859375
2025-06-11,99.0199966430664,92.05999755859376,90.79000091552734,97.1500015258789,87.93000030517578,0.07560285975505043,0.07288130416233896,92.53999786376954,95.7999997820173,17.260000228881836,6022.240234375
2025-06-12,103.04000091552734,99.0199966430664,93.1999969482422,95.31999969482422,91.58999633789062,0.0405979035421673,0.039795455209502825,94.50799865722657,96.3452380952381,18.020000457763672,6045.259765625
2025-06-13,113.37000274658205,103.04000091552734,89.44999694824219,95.1500015258789,97.16000366210938,0.10025234607211697,0.09553955901500848,99.29199981689453,97.11714281354632,20.81999969482422,5976.97021484375
2025-06-16,106.19000244140624,113.37000274658205,88.97000122070312,91.83999633789062,94.11000061035156,-0.06333245242328689,-0.06542686484953834,102.73600006103516,97.69238099597749,19.110000610351562,6033.10986328125
2025-06-17,115.5,106.19000244140624,92.05999755859376,90.88999938964844,94.94000244140624,0.0876730138859434,0.08404056455517023,107.4240005493164,98.67142849876767,21.600000381469727,5982.72021484375
2025-06-18,106.1999969482422,115.5,99.0199966430664,90.79000091552734,96.88999938964844,-0.0805195069416259,-0.08394644988995927,108.86000061035156,99.11476171584357,20.139999389648438,5980.8701171875
2025-06-20,108.86000061035156,106.1999969482422,103.04000091552734,93.1999969482422,96.62000274658205,0.02504711618217592,0.02473857854092191,110.02400054931641,99.69761875697544,20.6200008392334,5967.83984375
2025-06-23,104.31999969482422,108.86000061035156,113.37000274658205,89.44999694824219,106.3000030517578,-0.04170495030380916,-0.04259956335984946,108.21399993896485,99.60333288283576,19.829999923706055,6025.169921875
2025-06-24,92.29000091552734,104.31999969482422,106.19000244140624,88.97000122070312,104.0999984741211,-0.11531824016956682,-0.12252729205536195,105.43399963378906,99.04095204671223,17.479999542236328,6092.18017578125
2025-06-25,89.6500015258789,92.29000091552734,115.5,92.05999755859376,109.76000213623048,-0.028605475820341786,-0.029022586126057306,100.26399993896484,98.08333297002883,16.760000228881836,6092.16015625
2025-06-26,89.5999984741211,89.6500015258789,106.1999969482422,99.0199966430664,96.48999786376952,-0.0005577585154126208,-0.0005579141205561311,96.94400024414062,97.75523776099796,16.59000015258789,6141.02001953125
2025-06-27,91.83999633789062,89.5999984741211,108.86000061035156,103.04000091552734,97.1500015258789,0.024999976583889083,0.02469258974538498,93.53999938964844,97.50238037109375,16.31999969482422,6173.06982421875
2025-06-30,89.73999786376953,91.83999633789062,104.31999969482422,113.37000274658205,95.31999969482422,-0.022865837955774126,-0.023131315953197333,90.6239990234375,97.23666599818638,16.729999542236328,6204.9501953125
2025-07-01,89.54000091552734,89.73999786376953,92.29000091552734,106.19000244140624,95.1500015258789,-0.0022286266213845662,-0.002231113705568436,90.0739990234375,96.96952311197917,16.829999923706055,6198.009765625
2025-07-02,89.80000305175781,89.54000091552734,89.6500015258789,115.5,91.83999633789062,0.0029037540046013,0.0028995462544878416,90.10399932861328,96.87238057454427,16.639999389648438,6227.419921875
2025-07-03,90.5999984741211,89.80000305175781,89.5999984741211,106.1999969482422,90.88999938964844,0.008908634690159012,0.008869186914909554,90.30399932861329,96.85857100713821,16.3799991607666,6279.35009765625
2025-07-07,96.3000030517578,90.5999984741211,91.83999633789062,108.86000061035156,90.79000091552734,0.06291395887015216,0.06101415428718852,91.19600067138671,97.12095206124442,17.790000915527344,6229.97998046875
2025-07-08,91.30999755859376,96.3000030517578,89.73999786376953,104.31999969482422,93.1999969482422,-0.05181729319865214,-0.05320806660349904,91.51000061035157,97.03095209030877,16.809999465942383,6225.52001953125
2025-07-09,91.76000213623048,91.30999755859376,89.54000091552734,92.29000091552734,89.44999694824219,0.00492831661010551,0.004916212211051119,91.9540008544922,97.14095233735584,15.9399995803833,6263.259765625
2025-07-10,90.94000244140624,91.76000213623048,89.80000305175781,89.6500015258789,88.97000122070312,-0.008936352176701634,-0.008976520858538659,92.18200073242187,97.23476191929409,15.779999732971191,6280.4599609375
2025-07-11,93.52999877929688,90.94000244140624,90.5999984741211,89.5999984741211,92.05999755859376,0.028480275658222087,0.028082252151793788,92.76800079345703,97.3047619774228,16.399999618530273,6259.75
2025-07-14,95.75,93.52999877929688,96.3000030517578,91.83999633789062,99.0199966430664,0.023735713136719516,0.02345840066575652,92.65800018310547,97.1490478515625,17.200000762939453,6268.56005859375
2025-07-15,94.66000366210938,95.75,91.30999755859376,89.73999786376953,103.04000091552734,-0.011383773763870786,-0.011449064895675827,93.3280014038086,96.75000036330451,17.3799991607666,6243.759765625
2025-07-16,95.55999755859376,94.66000366210938,91.76000213623048,89.54000091552734,113.37000274658205,0.009507646964571626,0.009462733744117081,94.08800048828125,95.9019048781622,17.15999984741211,6263.7001953125
2025-07-17,92.9000015258789,95.55999755859376,90.94000244140624,89.80000305175781,106.19000244140624,-0.02783587380361585,-0.028230634664442568,94.48000030517578,95.26904769170852,16.520000457763672,6297.35986328125
2025-07-18,93.1500015258789,92.9000015258789,93.52999877929688,90.5999984741211,115.5,0.0026910656178014136,0.002687451183722518,94.40400085449218,94.2047620500837,16.40999984741211,6296.7900390625
2025-07-21,92.26000213623048,93.1500015258789,95.75,96.3000030517578,106.1999969482422,-0.009554475309387578,-0.00960041214434241,93.70600128173828,93.54095277332124,16.649999618530273,6305.60009765625
2025-07-22,90.58000183105467,92.26000213623048,94.66000366210938,91.30999755859376,108.86000061035156,-0.018209411080384874,-0.0183772429412877,92.89000091552734,92.67047664097377,16.5,6309.6201171875
2025-07-23,88.04000091552734,90.58000183105467,95.55999755859376,91.76000213623048,104.31999969482422,-0.02804151980770342,-0.028442191285592673,91.38600158691406,91.8952386038644,15.369999885559082,6358.91015625
2025-07-24,89.75,88.04000091552734,92.9000015258789,90.94000244140624,92.29000091552734,0.01942297894923195,0.01923676031113431,90.75600128173828,91.77428617931548,15.390000343322754,6363.35009765625
2025-07-25,90.58999633789062,89.75,93.1500015258789,93.52999877929688,89.6500015258789,0.009359290672876108,0.009315763887712209,90.24400024414062,91.81904783703033,14.930000305175781,6388.64013671875
2025-07-28,88.58999633789062,90.58999633789062,92.26000213623048,95.75,89.5999984741211,-0.022077492889393868,-0.02232484816988881,89.50999908447265,91.77095249720982,15.029999732971191,6389.77001953125
2025-07-29,95.13999938964844,88.58999633789062,90.58000183105467,94.66000366210938,91.83999633789062,0.07393614767490764,0.07133054150262463,90.4219985961914,91.92809549967448,15.979999542236328,6370.85986328125
2025-07-30,94.33000183105467,95.13999938964844,88.04000091552734,95.55999755859376,89.73999786376953,-0.008513743575679467,-0.00855019251591516,91.67999877929688,92.14666711716424,15.479999542236328,6362.89990234375
2025-07-31,98.37000274658205,94.33000183105467,89.75,92.9000015258789,89.54000091552734,0.04282837736781797,0.041936615372676685,93.40399932861328,92.56714339483352,16.719999313354492,6339.39013671875
2025-08-01,109.79000091552734,98.37000274658205,90.58999633789062,93.1500015258789,89.80000305175781,0.11609228270904048,0.10983355113993867,97.24400024414062,93.51904805501302,20.3799991607666,6238.009765625
2025-08-04,95.8499984741211,109.79000091552734,88.58999633789062,92.26000213623048,90.5999984741211,-0.12696969054706286,-0.13578500501332932,98.69600067138671,93.76904805501302,17.520000457763672,6329.93994140625
2025-08-05,97.6500015258789,95.8499984741211,95.13999938964844,90.58000183105467,96.3000030517578,0.018779374860854015,0.01860521937648051,99.19800109863282,93.83333369663784,17.850000381469727,6299.18994140625
2025-08-06,97.80999755859376,97.6500015258789,94.33000183105467,88.04000091552734,91.30999755859376,0.0016384642111086922,0.0016371233930116622,99.89400024414063,94.14285750616165,16.770000457763672,6345.06005859375
2025-08-07,97.37000274658205,97.80999755859376,98.37000274658205,89.75,91.76000213623048,-0.004498464604787866,-0.004508613143352582,99.69400024414064,94.41000039236886,16.56999969482422,6340.0
2025-08-08,93.13999938964844,97.37000274658205,109.79000091552734,90.58999633789062,90.94000244140624,-0.043442572020283676,-0.04441445219717106,96.36399993896485,94.51476215180897,15.149999618530273,6389.4501953125
2025-08-11,97.08999633789062,93.13999938964844,95.8499984741211,88.58999633789062,93.52999877929688,0.04240924387080458,0.04153461466216877,96.61199951171876,94.68428584507534,16.25,6373.4501953125
2025-08-12,92.86000061035156,97.08999633789062,97.6500015258789,95.13999938964844,95.75,-0.04356778130692185,-0.044545356498754435,95.6539993286133,94.54666682652065,14.729999542236328,6445.759765625
2025-08-13,98.16999816894533,92.86000061035156,97.80999755859376,94.33000183105467,94.66000366210938,0.05718282924501539,0.05560766188796351,95.72599945068359,94.71380942208427,14.489999771118164,6466.580078125
2025-08-14,98.04000091552734,98.16999816894533,97.37000274658205,98.37000274658205,95.55999755859376,-0.0013242055194323532,-0.0013250830543377922,95.85999908447266,94.83190482003349,14.829999923706055,6468.5400390625
2025-08-15,97.8499984741211,98.04000091552734,93.13999938964844,109.79000091552734,92.9000015258789,-0.0019380093801708576,-0.0019398897501922633,96.80199890136718,95.06761896042596,15.09000015258789,6449.7998046875
2025-08-18,96.62999725341795,97.8499984741211,97.08999633789062,95.8499984741211,93.1500015258789,-0.012468076031966424,-0.012546454660506115,96.70999908447266,95.23333304268974,14.989999771118164,6449.14990234375
2025-08-19,102.08999633789062,96.62999725341795,92.86000061035156,97.6500015258789,92.26000213623048,0.056504183376446804,0.054965517722023995,98.55599822998047,95.70142800467355,15.569999694824219,6411.3701171875
2025-08-20,98.5999984741211,102.08999633789062,98.16999816894533,97.80999755859376,90.58000183105467,-0.03418550287942579,-0.03478349517639719,98.64199829101562,96.08333260672433,15.6899995803833,6395.77978515625
2025-08-21,99.98999786376952,98.5999984741211,98.04000091552734,97.37000274658205,88.04000091552734,0.0140973571111489,0.013998913490172175,99.03199768066406,96.65238008045014,16.600000381469727,6370.169921875
2025-08-22,89.77999877929688,99.98999786376952,97.8499984741211,93.13999938964844,89.75,-0.10211020404644033,-0.1077079398661347,97.41799774169922,96.65380859375,14.220000267028809,6466.91015625
2025-08-25,92.3000030517578,89.77999877929688,96.62999725341795,97.08999633789062,90.58999633789062,0.02806866013281817,0.027681954815088828,96.55199890136717,96.73523748488654,14.789999961853027,6439.31982421875
2025-08-26,91.6500015258789,92.3000030517578,102.08999633789062,92.86000061035156,88.58999633789062,-0.007042269820017211,-0.0070671836375780055,94.46399993896483,96.88095201764789,14.619999885559082,6465.93994140625
2025-08-27,94.93000030517578,91.6500015258789,98.5999984741211,98.16999816894533,95.13999938964844,0.03578831123500548,0.03516279017375991,93.73000030517576,96.87095206124442,14.850000381469727,6481.39990234375
2025-08-28,92.02999877929688,94.93000030517578,99.98999786376952,98.04000091552734,94.33000183105467,-0.030548841425852125,-0.031025183521874066,92.13800048828125,96.76142810639881,14.430000305175781,6501.85986328125
2025-08-29,97.16999816894533,92.02999877929688,89.77999877929688,97.8499984741211,98.37000274658205,0.05585134692846205,0.0543474054209419,93.61600036621094,96.70428503127326,15.359999656677246,6460.259765625
2025-09-02,103.87999725341795,97.16999816894533,92.3000030517578,96.62999725341795,109.79000091552734,0.0690542267254779,0.06677435734707651,95.93199920654297,96.42285628545852,17.170000076293945,6415.5400390625
2025-09-03,99.62000274658205,103.87999725341795,91.6500015258789,102.08999633789062,95.8499984741211,-0.04100880457710776,-0.041873385138871316,97.5259994506836,96.60238029843285,16.350000381469727,6448.259765625
2025-09-04,95.27999877929688,99.62000274658205,94.93000030517578,98.5999984741211,97.6500015258789,-0.04356558770958352,-0.044543062980426706,97.59599914550782,96.48952302478608,15.300000190734863,6502.080078125
2025-09-05,93.05999755859376,95.27999877929688,92.02999877929688,99.98999786376952,97.80999755859376,-0.023299761221087345,-0.023575492053551136,97.8019989013672,96.26333254859561,15.180000305175781,6481.5
2025-09-08,92.29000091552734,93.05999755859376,97.16999816894533,89.77999877929688,97.37000274658205,-0.008274195822771224,-0.008308616984148216,96.8259994506836,96.02142769949776,15.109999656677246,6495.14990234375
2025-09-09,93.16000366210938,92.29000091552734,103.87999725341795,92.3000030517578,93.13999938964844,0.009426836471464917,0.009382681128430086,94.68200073242188,96.02238028390067,15.039999961853027,6512.60986328125
2025-09-10,100.52999877929688,93.16000366210938,99.62000274658205,91.6500015258789,97.08999633789062,0.07911115100336863,0.07613769394862395,94.86399993896484,96.18618992396763,15.350000381469727,6532.0400390625
2025-09-11,96.31999969482422,100.52999877929688,95.27999877929688,94.93000030517578,92.86000061035156,-0.04187803775582721,-0.04278019988249591,95.0720001220703,96.35095178513299,14.710000038146973,6587.47021484375
2025-09-12,96.77999877929688,96.31999969482422,93.05999755859376,92.02999877929688,98.16999816894533,0.0047757380183772735,0.004764370359839254,95.81600036621094,96.28476133800689,14.760000228881836,6584.2900390625
2025-09-15,99.5500030517578,96.77999877929688,92.29000091552734,97.16999816894533,98.04000091552734,0.028621660543495242,0.02821971241373573,97.26800079345703,96.3566662016369,15.6899995803833,6615.27978515625
2025-09-16,104.0999984741211,99.5500030517578,93.16000366210938,103.87999725341795,97.8499984741211,0.045705628155507716,0.044691899797371946,99.45599975585938,96.65428524925595,16.360000610351562,6606.759765625
2025-09-17,96.16999816894533,104.0999984741211,100.52999877929688,99.62000274658205,96.62999725341795,-0.07617675717014671,-0.07923452127848427,98.58399963378906,96.63238053094773,15.720000267028809,6600.35009765625
2025-09-18,97.27999877929688,96.16999816894533,96.31999969482422,95.27999877929688,102.08999633789062,0.01154206750011122,0.011475965984890124,98.7759994506836,96.40333302815755,15.699999809265137,6631.9599609375
2025-09-19,96.9000015258789,97.27999877929688,96.77999877929688,93.05999755859376,98.5999984741211,-0.003906221815237476,-0.003913871025845725,98.8,96.32238079252697,15.449999809265137,6664.35986328125
2025-09-22,99.75,96.9000015258789,99.5500030517578,92.29000091552734,99.98999786376952,0.029411748495792756,0.028987521126307987,98.83999938964844,96.31095232282367,16.100000381469727,6693.75
2025-09-23,101.2300033569336,99.75,104.0999984741211,93.16000366210938,89.77999877929688,0.014837126385299104,0.014728133002136972,98.26600036621093,96.85619063604446,16.639999389648438,6656.919921875
2025-09-24,99.98999786376952,101.2300033569336,96.16999816894533,100.52999877929688,92.3000030517578,-0.012249387059603878,-0.012325029148793411,99.03000030517578,97.22238086518787,16.18000030517578,6637.97021484375
2025-09-25,100.33999633789062,99.98999786376952,97.27999877929688,96.31999969482422,91.6500015258789,0.0035003348494713205,0.0034942229357858784,99.64199981689453,97.63619014195034,16.739999771118164,6604.72021484375
2025-09-26,93.4000015258789,100.33999633789062,96.9000015258789,96.77999877929688,94.93000030517578,-0.06916479036576384,-0.07167302098727223,98.94199981689454,97.56333305722191,15.289999961853027,6643.7001953125
2025-09-29,96.73999786376952,93.4000015258789,99.75,99.5500030517578,92.02999877929688,0.03576013151311552,0.03513558374082291,98.33999938964843,97.78761872791108,16.1200008392334,6661.2099609375
2025-09-30,95.88999938964844,96.73999786376952,101.2300033569336,104.0999984741211,97.16999816894533,-0.00878642229575044,-0.008825250512185169,97.2719985961914,97.72666640508743,16.280000686645508,6688.4599609375
2025-10-01,93.22000122070312,95.88999938964844,99.98999786376952,96.16999816894533,103.87999725341795,-0.027844386129316723,-0.02823939076100993,95.91799926757812,97.21904754638672,16.290000915527344,6711.2001953125
2025-10-02,94.0999984741211,93.22000122070312,100.33999633789062,97.27999877929688,99.62000274658205,0.009440004740340235,0.009395726336372182,94.66999969482421,96.95619020007905,16.6299991607666,6715.35009765625
